layer_id,value_text,occurrences,proposed_code,match_method,similarity_score
"ACTIONS_EVENTS","Clinician positioning device near patient's face","3","USING_DEVICE","trigram","0.692"
"ACTIONS_EVENTS","Subject standing still with eyes closed","3","STANDING","containment","1.000"
"ACTIONS_EVENTS","Clinician applying device to patient's face","2","USING_DEVICE","trigram","0.692"
"ACTIONS_EVENTS","Man standing still with eyes closed","2","STANDING","containment","1.000"
"ACTIONS_EVENTS","Practitioner applying device to patient's face","2","USING_DEVICE","trigram","0.692"
"ACTIONS_EVENTS","Practitioner holding syringe near patient's face","2","HOLDING_SYRINGE","containment","1.000"
"ACTIONS_EVENTS","Provider holding device handpiece near patient","2","USING_DEVICE","trigram","0.692"
"ACTIONS_EVENTS","Subject posed for a profile photograph","2","PHOTOGRAPHING","trigram","0.714"
"ACTIONS_EVENTS","Subject standing still for a posed photograph","2","STANDING","containment","1.000"
"ACTIONS_EVENTS","Subject standing still for a posed photograph","2","PHOTOGRAPHING","trigram","0.714"
"ACTIONS_EVENTS","Adjusting device settings via touchscreen","1","USING_DEVICE","trigram","0.692"
"ACTIONS_EVENTS","Attendant applies light-emitting device near patient's eye","1","USING_DEVICE","trigram","0.692"
"ACTIONS_EVENTS","Attendant applies light-emitting device near patient's eye","1","SITTING","trigram","0.625"
"ACTIONS_EVENTS","Attendant leaning over and touching patient's head/face","1","TOUCHING","containment","1.000"
"ACTIONS_EVENTS","Attendant touches/examines the man's scalp with a gloved hand","1","EXAMINING","trigram","0.600"
"ACTIONS_EVENTS","Clinician applies a light-emitting handpiece to the face","1","SITTING","trigram","0.625"
"ACTIONS_EVENTS","Clinician applying device to patient's forehead","1","USING_DEVICE","trigram","0.692"
"ACTIONS_EVENTS","Clinician directing device near forehead with red targeting dot","1","USING_DEVICE","trigram","0.692"
"ACTIONS_EVENTS","Clinician directing handpiece emitting light onto patient's face","1","SITTING","trigram","0.625"
"ACTIONS_EVENTS","Clinician directs a laser handpiece emitting light onto the patient's scalp and face","1","SITTING","trigram","0.625"
"ACTIONS_EVENTS","Clinician directs a light-emitting handheld device toward patient's face","1","SITTING","trigram","0.625"
"ACTIONS_EVENTS","Clinician examining/touching marks on skin","1","EXAMINING","containment","1.000"
"ACTIONS_EVENTS","Clinician examining/touching marks on skin","1","TOUCHING","containment","1.000"
"ACTIONS_EVENTS","Clinician examining/touching marks on skin","1","MARKING","trigram","0.750"
"ACTIONS_EVENTS","Clinician holding a device near patient's covered upper body","1","USING_DEVICE","trigram","0.600"
"ACTIONS_EVENTS","Clinician holding and applying device tip to patient's face","1","USING_DEVICE","trigram","0.692"
"ACTIONS_EVENTS","Clinician holding device against scalp","1","USING_DEVICE","trigram","0.692"
"ACTIONS_EVENTS","Clinician holding device near patient's eye area, light active","1","USING_DEVICE","trigram","0.692"
"ACTIONS_EVENTS","Clinician holding device near patient's face","1","USING_DEVICE","trigram","0.692"
"ACTIONS_EVENTS","Clinician holding device near scalp","1","USING_DEVICE","trigram","0.692"
"ACTIONS_EVENTS","Clinician holding device tip against patient's forehead","1","USING_DEVICE","trigram","0.692"
"ACTIONS_EVENTS","Clinician holding small pointed tool near arm","1","HOLDING_SYRINGE","trigram","0.600"
"ACTIONS_EVENTS","Clinician holding syringe near patient's face while stabilizing head","1","HOLDING_SYRINGE","containment","1.000"
"ACTIONS_EVENTS","Clinician holding syringe near patient's neck","1","HOLDING_SYRINGE","containment","1.000"
"ACTIONS_EVENTS","Clinician holding syringe near subject's neck/jaw","1","HOLDING_SYRINGE","containment","1.000"
"ACTIONS_EVENTS","Clinician holds device against patient's chin/neck emitting green light","1","SITTING","trigram","0.625"
"ACTIONS_EVENTS","Clinician holds device against patient's scalp emitting red light","1","SITTING","trigram","0.625"
"ACTIONS_EVENTS","Clinician holds syringe near patient's forehead while stabilizing head","1","HOLDING_SYRINGE","trigram","0.706"
"ACTIONS_EVENTS","Clinician inserting syringe into patient's neck, then withdrawing","1","HOLDING_SYRINGE","trigram","0.600"
"ACTIONS_EVENTS","Clinician looking down at patient's face while patient remains still","1","LYING_DOWN","trigram","0.636"
"ACTIONS_EVENTS","Clinician positioning device and touching patient's face","1","TOUCHING","containment","1.000"
"ACTIONS_EVENTS","Clinician positioning device and touching patient's face","1","USING_DEVICE","trigram","0.692"
"ACTIONS_EVENTS","Clinician positioning device close to patient's face","1","USING_DEVICE","trigram","0.692"
"ACTIONS_EVENTS","Clinician positioning device near patient's cheek/nose area","1","USING_DEVICE","trigram","0.692"
"ACTIONS_EVENTS","Clinician positioning device near patient's eye/eyebrow","1","USING_DEVICE","trigram","0.692"
"ACTIONS_EVENTS","Clinician positioning device near patient's eye/forehead area","1","USING_DEVICE","trigram","0.692"
"ACTIONS_EVENTS","Clinician positioning device over patient's face","1","USING_DEVICE","trigram","0.692"
"ACTIONS_EVENTS","Clinician positioning glowing device near patient's eye area","1","USING_DEVICE","trigram","0.692"
"ACTIONS_EVENTS","Clinician touching patient's cheek/temple with gloved hand","1","TOUCHING","containment","1.000"
"ACTIONS_EVENTS","Clinician touching patient's nose/upper lip area","1","TOUCHING","containment","1.000"
"ACTIONS_EVENTS","Clinician touching/adjusting patient's face area","1","TOUCHING","containment","1.000"
"ACTIONS_EVENTS","Clinician touching/examining scalp with gloved hand","1","EXAMINING","containment","1.000"
"ACTIONS_EVENTS","Clinician touching/examining scalp with gloved hand","1","TOUCHING","containment","1.000"
"ACTIONS_EVENTS","Clinicians handling small instruments near patient","1","SMILING","trigram","0.625"
"ACTIONS_EVENTS","Clothing pulled back to expose skin for viewing","1","VIEWING_MIRROR","trigram","0.600"
"ACTIONS_EVENTS","Device applied to jaw; syringe held near skin","1","HOLDING_SYRINGE","trigram","0.600"
"ACTIONS_EVENTS","Device applied to patient's cheek emitting light","1","SITTING","trigram","0.625"
"ACTIONS_EVENTS","Device emitting light being applied to patient's cheek/jaw","1","SITTING","trigram","0.625"
"ACTIONS_EVENTS","Device held against scalp emitting red light","1","SITTING","trigram","0.625"
"ACTIONS_EVENTS","Device held against skin, emitting light","1","SITTING","trigram","0.625"
"ACTIONS_EVENTS","Device held near chin and face examined","1","EXAMINING","trigram","0.600"
"ACTIONS_EVENTS","Device held near chin during close examination","1","EXAMINING","trigram","0.600"
"ACTIONS_EVENTS","Device held near scalp with visible aiming point","1","POINTING","trigram","0.778"
"ACTIONS_EVENTS","Device held near/against neck skin emitting light","1","SITTING","trigram","0.625"
"ACTIONS_EVENTS","Device running with active timer counting down","1","LYING_DOWN","trigram","0.636"
"ACTIONS_EVENTS","Device tip positioned near or touching skin surface","1","TOUCHING","containment","1.000"
"ACTIONS_EVENTS","Device tip touching the patient's cheek while hand steadies skin","1","TOUCHING","containment","1.000"
"ACTIONS_EVENTS","Devices held near face during recording","1","RECORDING_VIDEO","trigram","0.625"
"ACTIONS_EVENTS","Drawing marker lines on scalp","1","MARKING","trigram","0.750"
"ACTIONS_EVENTS","Examining scalp with small instrument","1","EXAMINING","containment","1.000"
"ACTIONS_EVENTS","Facial points and lines are being marked","1","MARKING","trigram","0.750"
"ACTIONS_EVENTS","Finger pointing to and touching tattoo","1","TOUCHING","containment","1.000"
"ACTIONS_EVENTS","Finger pointing to and touching tattoo","1","POINTING","containment","1.000"
"ACTIONS_EVENTS","Gloved finger pressing device control panel","1","USING_DEVICE","trigram","0.769"
"ACTIONS_EVENTS","Gloved hand examining/pointing to marks on skin","1","EXAMINING","containment","1.000"
"ACTIONS_EVENTS","Gloved hand examining/pointing to marks on skin","1","POINTING","containment","1.000"
"ACTIONS_EVENTS","Gloved hand holding a light-emitting instrument near the person's cheek","1","SITTING","trigram","0.625"
"ACTIONS_EVENTS","Gloved hand holding device near chin/cheek","1","USING_DEVICE","trigram","0.692"
"ACTIONS_EVENTS","Gloved hand holding scalp near an instrument tip","1","HOLDING_SYRINGE","trigram","0.600"
"ACTIONS_EVENTS","Gloved hand holding syringe near woman's cheek while device rests on forehead","1","HOLDING_SYRINGE","containment","1.000"
"ACTIONS_EVENTS","Gloved hand holds syringe near cheek while another hand holds a massage device near forehead","1","HOLDING_SYRINGE","trigram","0.706"
"ACTIONS_EVENTS","Gloved hand holds syringe near forehead while another applies a facial device","1","HOLDING_SYRINGE","trigram","0.706"
"ACTIONS_EVENTS","Gloved hand holds syringe near jaw, other hand holds pen-like tool","1","HOLDING_SYRINGE","trigram","0.706"
"ACTIONS_EVENTS","Gloved hand holds syringe near reclined person's face while other hand presses gauze","1","HOLDING_SYRINGE","trigram","0.706"
"ACTIONS_EVENTS","Gloved hand parting hair/touching scalp","1","TOUCHING","containment","1.000"
"ACTIONS_EVENTS","Gloved hand positioning a device near the cheek/chin","1","USING_DEVICE","trigram","0.600"
"ACTIONS_EVENTS","Gloved hand positioning a light-emitting device near the face","1","USING_DEVICE","trigram","0.692"
"ACTIONS_EVENTS","Gloved hand positioning a light-emitting device near the face","1","SITTING","trigram","0.625"
"ACTIONS_EVENTS","Gloved hand positioning a pointed instrument at the skin","1","POINTING","trigram","0.636"
"ACTIONS_EVENTS","Gloved hand positioning device near chin","1","USING_DEVICE","trigram","0.692"
"ACTIONS_EVENTS","Gloved hand positioning device near chin skin","1","USING_DEVICE","trigram","0.692"
"ACTIONS_EVENTS","Gloved hand positioning device near facial skin","1","USING_DEVICE","trigram","0.692"
"ACTIONS_EVENTS","Gloved hand positioning syringe near jaw while device touches face","1","HOLDING_SYRINGE","trigram","0.600"
"ACTIONS_EVENTS","Gloved hand positioning syringe near scalp","1","HOLDING_SYRINGE","trigram","0.600"
"ACTIONS_EVENTS","Gloved hand touching cheek near eye shield","1","TOUCHING","containment","1.000"
"ACTIONS_EVENTS","Gloved hand touching scalp/hair while woman holds phone","1","TOUCHING","containment","1.000"
"ACTIONS_EVENTS","Gloved hand touching the cheek","1","TOUCHING","containment","1.000"
"ACTIONS_EVENTS","Gloved hand touching/examining scalp","1","TOUCHING","containment","1.000"
"ACTIONS_EVENTS","Gloved hand touching/examining scalp","1","EXAMINING","containment","1.000"
"ACTIONS_EVENTS","Gloved hand touching/parting hair near scalp","1","TOUCHING","containment","1.000"
"ACTIONS_EVENTS","Gloved hand working near marked skin area","1","MARKING","trigram","0.615"
"ACTIONS_EVENTS","Gloved hands manipulating hair and holding a device near the scalp","1","USING_DEVICE","trigram","0.600"
"ACTIONS_EVENTS","Gloved hands placed on and examining scalp","1","EXAMINING","containment","1.000"
"ACTIONS_EVENTS","Gloved hands positioning a device against the chin","1","USING_DEVICE","trigram","0.600"
"ACTIONS_EVENTS","Gloved hands touching and positioning the head","1","TOUCHING","containment","1.000"
"ACTIONS_EVENTS","Gloved hands touching man's forehead and jaw","1","TOUCHING","containment","1.000"
"ACTIONS_EVENTS","Gloved hands touching/wiping face and neck","1","TOUCHING","containment","1.000"
"ACTIONS_EVENTS","Hairline markings drawn on scalp","1","MARKING","trigram","0.875"
"ACTIONS_EVENTS","Hand adjusting device settings and touching handpiece","1","TOUCHING","containment","1.000"
"ACTIONS_EVENTS","Hand adjusting device settings and touching handpiece","1","USING_DEVICE","trigram","0.692"
"ACTIONS_EVENTS","Hand adjusting device settings on touchscreen","1","USING_DEVICE","trigram","0.692"
"ACTIONS_EVENTS","Hand adjusting device touchscreen/controls","1","USING_DEVICE","trigram","0.692"
"ACTIONS_EVENTS","Hand applying/holding device near neck and patch on back","1","USING_DEVICE","trigram","0.692"
"ACTIONS_EVENTS","Hand holding pointed instrument near scalp","1","POINTING","trigram","0.778"
"ACTIONS_EVENTS","Hand holding syringe near marked scalp while another hand stabilizes head","1","HOLDING_SYRINGE","containment","1.000"
"ACTIONS_EVENTS","Hand placing/adjusting a device and patch on the neck and shoulder","1","USING_DEVICE","trigram","0.600"
"ACTIONS_EVENTS","Hand pointing to/touching control panel","1","TOUCHING","containment","1.000"
"ACTIONS_EVENTS","Hand pointing to/touching control panel","1","POINTING","containment","1.000"
"ACTIONS_EVENTS","Hand pointing/adjusting screen setting, other hand holding handpiece","1","POINTING","containment","1.000"
"ACTIONS_EVENTS","Hand pressing device touchscreen buttons","1","USING_DEVICE","trigram","0.769"
"ACTIONS_EVENTS","Hand pressing touchscreen buttons to adjust settings","1","TOUCHING","trigram","0.778"
"ACTIONS_EVENTS","Hands parting hair and examining scalp","1","EXAMINING","containment","1.000"
"ACTIONS_EVENTS","Hands parting hair and pressing device to scalp","1","USING_DEVICE","trigram","0.769"
"ACTIONS_EVENTS","Head shown reclined and static for viewing","1","VIEWING_MIRROR","trigram","0.600"
"ACTIONS_EVENTS","Head tilted back for scalp photography","1","PHOTOGRAPHING","trigram","0.714"
"ACTIONS_EVENTS","Head tilted downward for the photograph","1","PHOTOGRAPHING","trigram","0.714"
"ACTIONS_EVENTS","Head turning and tilting back","1","TURNING","containment","1.000"
"ACTIONS_EVENTS","Instrument held close to skin, emitting bright light","1","SITTING","trigram","0.625"
"ACTIONS_EVENTS","Instrument tip held close to/touching skin surface","1","TOUCHING","containment","1.000"
"ACTIONS_EVENTS","Instrument tip held/touching skin near jaw and mouth","1","TOUCHING","containment","1.000"
"ACTIONS_EVENTS","Instrument tip positioned close to/touching skin near jaw","1","TOUCHING","containment","1.000"
"ACTIONS_EVENTS","Instrument tip touching/near skin","1","TOUCHING","containment","1.000"
"ACTIONS_EVENTS","Man holds syringe near reclined woman's face","1","HOLDING_SYRINGE","trigram","0.706"
"ACTIONS_EVENTS","Man posing for a photograph, looking to the side","1","PHOTOGRAPHING","trigram","0.714"
"ACTIONS_EVENTS","Man posing for a photograph, looking to the side","1","POSING_FOR_CAMERA","trigram","0.611"
"ACTIONS_EVENTS","Man standing/posing with eyes closed","1","STANDING","containment","1.000"
"ACTIONS_EVENTS","Marking forehead near hairline","1","MARKING","containment","1.000"
"ACTIONS_EVENTS","Marking near ear/jaw with a pen-like tool","1","MARKING","containment","1.000"
"ACTIONS_EVENTS","Marking near ear/jaw, then phone held to face","1","MARKING","containment","1.000"
"ACTIONS_EVENTS","Marking pen held near hairline, hand stabilizing jaw","1","MARKING","containment","1.000"
"ACTIONS_EVENTS","Marking pen positioned near hairline while neck is held","1","MARKING","containment","1.000"
"ACTIONS_EVENTS","Marking skin with a pen and holding/pressing shoulder","1","MARKING","containment","1.000"
"ACTIONS_EVENTS","Marking skin with pen and holding shoulder","1","MARKING","containment","1.000"
"ACTIONS_EVENTS","Marking skin with pen and holding shoulder","1","HOLDING_SYRINGE","trigram","0.600"
"ACTIONS_EVENTS","Markings drawn on scalp and hairline","1","MARKING","trigram","0.875"
"ACTIONS_EVENTS","Needle tip placed against skin with syringe held by gloved hand","1","HOLDING_SYRINGE","trigram","0.600"
"ACTIONS_EVENTS","Parting hair and holding device near scalp","1","USING_DEVICE","trigram","0.692"
"ACTIONS_EVENTS","People standing and moving in reception","1","STANDING","containment","1.000"
"ACTIONS_EVENTS","Person bowing head forward while photographed from above","1","PHOTOGRAPHING","trigram","0.714"
"ACTIONS_EVENTS","Person looking off to the side, smiling slightly","1","SMILING","containment","1.000"
"ACTIONS_EVENTS","Person photographing the device screen","1","PHOTOGRAPHING","containment","1.000"
"ACTIONS_EVENTS","Person posed for a profile photograph with hair held back","1","PHOTOGRAPHING","trigram","0.714"
"ACTIONS_EVENTS","Person posing for a frontal photograph","1","PHOTOGRAPHING","trigram","0.714"
"ACTIONS_EVENTS","Person posing for a frontal photograph","1","POSING_FOR_CAMERA","trigram","0.611"
"ACTIONS_EVENTS","Person posing for a photograph with eyes closed","1","PHOTOGRAPHING","trigram","0.714"
"ACTIONS_EVENTS","Person posing for a photograph with eyes closed","1","POSING_FOR_CAMERA","trigram","0.611"
"ACTIONS_EVENTS","Person posing for a portrait","1","POSING_FOR_CAMERA","trigram","0.611"
"ACTIONS_EVENTS","Person pressing device touchscreen","1","USING_DEVICE","trigram","0.769"
"ACTIONS_EVENTS","Person pressing touchscreen buttons on device","1","TOUCHING","trigram","0.778"
"ACTIONS_EVENTS","Person reclining for a photograph","1","PHOTOGRAPHING","trigram","0.714"
"ACTIONS_EVENTS","Person seated and still for the photograph","1","PHOTOGRAPHING","trigram","0.714"
"ACTIONS_EVENTS","Person sitting still for overhead photograph","1","SITTING","containment","1.000"
"ACTIONS_EVENTS","Person sitting still for overhead photograph","1","PHOTOGRAPHING","trigram","0.714"
"ACTIONS_EVENTS","Person sitting still, looking off to the side","1","SITTING","containment","1.000"
"ACTIONS_EVENTS","Person sitting, gazing to the side","1","SITTING","containment","1.000"
"ACTIONS_EVENTS","Person standing near a draped patient under light","1","STANDING","containment","1.000"
"ACTIONS_EVENTS","Person standing still for a photograph with eyes closed","1","STANDING","containment","1.000"
"ACTIONS_EVENTS","Person standing still for a photograph with eyes closed","1","PHOTOGRAPHING","trigram","0.714"
"ACTIONS_EVENTS","Person standing still, facing away from camera","1","STANDING","containment","1.000"
"ACTIONS_EVENTS","Person standing still, head photographed from above","1","STANDING","containment","1.000"
"ACTIONS_EVENTS","Person standing still, head photographed from above","1","PHOTOGRAPHING","trigram","0.714"
"ACTIONS_EVENTS","Person touching device touchscreen with index finger","1","TOUCHING","containment","1.000"
"ACTIONS_EVENTS","Person touching device touchscreen with index finger","1","USING_DEVICE","trigram","0.692"
"ACTIONS_EVENTS","Person turning head between the two frames","1","TURNING","containment","1.000"
"ACTIONS_EVENTS","Person's head bowed forward while being photographed","1","PHOTOGRAPHING","trigram","0.857"
"ACTIONS_EVENTS","Photo being taken of smiling woman","1","SMILING","containment","1.000"
"ACTIONS_EVENTS","Posing for a frontal photograph","1","PHOTOGRAPHING","trigram","0.714"
"ACTIONS_EVENTS","Posing for a frontal photograph","1","POSING_FOR_CAMERA","trigram","0.611"
"ACTIONS_EVENTS","Practitioner adjusting mask while reaching toward patient's face","1","TOUCHING","trigram","0.667"
"ACTIONS_EVENTS","Practitioner applies a handheld light-emitting device to patient's cheek","1","USING_DEVICE","trigram","0.692"
"ACTIONS_EVENTS","Practitioner applies a handheld light-emitting device to patient's cheek","1","SITTING","trigram","0.625"
"ACTIONS_EVENTS","Practitioner applying device to patient's face while adjusting eyewear","1","USING_DEVICE","trigram","0.692"
"ACTIONS_EVENTS","Practitioner applying device to patient's neck/jaw skin","1","USING_DEVICE","trigram","0.692"
"ACTIONS_EVENTS","Practitioner holding a syringe near patient's face","1","HOLDING_SYRINGE","trigram","0.882"
"ACTIONS_EVENTS","Practitioner holding and positioning device near client's forehead","1","USING_DEVICE","trigram","0.692"
"ACTIONS_EVENTS","Practitioner holding device against patient's cheek","1","USING_DEVICE","trigram","0.692"
"ACTIONS_EVENTS","Practitioner holding device close to patient's face","1","USING_DEVICE","trigram","0.692"
"ACTIONS_EVENTS","Practitioner holding device near client's cheek","1","USING_DEVICE","trigram","0.692"
"ACTIONS_EVENTS","Practitioner holding device near patient's face","1","USING_DEVICE","trigram","0.692"
"ACTIONS_EVENTS","Practitioner holding shield and instrument near patient's eye","1","HOLDING_SYRINGE","trigram","0.600"
"ACTIONS_EVENTS","Practitioner holding syringe near jaw/neck","1","HOLDING_SYRINGE","containment","1.000"
"ACTIONS_EVENTS","Practitioner holds a syringe near client's forehead while pressing a cotton pad","1","HOLDING_SYRINGE","trigram","0.632"
"ACTIONS_EVENTS","Practitioner holds a syringe near patient's cheek/jaw across frames","1","HOLDING_SYRINGE","trigram","0.632"
"ACTIONS_EVENTS","Practitioner holds a syringe near the client's cheek/under-eye area","1","HOLDING_SYRINGE","trigram","0.632"
"ACTIONS_EVENTS","Practitioner holds syringe near client's forehead while pressing cotton pad","1","HOLDING_SYRINGE","trigram","0.706"
"ACTIONS_EVENTS","Practitioner holds syringe near client's head while client remains still","1","HOLDING_SYRINGE","trigram","0.706"
"ACTIONS_EVENTS","Practitioner holds syringe near subject's jaw while subject's head position changes","1","HOLDING_SYRINGE","trigram","0.706"
"ACTIONS_EVENTS","Practitioner parting and examining hair with a tool","1","EXAMINING","containment","1.000"
"ACTIONS_EVENTS","Practitioner parting/examining hair while client checks phone mirror","1","EXAMINING","containment","1.000"
"ACTIONS_EVENTS","Practitioner parts hair with comb while holding a syringe-like instrument near the scalp","1","HOLDING_SYRINGE","trigram","0.882"
"ACTIONS_EVENTS","Practitioner positioning device against patient's arm","1","USING_DEVICE","trigram","0.692"
"ACTIONS_EVENTS","Practitioner positioning device near chin","1","USING_DEVICE","trigram","0.692"
"ACTIONS_EVENTS","Practitioner positioning device near patient's chin","1","USING_DEVICE","trigram","0.692"
"ACTIONS_EVENTS","Practitioner positioning device over head","1","USING_DEVICE","trigram","0.692"
"ACTIONS_EVENTS","Practitioner positioning syringe near client's scalp","1","HOLDING_SYRINGE","trigram","0.600"
"ACTIONS_EVENTS","Practitioner positioning syringe near patient's face while device is held on forehead","1","HOLDING_SYRINGE","trigram","0.600"
"ACTIONS_EVENTS","Practitioner positions and activates a light-emitting handpiece near patient's face","1","SITTING","trigram","0.625"
"ACTIONS_EVENTS","Practitioner touching client's face/chin","1","TOUCHING","containment","1.000"
"ACTIONS_EVENTS","Practitioner touching patient's forehead and jaw","1","TOUCHING","containment","1.000"
"ACTIONS_EVENTS","Practitioner touching/examining client's face","1","EXAMINING","containment","1.000"
"ACTIONS_EVENTS","Practitioner touching/examining client's face","1","TOUCHING","containment","1.000"
"ACTIONS_EVENTS","Practitioner touching/parting client's hair","1","TOUCHING","containment","1.000"
"ACTIONS_EVENTS","Provider handling small tool near patient's forehead","1","SMILING","trigram","0.625"
"ACTIONS_EVENTS","Provider holding syringe near patient's face while device rests on forehead","1","HOLDING_SYRINGE","containment","1.000"
"ACTIONS_EVENTS","Provider positioning device above client's head","1","USING_DEVICE","trigram","0.692"
"ACTIONS_EVENTS","Scalp bears completed marker markings","1","MARKING","trigram","0.875"
"ACTIONS_EVENTS","Scalp marking with pen; background person holding a bottle near the setting","1","MARKING","containment","1.000"
"ACTIONS_EVENTS","Staff discussing, holding signs, using phone","1","DISCUSSING","containment","1.000"
"ACTIONS_EVENTS","Staff discussing, holding signs, using phone","1","HOLDING_SYRINGE","trigram","0.600"
"ACTIONS_EVENTS","Staff handling device and instrument near scalp","1","USING_DEVICE","trigram","0.692"
"ACTIONS_EVENTS","Staff holding phone up, talking to visitor","1","TALKING","containment","1.000"
"ACTIONS_EVENTS","Staff holding phone up, talking to visitor","1","WALKING","trigram","0.625"
"ACTIONS_EVENTS","Staff member examines/positions device near patient's head","1","EXAMINING","trigram","0.600"
"ACTIONS_EVENTS","Staff member handling device near client's scalp","1","USING_DEVICE","trigram","0.692"
"ACTIONS_EVENTS","Staff member holding syringe near patient's face while device rests on forehead","1","HOLDING_SYRINGE","containment","1.000"
"ACTIONS_EVENTS","Staff member leaning over and touching patient's arm while another holds a phone","1","TOUCHING","containment","1.000"
"ACTIONS_EVENTS","Staff member leaning over and touching patient's chin","1","TOUCHING","containment","1.000"
"ACTIONS_EVENTS","Staff member leaning over and touching patient's chin/jaw area","1","TOUCHING","containment","1.000"
"ACTIONS_EVENTS","Staff member leaning over and touching the patient's forehead","1","TOUCHING","containment","1.000"
"ACTIONS_EVENTS","Staff member photographing the visitor at the reception counter","1","PHOTOGRAPHING","containment","1.000"
"ACTIONS_EVENTS","Staff member touching/examining patient's face with gloved hand","1","TOUCHING","containment","1.000"
"ACTIONS_EVENTS","Staff member touching/examining patient's face with gloved hand","1","EXAMINING","containment","1.000"
"ACTIONS_EVENTS","Staff member touching/working on patient's forehead","1","TOUCHING","containment","1.000"
"ACTIONS_EVENTS","Staff standing/sitting at desk, one looking at screen","1","STANDING","containment","1.000"
"ACTIONS_EVENTS","Staff standing/sitting at desk, one looking at screen","1","SITTING","containment","1.000"
"ACTIONS_EVENTS","Staff standing/sitting at desk, one looking at screen","1","LOOKING_AT_CAMERA","trigram","0.611"
"ACTIONS_EVENTS","Staff standing/working at reception desk","1","STANDING","containment","1.000"
"ACTIONS_EVENTS","Standing person leans over and manipulates the seated person's hair/scalp with gloved hands","1","STANDING","containment","1.000"
"ACTIONS_EVENTS","Standing, then leaning over desk with phone","1","STANDING","containment","1.000"
"ACTIONS_EVENTS","Subject facing camera for a photograph","1","POSING_FOR_CAMERA","trigram","0.722"
"ACTIONS_EVENTS","Subject facing camera for a photograph","1","PHOTOGRAPHING","trigram","0.714"
"ACTIONS_EVENTS","Subject facing camera for a posed photograph","1","POSING_FOR_CAMERA","trigram","0.800"
"ACTIONS_EVENTS","Subject facing camera for a posed photograph","1","PHOTOGRAPHING","trigram","0.714"
"ACTIONS_EVENTS","Subject holding head bowed forward for photograph","1","PHOTOGRAPHING","trigram","0.714"
"ACTIONS_EVENTS","Subject holding head bowed forward for the photograph","1","PHOTOGRAPHING","trigram","0.714"
"ACTIONS_EVENTS","Subject holding still with eyes closed, head lowered","1","HOLDING_SYRINGE","trigram","0.600"
"ACTIONS_EVENTS","Subject holding still with head tilted down for scalp photography","1","PHOTOGRAPHING","trigram","0.714"
"ACTIONS_EVENTS","Subject holding still with head tilted down for scalp photography","1","HOLDING_SYRINGE","trigram","0.600"
"ACTIONS_EVENTS","Subject holding still, facing away from camera","1","HOLDING_SYRINGE","trigram","0.600"
"ACTIONS_EVENTS","Subject holding still, head bowed, hair held back by headband","1","HOLDING_SYRINGE","trigram","0.600"
"ACTIONS_EVENTS","Subject posed still for profile photograph, eyes closed","1","PHOTOGRAPHING","trigram","0.714"
"ACTIONS_EVENTS","Subject posed still, facing left, for photograph","1","PHOTOGRAPHING","trigram","0.714"
"ACTIONS_EVENTS","Subject posing for a photograph","1","PHOTOGRAPHING","trigram","0.714"
"ACTIONS_EVENTS","Subject posing for a photograph","1","POSING_FOR_CAMERA","trigram","0.611"
"ACTIONS_EVENTS","Subject posing for a portrait photo","1","POSING_FOR_CAMERA","trigram","0.611"
"ACTIONS_EVENTS","Subject posing for a still documentation photo","1","POSING_FOR_CAMERA","trigram","0.611"
"ACTIONS_EVENTS","Subject posing for photo, looking to the side","1","POSING_FOR_CAMERA","trigram","0.611"
"ACTIONS_EVENTS","Subject posing for portrait","1","POSING_FOR_CAMERA","trigram","0.611"
"ACTIONS_EVENTS","Subject posing still for a photograph with eyes closed","1","PHOTOGRAPHING","trigram","0.714"
"ACTIONS_EVENTS","Subject reclines in chair looking toward camera","1","LOOKING_AT_CAMERA","trigram","0.600"
"ACTIONS_EVENTS","Subject sitting with head tilted downward for scalp view","1","SITTING","containment","1.000"
"ACTIONS_EVENTS","Subject sitting with head tilted downward, gaze lowered","1","SITTING","containment","1.000"
"ACTIONS_EVENTS","Subject standing still with eyes closed for a photo","1","STANDING","containment","1.000"
"ACTIONS_EVENTS","Subject standing still with eyes closed for a posed photo","1","STANDING","containment","1.000"
"ACTIONS_EVENTS","Subject standing still with eyes closed for photograph","1","STANDING","containment","1.000"
"ACTIONS_EVENTS","Subject standing still with eyes closed for photograph","1","PHOTOGRAPHING","trigram","0.714"
"ACTIONS_EVENTS","Subject standing still with eyes closed, mouth slightly open","1","STANDING","containment","1.000"
"ACTIONS_EVENTS","Subject standing still, eyes closed, facing right","1","STANDING","containment","1.000"
"ACTIONS_EVENTS","Subject's head being photographed from above with head tilted forward","1","PHOTOGRAPHING","trigram","0.857"
"ACTIONS_EVENTS","Syringe held close to bandaged nose","1","HOLDING_SYRINGE","trigram","0.600"
"ACTIONS_EVENTS","Syringe held in contact with shoulder skin","1","HOLDING_SYRINGE","trigram","0.600"
"ACTIONS_EVENTS","Syringe held near cheek; device held near forehead","1","HOLDING_SYRINGE","trigram","0.600"
"ACTIONS_EVENTS","Syringe held near face while gauze presses cheek","1","HOLDING_SYRINGE","trigram","0.600"
"ACTIONS_EVENTS","Syringe held near neck skin","1","HOLDING_SYRINGE","trigram","0.600"
"ACTIONS_EVENTS","Syringe held near patient's face","1","HOLDING_SYRINGE","trigram","0.600"
"ACTIONS_EVENTS","Syringe held near scalp while head is steadied","1","HOLDING_SYRINGE","trigram","0.600"
"ACTIONS_EVENTS","Syringe held near upper lip/nose","1","HOLDING_SYRINGE","trigram","0.600"
"ACTIONS_EVENTS","Tapping screen icon and turning a dial","1","TURNING","containment","1.000"
"ACTIONS_EVENTS","Technician positioning device against cheek","1","USING_DEVICE","trigram","0.692"
"ACTIONS_EVENTS","Two clinicians handling small instruments near a patient's head","1","SMILING","trigram","0.625"
"ACTIONS_EVENTS","Woman looking at camera with slight smile","1","LOOKING_AT_CAMERA","containment","1.000"
"ACTIONS_EVENTS","Woman looks at camera and smiles slightly","1","LOOKING_AT_CAMERA","trigram","0.700"
"ACTIONS_EVENTS","Woman looks at camera while man gestures a peace sign","1","LOOKING_AT_CAMERA","trigram","0.700"
"ACTIONS_EVENTS","Woman lying back, smiling at camera","1","SMILING","containment","1.000"
"ACTIONS_EVENTS","Woman lying back, smiling at camera","1","LOOKING_AT_CAMERA","trigram","0.667"
"ACTIONS_EVENTS","Woman reclines and looks at camera","1","LOOKING_AT_CAMERA","trigram","0.700"
"ACTIONS_EVENTS","Woman reclining and smiling; attendant's hand near her head","1","SMILING","containment","1.000"
"ACTIONS_EVENTS","Woman reclining, looking toward camera","1","LOOKING_AT_CAMERA","trigram","0.600"
"ACTIONS_EVENTS","Woman seated, reclined, looking at camera","1","LOOKING_AT_CAMERA","containment","1.000"
"ACTIONS_EVENTS","Woman sitting still under light device","1","SITTING","containment","1.000"
"ACTIONS_EVENTS","Woman standing near counter, staff member walking in foreground","1","STANDING","containment","1.000"
"ACTIONS_EVENTS","Woman standing near counter, staff member walking in foreground","1","WALKING","containment","1.000"
"ACTIONS_EVENTS","Woman standing near counter, staff member walking in foreground","1","TALKING","trigram","0.625"
"ACTIONS_EVENTS","Women seated, looking at screens/each other","1","LOOKING_AT_CAMERA","trigram","0.611"
"ACTIONS_EVENTS","Women seated, one looking toward camera/screen","1","LOOKING_AT_CAMERA","trigram","0.600"
"ANATOMY","Scalp and hair region visible","18","SCALP","containment","1.000"
"ANATOMY","Patient's face and eye area visible","13","FACE","containment","1.000"
"ANATOMY","Face, neck, and shoulders visible","9","FACE","containment","1.000"
"ANATOMY","Face, neck, and shoulders visible","9","NECK","containment","1.000"
"ANATOMY","Patient's face and forehead visible","9","FACE","containment","1.000"
"ANATOMY","Patient's face and forehead visible","9","FOREHEAD","containment","1.000"
"ANATOMY","Face and forehead visible","7","FACE","containment","1.000"
"ANATOMY","Face and forehead visible","7","FOREHEAD","containment","1.000"
"ANATOMY","Scalp and hair visible","7","SCALP","containment","1.000"
"ANATOMY","Scalp, hairline, ear, and facial profile visible","7","SCALP","containment","1.000"
"ANATOMY","Scalp, hairline, ear, and facial profile visible","7","FACE","trigram","0.600"
"ANATOMY","Patient's face and forehead area visible","5","FOREHEAD","containment","1.000"
"ANATOMY","Patient's face and forehead area visible","5","FACE","containment","1.000"
"ANATOMY","Scalp and hairline visible","5","SCALP","containment","1.000"
"ANATOMY","Face, forehead, and hairline visible","4","FACE","containment","1.000"
"ANATOMY","Face, forehead, and hairline visible","4","FOREHEAD","containment","1.000"
"ANATOMY","Patient's face and head visible","4","FACE","containment","1.000"
"ANATOMY","Scalp and hair part visible","4","SCALP","containment","1.000"
"ANATOMY","Scalp, hairline, and face visible","4","SCALP","containment","1.000"
"ANATOMY","Scalp, hairline, and face visible","4","FACE","containment","1.000"
"ANATOMY","Face and eye area visible","3","FACE","containment","1.000"
"ANATOMY","Face and neck visible","3","FACE","containment","1.000"
"ANATOMY","Face and neck visible","3","NECK","containment","1.000"
"ANATOMY","Face, jaw, and neck region visible","3","FACE","containment","1.000"
"ANATOMY","Face, jaw, and neck region visible","3","NECK","containment","1.000"
"ANATOMY","Head, face, neck, and shoulders visible","3","FACE","containment","1.000"
"ANATOMY","Head, face, neck, and shoulders visible","3","NECK","containment","1.000"
"ANATOMY","Head, scalp, face, ear, and neck visible","3","FACE","containment","1.000"
"ANATOMY","Head, scalp, face, ear, and neck visible","3","SCALP","containment","1.000"
"ANATOMY","Head, scalp, face, ear, and neck visible","3","NECK","containment","1.000"
"ANATOMY","Lower face, chin, and neck region","3","NECK","containment","1.000"
"ANATOMY","Lower face, chin, and neck region","3","FACE","containment","1.000"
"ANATOMY","Lower face, chin, and neck region","3","LOWER_FACE","containment","1.000"
"ANATOMY","Lower face, chin, and neck region","3","CHIN","containment","1.000"
"ANATOMY","Nose, cheek, and eyebrow region","3","NOSE","containment","1.000"
"ANATOMY","Nose, cheek, and eyebrow region","3","CHEEK","containment","1.000"
"ANATOMY","Nose, cheek, and eyebrow region","3","BROW","trigram","0.600"
"ANATOMY","Patient's face and periorbital area visible","3","FACE","containment","1.000"
"ANATOMY","Patient's face, forehead, and eye area visible","3","FOREHEAD","containment","1.000"
"ANATOMY","Patient's face, forehead, and eye area visible","3","FACE","containment","1.000"
"ANATOMY","Posterior head, scalp, ears, and neck visible","3","NECK","containment","1.000"
"ANATOMY","Posterior head, scalp, ears, and neck visible","3","SCALP","containment","1.000"
"ANATOMY","Scalp region visible","3","SCALP","containment","1.000"
"ANATOMY","Scalp, hairline, and crown region visible","3","CROWN","containment","1.000"
"ANATOMY","Scalp, hairline, and crown region visible","3","SCALP","containment","1.000"
"ANATOMY","Top and frontal scalp visible","3","SCALP","containment","1.000"
"ANATOMY","Top and frontal scalp visible","3","FRONTAL_SCALP","containment","1.000"
"ANATOMY","Back of head and scalp visible","2","SCALP","containment","1.000"
"ANATOMY","Back of scalp, ears, and neck visible","2","SCALP","containment","1.000"
"ANATOMY","Back of scalp, ears, and neck visible","2","NECK","containment","1.000"
"ANATOMY","Chin, jawline, and neck region","2","JAWLINE","containment","1.000"
"ANATOMY","Chin, jawline, and neck region","2","CHIN","containment","1.000"
"ANATOMY","Chin, jawline, and neck region","2","NECK","containment","1.000"
"ANATOMY","Face, cheek, and forehead visible","2","CHEEK","containment","1.000"
"ANATOMY","Face, cheek, and forehead visible","2","FOREHEAD","containment","1.000"
"ANATOMY","Face, cheek, and forehead visible","2","FACE","containment","1.000"
"ANATOMY","Face, cheek, eye, nose, and mouth visible","2","CHEEK","containment","1.000"
"ANATOMY","Face, cheek, eye, nose, and mouth visible","2","FACE","containment","1.000"
"ANATOMY","Face, cheek, eye, nose, and mouth visible","2","NOSE","containment","1.000"
"ANATOMY","Face, cheek, jaw, ear, neck visible","2","FACE","containment","1.000"
"ANATOMY","Face, cheek, jaw, ear, neck visible","2","NECK","containment","1.000"
"ANATOMY","Face, cheek, jaw, ear, neck visible","2","CHEEK","containment","1.000"
"ANATOMY","Face, cheeks, eyebrows, lips visible","2","LIPS","containment","1.000"
"ANATOMY","Face, cheeks, eyebrows, lips visible","2","FACE","containment","1.000"
"ANATOMY","Face, cheeks, eyebrows, lips visible","2","CHEEK","trigram","0.833"
"ANATOMY","Face, forehead, cheek, and neck visible","2","FACE","containment","1.000"
"ANATOMY","Face, forehead, cheek, and neck visible","2","NECK","containment","1.000"
"ANATOMY","Face, forehead, cheek, and neck visible","2","FOREHEAD","containment","1.000"
"ANATOMY","Face, forehead, cheek, and neck visible","2","CHEEK","containment","1.000"
"ANATOMY","Face, hairline, jaw and neck visible","2","FACE","containment","1.000"
"ANATOMY","Face, hairline, jaw and neck visible","2","NECK","containment","1.000"
"ANATOMY","Face, hairline, jaw and neck visible","2","JAWLINE","trigram","0.750"
"ANATOMY","Face, including forehead, cheeks, nose, lips, and chin visible","2","FOREHEAD","containment","1.000"
"ANATOMY","Face, including forehead, cheeks, nose, lips, and chin visible","2","FACE","containment","1.000"
"ANATOMY","Face, including forehead, cheeks, nose, lips, and chin visible","2","LIPS","containment","1.000"
"ANATOMY","Face, including forehead, cheeks, nose, lips, and chin visible","2","CHIN","containment","1.000"
"ANATOMY","Face, including forehead, cheeks, nose, lips, and chin visible","2","NOSE","containment","1.000"
"ANATOMY","Face, including forehead, cheeks, nose, lips, and chin visible","2","CHEEK","trigram","0.833"
"ANATOMY","Face, jaw, cheek, and neck visible","2","FACE","containment","1.000"
"ANATOMY","Face, jaw, cheek, and neck visible","2","NECK","containment","1.000"
"ANATOMY","Face, jaw, cheek, and neck visible","2","CHEEK","containment","1.000"
"ANATOMY","Face, neck and shoulders visible","2","FACE","containment","1.000"
"ANATOMY","Face, neck and shoulders visible","2","NECK","containment","1.000"
"ANATOMY","Face, neck, ear, and shoulder area visible","2","FACE","containment","1.000"
"ANATOMY","Face, neck, ear, and shoulder area visible","2","NECK","containment","1.000"
"ANATOMY","Face, scalp, hairline, forehead, and neck visible","2","FOREHEAD","containment","1.000"
"ANATOMY","Face, scalp, hairline, forehead, and neck visible","2","NECK","containment","1.000"
"ANATOMY","Face, scalp, hairline, forehead, and neck visible","2","FACE","containment","1.000"
"ANATOMY","Face, scalp, hairline, forehead, and neck visible","2","SCALP","containment","1.000"
"ANATOMY","Facial region including forehead, nose, cheeks visible","2","FOREHEAD","containment","1.000"
"ANATOMY","Facial region including forehead, nose, cheeks visible","2","NOSE","containment","1.000"
"ANATOMY","Facial region including forehead, nose, cheeks visible","2","CHEEK","trigram","0.833"
"ANATOMY","Facial region including forehead, nose, cheeks visible","2","FACE","trigram","0.600"
"ANATOMY","Facial region: cheek, nose, eyebrow, eye area","2","CHEEK","containment","1.000"
"ANATOMY","Facial region: cheek, nose, eyebrow, eye area","2","NOSE","containment","1.000"
"ANATOMY","Facial region: cheek, nose, eyebrow, eye area","2","BROW","trigram","0.600"
"ANATOMY","Facial region: cheek, nose, eyebrow, eye area","2","FACE","trigram","0.600"
"ANATOMY","Forehead and eyebrow region","2","FOREHEAD","containment","1.000"
"ANATOMY","Forehead and eyebrow region","2","BROW","trigram","0.600"
"ANATOMY","Forehead and eyebrow region visible","2","FOREHEAD","containment","1.000"
"ANATOMY","Forehead and eyebrow region visible","2","BROW","trigram","0.600"
"ANATOMY","Forehead and hairline area visible","2","FOREHEAD","containment","1.000"
"ANATOMY","Head, face, and neck visible","2","NECK","containment","1.000"
"ANATOMY","Head, face, and neck visible","2","FACE","containment","1.000"
"ANATOMY","Head, face, and scalp visible","2","SCALP","containment","1.000"
"ANATOMY","Head, face, and scalp visible","2","FACE","containment","1.000"
"ANATOMY","Head, face, and scalp/hairline visible","2","SCALP","containment","1.000"
"ANATOMY","Head, face, and scalp/hairline visible","2","FACE","containment","1.000"
"ANATOMY","Head, face, ear, neck, and shoulders visible","2","FACE","containment","1.000"
"ANATOMY","Head, face, ear, neck, and shoulders visible","2","NECK","containment","1.000"
"ANATOMY","Head, face, scalp, and hairline visible","2","SCALP","containment","1.000"
"ANATOMY","Head, face, scalp, and hairline visible","2","FACE","containment","1.000"
"ANATOMY","Head, hair, and scalp area visible","2","SCALP","containment","1.000"
"ANATOMY","Head, scalp, face, ear, and upper torso visible","2","FACE","containment","1.000"
"ANATOMY","Head, scalp, face, ear, and upper torso visible","2","SCALP","containment","1.000"
"ANATOMY","Head, scalp, face, ear, neck, and shoulders visible","2","NECK","containment","1.000"
"ANATOMY","Head, scalp, face, ear, neck, and shoulders visible","2","FACE","containment","1.000"
"ANATOMY","Head, scalp, face, ear, neck, and shoulders visible","2","SCALP","containment","1.000"
"ANATOMY","Lower face including nose, lips, chin, and jawline","2","FACE","containment","1.000"
"ANATOMY","Lower face including nose, lips, chin, and jawline","2","NOSE","containment","1.000"
"ANATOMY","Lower face including nose, lips, chin, and jawline","2","JAWLINE","containment","1.000"
"ANATOMY","Lower face including nose, lips, chin, and jawline","2","LOWER_FACE","containment","1.000"
"ANATOMY","Lower face including nose, lips, chin, and jawline","2","CHIN","containment","1.000"
"ANATOMY","Lower face including nose, lips, chin, and jawline","2","LIPS","containment","1.000"
"ANATOMY","Lower face, cheek, jaw, and neck region","2","LOWER_FACE","containment","1.000"
"ANATOMY","Lower face, cheek, jaw, and neck region","2","NECK","containment","1.000"
"ANATOMY","Lower face, cheek, jaw, and neck region","2","FACE","containment","1.000"
"ANATOMY","Lower face, cheek, jaw, and neck region","2","CHEEK","containment","1.000"
"ANATOMY","Lower face, chin, and neck area of patient visible","2","CHIN","containment","1.000"
"ANATOMY","Lower face, chin, and neck area of patient visible","2","FACE","containment","1.000"
"ANATOMY","Lower face, chin, and neck area of patient visible","2","NECK","containment","1.000"
"ANATOMY","Lower face, chin, and neck area of patient visible","2","LOWER_FACE","containment","1.000"
"ANATOMY","Lower face, chin, and neck area visible","2","LOWER_FACE","containment","1.000"
"ANATOMY","Lower face, chin, and neck area visible","2","NECK","containment","1.000"
"ANATOMY","Lower face, chin, and neck area visible","2","CHIN","containment","1.000"
"ANATOMY","Lower face, chin, and neck area visible","2","FACE","containment","1.000"
"ANATOMY","Lower face, chin, and neck region visible","2","CHIN","containment","1.000"
"ANATOMY","Lower face, chin, and neck region visible","2","FACE","containment","1.000"
"ANATOMY","Lower face, chin, and neck region visible","2","LOWER_FACE","containment","1.000"
"ANATOMY","Lower face, chin, and neck region visible","2","NECK","containment","1.000"
"ANATOMY","Lower face, chin, and neck visible","2","CHIN","containment","1.000"
"ANATOMY","Lower face, chin, and neck visible","2","FACE","containment","1.000"
"ANATOMY","Lower face, chin, and neck visible","2","LOWER_FACE","containment","1.000"
"ANATOMY","Lower face, chin, and neck visible","2","NECK","containment","1.000"
"ANATOMY","Lower face, jaw, cheek, and neck visible","2","CHEEK","containment","1.000"
"ANATOMY","Lower face, jaw, cheek, and neck visible","2","FACE","containment","1.000"
"ANATOMY","Lower face, jaw, cheek, and neck visible","2","LOWER_FACE","containment","1.000"
"ANATOMY","Lower face, jaw, cheek, and neck visible","2","NECK","containment","1.000"
"ANATOMY","Lower face: nose, lips, chin, jawline, neck","2","LIPS","containment","1.000"
"ANATOMY","Lower face: nose, lips, chin, jawline, neck","2","NECK","containment","1.000"
"ANATOMY","Lower face: nose, lips, chin, jawline, neck","2","JAWLINE","containment","1.000"
"ANATOMY","Lower face: nose, lips, chin, jawline, neck","2","NOSE","containment","1.000"
"ANATOMY","Lower face: nose, lips, chin, jawline, neck","2","FACE","containment","1.000"
"ANATOMY","Lower face: nose, lips, chin, jawline, neck","2","CHIN","containment","1.000"
"ANATOMY","Lower face: nose, lips, chin, jawline, neck","2","LOWER_FACE","containment","1.000"
"ANATOMY","Nose, cheek, under-eye, and eyebrow region","2","NOSE","containment","1.000"
"ANATOMY","Nose, cheek, under-eye, and eyebrow region","2","UNDER_EYE","trigram","1.000"
"ANATOMY","Nose, cheek, under-eye, and eyebrow region","2","CHEEK","containment","1.000"
"ANATOMY","Nose, cheek, under-eye, and eyebrow region","2","BROW","trigram","0.600"
"ANATOMY","Patient's face and cheek area visible","2","CHEEK","containment","1.000"
"ANATOMY","Patient's face and cheek area visible","2","FACE","containment","1.000"
"ANATOMY","Patient's face and cheek visible","2","FACE","containment","1.000"
"ANATOMY","Patient's face and cheek visible","2","CHEEK","containment","1.000"
"ANATOMY","Patient's face and eye region visible","2","FACE","containment","1.000"
"ANATOMY","Patient's face and eye region visible","2","EYE_BAG_REGION","trigram","0.733"
"ANATOMY","Patient's face and neck area","2","NECK","containment","1.000"
"ANATOMY","Patient's face and neck area","2","FACE","containment","1.000"
"ANATOMY","Patient's face and periocular area visible","2","FACE","containment","1.000"
"ANATOMY","Patient's face and periocular area visible","2","PERIOCULAR","containment","1.000"
"ANATOMY","Patient's face/cheek area visible","2","FACE","containment","1.000"
"ANATOMY","Patient's face/cheek area visible","2","CHEEK","containment","1.000"
"ANATOMY","Patient's face/forehead area visible","2","FACE","containment","1.000"
"ANATOMY","Patient's face/forehead area visible","2","FOREHEAD","containment","1.000"
"ANATOMY","Patient's forehead and brow area visible","2","FOREHEAD","containment","1.000"
"ANATOMY","Patient's forehead and brow area visible","2","BROW","containment","1.000"
"ANATOMY","Patient's forehead and face region visible","2","FOREHEAD","containment","1.000"
"ANATOMY","Patient's forehead and face region visible","2","FACE","containment","1.000"
"ANATOMY","Patient's forehead and facial area visible","2","FOREHEAD","containment","1.000"
"ANATOMY","Patient's forehead and facial area visible","2","FACE","trigram","0.600"
"ANATOMY","Patient's forehead and hairline visible","2","FOREHEAD","containment","1.000"
"ANATOMY","Patient's forehead and periorbital area","2","FOREHEAD","containment","1.000"
"ANATOMY","Patient's forehead and periorbital area visible","2","FOREHEAD","containment","1.000"
"ANATOMY","Patient's scalp visible","2","SCALP","containment","1.000"
"ANATOMY","Posterior scalp and crown region visible","2","CROWN","containment","1.000"
"ANATOMY","Posterior scalp and crown region visible","2","SCALP","containment","1.000"
"ANATOMY","Posterior scalp and ear visible","2","SCALP","containment","1.000"
"ANATOMY","Posterior scalp, crown, ears, and neck visible","2","NECK","containment","1.000"
"ANATOMY","Posterior scalp, crown, ears, and neck visible","2","CROWN","containment","1.000"
"ANATOMY","Posterior scalp, crown, ears, and neck visible","2","SCALP","containment","1.000"
"ANATOMY","Posterior scalp, ears, and neck visible","2","SCALP","containment","1.000"
"ANATOMY","Posterior scalp, ears, and neck visible","2","NECK","containment","1.000"
"ANATOMY","Scalp and crown region visible from above","2","SCALP","containment","1.000"
"ANATOMY","Scalp and crown region visible from above","2","CROWN","containment","1.000"
"ANATOMY","Scalp and hair of seated person","2","SCALP","containment","1.000"
"ANATOMY","Scalp and hairline area visible","2","SCALP","containment","1.000"
"ANATOMY","Scalp and hairline region visible","2","SCALP","containment","1.000"
"ANATOMY","Scalp region visible in close-up","2","SCALP","containment","1.000"
"ANATOMY","Scalp, crown whorl, ears, and neck visible","2","NECK","containment","1.000"
"ANATOMY","Scalp, crown whorl, ears, and neck visible","2","CROWN","containment","1.000"
"ANATOMY","Scalp, crown whorl, ears, and neck visible","2","SCALP","containment","1.000"
"ANATOMY","Scalp, crown, and ear visible","2","SCALP","containment","1.000"
"ANATOMY","Scalp, crown, and ear visible","2","CROWN","containment","1.000"
"ANATOMY","Scalp, crown, and hairline visible","2","CROWN","containment","1.000"
"ANATOMY","Scalp, crown, and hairline visible","2","SCALP","containment","1.000"
"ANATOMY","Scalp, crown, and hairline visible from above","2","SCALP","containment","1.000"
"ANATOMY","Scalp, crown, and hairline visible from above","2","CROWN","containment","1.000"
"ANATOMY","Scalp, forehead, and hairline visible","2","SCALP","containment","1.000"
"ANATOMY","Scalp, forehead, and hairline visible","2","FOREHEAD","containment","1.000"
"ANATOMY","Scalp, hairline, and crown visible","2","SCALP","containment","1.000"
"ANATOMY","Scalp, hairline, and crown visible","2","CROWN","containment","1.000"
"ANATOMY","Scalp, hairline, and forehead visible","2","SCALP","containment","1.000"
"ANATOMY","Scalp, hairline, and forehead visible","2","FOREHEAD","containment","1.000"
"ANATOMY","Scalp, hairline, ears, and neck visible","2","SCALP","containment","1.000"
"ANATOMY","Scalp, hairline, ears, and neck visible","2","NECK","containment","1.000"
"ANATOMY","Scalp, hairline, forehead, and crown region visible","2","SCALP","containment","1.000"
"ANATOMY","Scalp, hairline, forehead, and crown region visible","2","FOREHEAD","containment","1.000"
"ANATOMY","Scalp, hairline, forehead, and crown region visible","2","CROWN","containment","1.000"
"ANATOMY","Scalp, hairline, forehead, ear, and facial profile visible","2","SCALP","containment","1.000"
"ANATOMY","Scalp, hairline, forehead, ear, and facial profile visible","2","FOREHEAD","containment","1.000"
"ANATOMY","Scalp, hairline, forehead, ear, and facial profile visible","2","FACE","trigram","0.600"
"ANATOMY","Top of head and scalp visible","2","SCALP","containment","1.000"
"ANATOMY","Top of scalp/crown region","2","CROWN","containment","1.000"
"ANATOMY","Top of scalp/crown region","2","SCALP","containment","1.000"
"ANATOMY","Arm, face, eyes, and cheek visible","1","FACE","containment","1.000"
"ANATOMY","Arm, face, eyes, and cheek visible","1","CHEEK","containment","1.000"
"ANATOMY","Attention centered on the lower face","1","FACE","containment","1.000"
"ANATOMY","Attention centered on the lower face","1","LOWER_FACE","containment","1.000"
"ANATOMY","Back and crown of a human head, including ear and neck area","1","NECK","containment","1.000"
"ANATOMY","Back and crown of a human head, including ear and neck area","1","CROWN","containment","1.000"
"ANATOMY","Back and crown of head visible","1","CROWN","containment","1.000"
"ANATOMY","Back and crown of patient's scalp visible","1","SCALP","containment","1.000"
"ANATOMY","Back and crown of patient's scalp visible","1","CROWN","containment","1.000"
"ANATOMY","Back and side of scalp, ear, and neck visible","1","NECK","containment","1.000"
"ANATOMY","Back and side of scalp, ear, and neck visible","1","SCALP","containment","1.000"
"ANATOMY","Back and side of scalp, ear, and upper neck","1","SCALP","containment","1.000"
"ANATOMY","Back and side of scalp, ear, and upper neck","1","NECK","containment","1.000"
"ANATOMY","Back of head, crown, ears, and neck visible","1","CROWN","containment","1.000"
"ANATOMY","Back of head, crown, ears, and neck visible","1","NECK","containment","1.000"
"ANATOMY","Back of head, crown, scalp, ears, and neck","1","SCALP","containment","1.000"
"ANATOMY","Back of head, crown, scalp, ears, and neck","1","NECK","containment","1.000"
"ANATOMY","Back of head, crown, scalp, ears, and neck","1","CROWN","containment","1.000"
"ANATOMY","Back of head, crown, scalp, ears, and neck visible","1","NECK","containment","1.000"
"ANATOMY","Back of head, crown, scalp, ears, and neck visible","1","CROWN","containment","1.000"
"ANATOMY","Back of head, crown, scalp, ears, and neck visible","1","SCALP","containment","1.000"
"ANATOMY","Back of head, ears, neck, and shoulders visible","1","NECK","containment","1.000"
"ANATOMY","Back of head, scalp, ears, and neck visible","1","NECK","containment","1.000"
"ANATOMY","Back of head, scalp, ears, and neck visible","1","SCALP","containment","1.000"
"ANATOMY","Back of head, scalp, ears, neck visible","1","NECK","containment","1.000"
"ANATOMY","Back of head, scalp, ears, neck visible","1","SCALP","containment","1.000"
"ANATOMY","Back of neck and upper shoulder/scapular region","1","NECK","containment","1.000"
"ANATOMY","Back of neck, ear, and upper shoulder","1","NECK","containment","1.000"
"ANATOMY","Back of neck, shoulder, and upper back visible","1","NECK","containment","1.000"
"ANATOMY","Back of neck, upper back, and shoulder visible","1","NECK","containment","1.000"
"ANATOMY","Back of scalp, crown area, and neck visible","1","CROWN","containment","1.000"
"ANATOMY","Back of scalp, crown area, and neck visible","1","SCALP","containment","1.000"
"ANATOMY","Back of scalp, crown area, and neck visible","1","NECK","containment","1.000"
"ANATOMY","Back of scalp, crown whorl, ears, and neck visible","1","NECK","containment","1.000"
"ANATOMY","Back of scalp, crown whorl, ears, and neck visible","1","CROWN","containment","1.000"
"ANATOMY","Back of scalp, crown whorl, ears, and neck visible","1","SCALP","containment","1.000"
"ANATOMY","Back of scalp, crown/vertex, ears, and neck visible","1","NECK","containment","1.000"
"ANATOMY","Back of scalp, crown/vertex, ears, and neck visible","1","CROWN","containment","1.000"
"ANATOMY","Back of scalp, crown/vertex, ears, and neck visible","1","SCALP","containment","1.000"
"ANATOMY","Back of scalp, hair, ears, and neck visible","1","SCALP","containment","1.000"
"ANATOMY","Back of scalp, hair, ears, and neck visible","1","NECK","containment","1.000"
"ANATOMY","Back or crown of head visible","1","CROWN","containment","1.000"
"ANATOMY","Back/crown of scalp and hair visible","1","CROWN","containment","1.000"
"ANATOMY","Back/crown of scalp and hair visible","1","SCALP","containment","1.000"
"ANATOMY","Cheek and face visible","1","FACE","containment","1.000"
"ANATOMY","Cheek and face visible","1","CHEEK","containment","1.000"
"ANATOMY","Cheek and jawline skin surface","1","JAWLINE","containment","1.000"
"ANATOMY","Cheek and jawline skin surface","1","CHEEK","containment","1.000"
"ANATOMY","Cheek and jawline skin surface","1","FACE","trigram","0.600"
"ANATOMY","Cheek and nasolabial fold region with eyebrow","1","CHEEK","containment","1.000"
"ANATOMY","Cheek and nasolabial fold region with eyebrow","1","NASOLABIAL_REGION","trigram","0.783"
"ANATOMY","Cheek and nasolabial fold region with eyebrow","1","BROW","trigram","0.600"
"ANATOMY","Cheek or jaw and upper-neck region","1","NECK","containment","1.000"
"ANATOMY","Cheek or jaw and upper-neck region","1","CHEEK","containment","1.000"
"ANATOMY","Cheek or jaw skin","1","CHEEK","containment","1.000"
"ANATOMY","Cheek, eye area, eyebrow, and nose","1","NOSE","containment","1.000"
"ANATOMY","Cheek, eye area, eyebrow, and nose","1","CHEEK","containment","1.000"
"ANATOMY","Cheek, eye area, eyebrow, and nose","1","BROW","trigram","0.600"
"ANATOMY","Cheek, jaw, and hairline region","1","CHEEK","containment","1.000"
"ANATOMY","Cheek, jaw, and nose region of the face","1","FACE","containment","1.000"
"ANATOMY","Cheek, jaw, and nose region of the face","1","CHEEK","containment","1.000"
"ANATOMY","Cheek, jaw, and nose region of the face","1","NOSE","containment","1.000"
"ANATOMY","Cheek, jaw, eye, eyebrow, nose, and mouth visible","1","NOSE","containment","1.000"
"ANATOMY","Cheek, jaw, eye, eyebrow, nose, and mouth visible","1","CHEEK","containment","1.000"
"ANATOMY","Cheek, jaw, eye, eyebrow, nose, and mouth visible","1","BROW","trigram","0.600"
"ANATOMY","Cheek, jaw, mouth, and nostril area","1","CHEEK","containment","1.000"
"ANATOMY","Cheek, jaw, mouth, and nostril area","1","NOSE","trigram","0.600"
"ANATOMY","Cheek, jaw, sideburn, and ear region","1","CHEEK","containment","1.000"
"ANATOMY","Cheek, jawline, chin, nose, and neck region","1","NECK","containment","1.000"
"ANATOMY","Cheek, jawline, chin, nose, and neck region","1","CHEEK","containment","1.000"
"ANATOMY","Cheek, jawline, chin, nose, and neck region","1","CHIN","containment","1.000"
"ANATOMY","Cheek, jawline, chin, nose, and neck region","1","NOSE","containment","1.000"
"ANATOMY","Cheek, jawline, chin, nose, and neck region","1","JAWLINE","containment","1.000"
"ANATOMY","Cheek, jawline, nose, neck region visible","1","NOSE","containment","1.000"
"ANATOMY","Cheek, jawline, nose, neck region visible","1","JAWLINE","containment","1.000"
"ANATOMY","Cheek, jawline, nose, neck region visible","1","NECK","containment","1.000"
"ANATOMY","Cheek, jawline, nose, neck region visible","1","CHEEK","containment","1.000"
"ANATOMY","Cheek, lip, and under-eye area of face","1","CHEEK","containment","1.000"
"ANATOMY","Cheek, lip, and under-eye area of face","1","FACE","containment","1.000"
"ANATOMY","Cheek, lip, and under-eye area of face","1","UNDER_EYE","trigram","1.000"
"ANATOMY","Cheek, lip, and under-eye area of face","1","LIPS","trigram","0.600"
"ANATOMY","Cheek, nasolabial fold, lips, and eye area","1","CHEEK","containment","1.000"
"ANATOMY","Cheek, nasolabial fold, lips, and eye area","1","LIPS","containment","1.000"
"ANATOMY","Cheek, nasolabial fold, lips, and eye area","1","NASOLABIAL_REGION","trigram","0.611"
"ANATOMY","Cheek, nasolabial fold, under-eye, eyebrow","1","UNDER_EYE","trigram","1.000"
"ANATOMY","Cheek, nasolabial fold, under-eye, eyebrow","1","CHEEK","containment","1.000"
"ANATOMY","Cheek, nasolabial fold, under-eye, eyebrow","1","NASOLABIAL_REGION","trigram","0.611"
"ANATOMY","Cheek, nasolabial fold, under-eye, eyebrow","1","BROW","trigram","0.600"
"ANATOMY","Cheek, nose bridge, and under-eye region","1","NOSE","containment","1.000"
"ANATOMY","Cheek, nose bridge, and under-eye region","1","CHEEK","containment","1.000"
"ANATOMY","Cheek, nose bridge, and under-eye region","1","UNDER_EYE","trigram","1.000"
"ANATOMY","Cheek, nose bridge, and under-eye region","1","EYE_BAG_REGION","trigram","0.733"
"ANATOMY","Cheek, nose, and brow region","1","NOSE","containment","1.000"
"ANATOMY","Cheek, nose, and brow region","1","CHEEK","containment","1.000"
"ANATOMY","Cheek, nose, and brow region","1","BROW","containment","1.000"
"ANATOMY","Cheek, nose, and eyebrow area of the face","1","CHEEK","containment","1.000"
"ANATOMY","Cheek, nose, and eyebrow area of the face","1","FACE","containment","1.000"
"ANATOMY","Cheek, nose, and eyebrow area of the face","1","NOSE","containment","1.000"
"ANATOMY","Cheek, nose, and eyebrow area of the face","1","BROW","trigram","0.600"
"ANATOMY","Cheek, nose, and eyebrow region","1","CHEEK","containment","1.000"
"ANATOMY","Cheek, nose, and eyebrow region","1","NOSE","containment","1.000"
"ANATOMY","Cheek, nose, and eyebrow region","1","BROW","trigram","0.600"
"ANATOMY","Cheek, nose, and eyebrow region of the face","1","NOSE","containment","1.000"
"ANATOMY","Cheek, nose, and eyebrow region of the face","1","CHEEK","containment","1.000"
"ANATOMY","Cheek, nose, and eyebrow region of the face","1","FACE","containment","1.000"
"ANATOMY","Cheek, nose, and eyebrow region of the face","1","BROW","trigram","0.600"
"ANATOMY","Cheek, nose, and lip area visible","1","CHEEK","containment","1.000"
"ANATOMY","Cheek, nose, and lip area visible","1","NOSE","containment","1.000"
"ANATOMY","Cheek, nose, and lip area visible","1","LIPS","trigram","0.600"
"ANATOMY","Cheek, nose, and periorbital skin area","1","CHEEK","containment","1.000"
"ANATOMY","Cheek, nose, and periorbital skin area","1","NOSE","containment","1.000"
"ANATOMY","Cheek, nose, and under-eye region of face","1","CHEEK","containment","1.000"
"ANATOMY","Cheek, nose, and under-eye region of face","1","FACE","containment","1.000"
"ANATOMY","Cheek, nose, and under-eye region of face","1","NOSE","containment","1.000"
"ANATOMY","Cheek, nose, and under-eye region of face","1","UNDER_EYE","trigram","1.000"
"ANATOMY","Cheek, nose, and under-eye region of face","1","EYE_BAG_REGION","trigram","0.733"
"ANATOMY","Cheek, nose, eye area, and eyebrow visible","1","CHEEK","containment","1.000"
"ANATOMY","Cheek, nose, eye area, and eyebrow visible","1","NOSE","containment","1.000"
"ANATOMY","Cheek, nose, eye area, and eyebrow visible","1","BROW","trigram","0.600"
"ANATOMY","Cheek, nose, lips, and eye area","1","NOSE","containment","1.000"
"ANATOMY","Cheek, nose, lips, and eye area","1","LIPS","containment","1.000"
"ANATOMY","Cheek, nose, lips, and eye area","1","CHEEK","containment","1.000"
"ANATOMY","Cheek, nose, mouth, and jaw visible","1","CHEEK","containment","1.000"
"ANATOMY","Cheek, nose, mouth, and jaw visible","1","NOSE","containment","1.000"
"ANATOMY","Cheek, nose, nasolabial fold, and eyebrow region","1","CHEEK","containment","1.000"
"ANATOMY","Cheek, nose, nasolabial fold, and eyebrow region","1","NOSE","containment","1.000"
"ANATOMY","Cheek, nose, nasolabial fold, and eyebrow region","1","NASOLABIAL_REGION","trigram","0.611"
"ANATOMY","Cheek, nose, nasolabial fold, and eyebrow region","1","BROW","trigram","0.600"
"ANATOMY","Cheek/jaw skin area with adjacent hairline","1","CHEEK","containment","1.000"
"ANATOMY","Chin and lower face region","1","LOWER_FACE","containment","1.000"
"ANATOMY","Chin and lower face region","1","FACE","containment","1.000"
"ANATOMY","Chin and lower face region","1","CHIN","containment","1.000"
"ANATOMY","Chin and lower jaw region of the face","1","CHIN","containment","1.000"
"ANATOMY","Chin and lower jaw region of the face","1","FACE","containment","1.000"
"ANATOMY","Chin, cheek, nose, jaw region","1","CHEEK","containment","1.000"
"ANATOMY","Chin, cheek, nose, jaw region","1","NOSE","containment","1.000"
"ANATOMY","Chin, cheek, nose, jaw region","1","CHIN","containment","1.000"
"ANATOMY","Chin, jaw, and neck region","1","CHIN","containment","1.000"
"ANATOMY","Chin, jaw, and neck region","1","NECK","containment","1.000"
"ANATOMY","Chin, jaw, and nose region visible","1","CHIN","containment","1.000"
"ANATOMY","Chin, jaw, and nose region visible","1","NOSE","containment","1.000"
"ANATOMY","Chin, jawline, and lower cheek region","1","JAWLINE","containment","1.000"
"ANATOMY","Chin, jawline, and lower cheek region","1","CHIN","containment","1.000"
"ANATOMY","Chin, jawline, and lower cheek region","1","CHEEK","containment","1.000"
"ANATOMY","Chin, jawline, and lower face","1","LOWER_FACE","containment","1.000"
"ANATOMY","Chin, jawline, and lower face","1","CHIN","containment","1.000"
"ANATOMY","Chin, jawline, and lower face","1","FACE","containment","1.000"
"ANATOMY","Chin, jawline, and lower face","1","JAWLINE","containment","1.000"
"ANATOMY","Chin, jawline, and nose region visible","1","CHIN","containment","1.000"
"ANATOMY","Chin, jawline, and nose region visible","1","NOSE","containment","1.000"
"ANATOMY","Chin, jawline, and nose region visible","1","JAWLINE","containment","1.000"
"ANATOMY","Chin, jawline, and nostril visible","1","CHIN","containment","1.000"
"ANATOMY","Chin, jawline, and nostril visible","1","JAWLINE","containment","1.000"
"ANATOMY","Chin, jawline, and nostril visible","1","NOSE","trigram","0.600"
"ANATOMY","Chin, jawline, cheek, and nose region visible","1","JAWLINE","containment","1.000"
"ANATOMY","Chin, jawline, cheek, and nose region visible","1","CHIN","containment","1.000"
"ANATOMY","Chin, jawline, cheek, and nose region visible","1","CHEEK","containment","1.000"
"ANATOMY","Chin, jawline, cheek, and nose region visible","1","NOSE","containment","1.000"
"ANATOMY","Chin, jawline, cheek, nose, and periocular area","1","NOSE","containment","1.000"
"ANATOMY","Chin, jawline, cheek, nose, and periocular area","1","CHEEK","containment","1.000"
"ANATOMY","Chin, jawline, cheek, nose, and periocular area","1","JAWLINE","containment","1.000"
"ANATOMY","Chin, jawline, cheek, nose, and periocular area","1","CHIN","containment","1.000"
"ANATOMY","Chin, jawline, cheek, nose, and periocular area","1","PERIOCULAR","containment","1.000"
"ANATOMY","Chin, jawline, ear region","1","CHIN","containment","1.000"
"ANATOMY","Chin, jawline, ear region","1","JAWLINE","containment","1.000"
"ANATOMY","Chin, jawline, lips, and nose area","1","JAWLINE","containment","1.000"
"ANATOMY","Chin, jawline, lips, and nose area","1","LIPS","containment","1.000"
"ANATOMY","Chin, jawline, lips, and nose area","1","CHIN","containment","1.000"
"ANATOMY","Chin, jawline, lips, and nose area","1","NOSE","containment","1.000"
"ANATOMY","Chin, jawline, lips, and nostril area","1","CHIN","containment","1.000"
"ANATOMY","Chin, jawline, lips, and nostril area","1","LIPS","containment","1.000"
"ANATOMY","Chin, jawline, lips, and nostril area","1","JAWLINE","containment","1.000"
"ANATOMY","Chin, jawline, lips, and nostril area","1","NOSE","trigram","0.600"
"ANATOMY","Chin, jawline, lower cheek, and neck area visible","1","CHEEK","containment","1.000"
"ANATOMY","Chin, jawline, lower cheek, and neck area visible","1","JAWLINE","containment","1.000"
"ANATOMY","Chin, jawline, lower cheek, and neck area visible","1","CHIN","containment","1.000"
"ANATOMY","Chin, jawline, lower cheek, and neck area visible","1","NECK","containment","1.000"
"ANATOMY","Chin, jawline, lower nose, and neck region visible","1","JAWLINE","containment","1.000"
"ANATOMY","Chin, jawline, lower nose, and neck region visible","1","NOSE","containment","1.000"
"ANATOMY","Chin, jawline, lower nose, and neck region visible","1","CHIN","containment","1.000"
"ANATOMY","Chin, jawline, lower nose, and neck region visible","1","NECK","containment","1.000"
"ANATOMY","Chin, jawline, mouth, nose","1","NOSE","containment","1.000"
"ANATOMY","Chin, jawline, mouth, nose","1","CHIN","containment","1.000"
"ANATOMY","Chin, jawline, mouth, nose","1","JAWLINE","containment","1.000"
"ANATOMY","Chin, jawline, neck and ear visible","1","JAWLINE","containment","1.000"
"ANATOMY","Chin, jawline, neck and ear visible","1","CHIN","containment","1.000"
"ANATOMY","Chin, jawline, neck and ear visible","1","NECK","containment","1.000"
"ANATOMY","Chin, jawline, neck, and lower face visible","1","NECK","containment","1.000"
"ANATOMY","Chin, jawline, neck, and lower face visible","1","FACE","containment","1.000"
"ANATOMY","Chin, jawline, neck, and lower face visible","1","LOWER_FACE","containment","1.000"
"ANATOMY","Chin, jawline, neck, and lower face visible","1","JAWLINE","containment","1.000"
"ANATOMY","Chin, jawline, neck, and lower face visible","1","CHIN","containment","1.000"
"ANATOMY","Chin, jawline, nose region","1","JAWLINE","containment","1.000"
"ANATOMY","Chin, jawline, nose region","1","CHIN","containment","1.000"
"ANATOMY","Chin, jawline, nose region","1","NOSE","containment","1.000"
"ANATOMY","Chin, lips, nose, and neck region visible","1","LIPS","containment","1.000"
"ANATOMY","Chin, lips, nose, and neck region visible","1","CHIN","containment","1.000"
"ANATOMY","Chin, lips, nose, and neck region visible","1","NOSE","containment","1.000"
"ANATOMY","Chin, lips, nose, and neck region visible","1","NECK","containment","1.000"
"ANATOMY","Chin, lower lip, nostril, and neck region visible","1","CHIN","containment","1.000"
"ANATOMY","Chin, lower lip, nostril, and neck region visible","1","NECK","containment","1.000"
"ANATOMY","Chin, lower lip, nostril, and neck region visible","1","NOSE","trigram","0.600"
"ANATOMY","Chin, lower lip, nostril, and neck region visible","1","LIPS","trigram","0.600"
"ANATOMY","Client’s face and eye area are visible","1","FACE","containment","1.000"
"ANATOMY","Client's face and periocular area visible","1","PERIOCULAR","containment","1.000"
"ANATOMY","Client's face and periocular area visible","1","FACE","containment","1.000"
"ANATOMY","Client's face, cheek, jaw and ear visible","1","FACE","containment","1.000"
"ANATOMY","Client's face, cheek, jaw and ear visible","1","CHEEK","containment","1.000"
"ANATOMY","Client's face, cheeks and jaw visible","1","FACE","containment","1.000"
"ANATOMY","Client's face, cheeks and jaw visible","1","CHEEK","trigram","0.833"
"ANATOMY","Client's face, cheeks, jaw and neck area visible under sheet mask","1","FACE","containment","1.000"
"ANATOMY","Client's face, cheeks, jaw and neck area visible under sheet mask","1","NECK","containment","1.000"
"ANATOMY","Client's face, cheeks, jaw and neck area visible under sheet mask","1","CHEEK","trigram","0.833"
"ANATOMY","Client's face, cheeks, jaw and neck area visible under sheet mask","1","UNDER_EYE","trigram","0.600"
"ANATOMY","Client's face, eyes covered, forehead and nose visible","1","FOREHEAD","containment","1.000"
"ANATOMY","Client's face, eyes covered, forehead and nose visible","1","NOSE","containment","1.000"
"ANATOMY","Client's face, eyes covered, forehead and nose visible","1","FACE","containment","1.000"
"ANATOMY","Client's face, nose, and forehead region visible","1","NOSE","containment","1.000"
"ANATOMY","Client's face, nose, and forehead region visible","1","FOREHEAD","containment","1.000"
"ANATOMY","Client's face, nose, and forehead region visible","1","FACE","containment","1.000"
"ANATOMY","Client's face, nose, and under-eye area visible","1","UNDER_EYE","trigram","1.000"
"ANATOMY","Client's face, nose, and under-eye area visible","1","NOSE","containment","1.000"
"ANATOMY","Client's face, nose, and under-eye area visible","1","FACE","containment","1.000"
"ANATOMY","Client's face, particularly the nose and forehead area","1","FACE","containment","1.000"
"ANATOMY","Client's face, particularly the nose and forehead area","1","FOREHEAD","containment","1.000"
"ANATOMY","Client's face, particularly the nose and forehead area","1","NOSE","containment","1.000"
"ANATOMY","Client's forehead and scalp area visible near hairline","1","FOREHEAD","containment","1.000"
"ANATOMY","Client's forehead and scalp area visible near hairline","1","SCALP","containment","1.000"
"ANATOMY","Client's forehead, face, and neck visible","1","FACE","containment","1.000"
"ANATOMY","Client's forehead, face, and neck visible","1","NECK","containment","1.000"
"ANATOMY","Client's forehead, face, and neck visible","1","FOREHEAD","containment","1.000"
"ANATOMY","Client's forehead, scalp, and hairline visible near practitioner's gloved hands","1","FOREHEAD","containment","1.000"
"ANATOMY","Client's forehead, scalp, and hairline visible near practitioner's gloved hands","1","SCALP","containment","1.000"
"ANATOMY","Client's head, face, and arm visible","1","FACE","containment","1.000"
"ANATOMY","Client's head, hair, and scalp area visible","1","SCALP","containment","1.000"
"ANATOMY","Client's nose, under-eye, and facial area visible","1","UNDER_EYE","trigram","1.000"
"ANATOMY","Client's nose, under-eye, and facial area visible","1","NOSE","containment","1.000"
"ANATOMY","Client's nose, under-eye, and facial area visible","1","FACE","trigram","0.600"
"ANATOMY","Client's scalp, forehead, and hairline visible","1","FOREHEAD","containment","1.000"
"ANATOMY","Client's scalp, forehead, and hairline visible","1","SCALP","containment","1.000"
"ANATOMY","Client's upper chest/shoulder and neck area exposed near collarbone","1","NECK","containment","1.000"
"ANATOMY","Close-up of a person's scalp/head area","1","SCALP","containment","1.000"
"ANATOMY","Close-up of a shaved human scalp","1","SCALP","containment","1.000"
"ANATOMY","Close-up of lower face: lips, nose, philtrum area","1","FACE","containment","1.000"
"ANATOMY","Close-up of lower face: lips, nose, philtrum area","1","LOWER_FACE","containment","1.000"
"ANATOMY","Close-up of lower face: lips, nose, philtrum area","1","LIPS","containment","1.000"
"ANATOMY","Close-up of lower face: lips, nose, philtrum area","1","NOSE","containment","1.000"
"ANATOMY","Close-up of scalp skin with hair follicles","1","SCALP","containment","1.000"
"ANATOMY","Close-up of skin, possibly upper back or scalp area","1","SCALP","containment","1.000"
"ANATOMY","Crown and hairline area of the scalp visible with thinning hair pattern","1","SCALP","containment","1.000"
"ANATOMY","Crown and hairline area of the scalp visible with thinning hair pattern","1","CROWN","containment","1.000"
"ANATOMY","Crown and posterior scalp region","1","CROWN","containment","1.000"
"ANATOMY","Crown and posterior scalp region","1","SCALP","containment","1.000"
"ANATOMY","Crown and upper scalp visible","1","SCALP","containment","1.000"
"ANATOMY","Crown and upper scalp visible","1","CROWN","containment","1.000"
"ANATOMY","Crown of scalp with circular area of thinning/no hair","1","CROWN","containment","1.000"
"ANATOMY","Crown of scalp with circular area of thinning/no hair","1","SCALP","containment","1.000"
"ANATOMY","Crown/vertex of scalp with hair whorl visible","1","CROWN","containment","1.000"
"ANATOMY","Crown/vertex of scalp with hair whorl visible","1","SCALP","containment","1.000"
"ANATOMY","Crown/vertex of scalp, hair, neck, and shoulders","1","CROWN","containment","1.000"
"ANATOMY","Crown/vertex of scalp, hair, neck, and shoulders","1","SCALP","containment","1.000"
"ANATOMY","Crown/vertex of scalp, hair, neck, and shoulders","1","NECK","containment","1.000"
"ANATOMY","Crown/vertex region of scalp with central parting","1","CROWN","containment","1.000"
"ANATOMY","Crown/vertex region of scalp with central parting","1","SCALP","containment","1.000"
"ANATOMY","Device contacts the lower face beside the nose and mouth","1","LOWER_FACE","containment","1.000"
"ANATOMY","Device contacts the lower face beside the nose and mouth","1","FACE","containment","1.000"
"ANATOMY","Device contacts the lower face beside the nose and mouth","1","NOSE","containment","1.000"
"ANATOMY","Device positioned near the temple and upper facial area","1","UPPER_FACE","trigram","0.818"
"ANATOMY","Device positioned near the temple and upper facial area","1","FACE","trigram","0.600"
"ANATOMY","Draped scalp exposed under lighting","1","SCALP","containment","1.000"
"ANATOMY","Draped scalp exposed under lighting","1","UNDER_EYE","trigram","0.600"
"ANATOMY","Exposed human scalp region under surgical drape","1","SCALP","containment","1.000"
"ANATOMY","Exposed human scalp region under surgical drape","1","UNDER_EYE","trigram","0.600"
"ANATOMY","Exposed human scalp with visible blood and reddened skin","1","SCALP","containment","1.000"
"ANATOMY","Exposed scalp region","1","SCALP","containment","1.000"
"ANATOMY","Exposed scalp visible","1","SCALP","containment","1.000"
"ANATOMY","Exposed scalp visible on reclined patient","1","SCALP","containment","1.000"
"ANATOMY","Exposed, bloodied scalp region","1","SCALP","containment","1.000"
"ANATOMY","Exposed, reddened scalp region","1","SCALP","containment","1.000"
"ANATOMY","Eye area, eyebrow, nose, and cheek visible","1","NOSE","containment","1.000"
"ANATOMY","Eye area, eyebrow, nose, and cheek visible","1","CHEEK","containment","1.000"
"ANATOMY","Eye area, eyebrow, nose, and cheek visible","1","BROW","trigram","0.600"
"ANATOMY","Eye region, eyebrow, cheek, and hairline visible","1","CHEEK","containment","1.000"
"ANATOMY","Eye region, eyebrow, cheek, and hairline visible","1","EYE_BAG_REGION","trigram","0.733"
"ANATOMY","Eye region, eyebrow, cheek, and hairline visible","1","BROW","trigram","0.600"
"ANATOMY","Eye, eyebrow, nose, and nearby facial skin","1","NOSE","containment","1.000"
"ANATOMY","Eye, eyebrow, nose, and nearby facial skin","1","BROW","trigram","0.600"
"ANATOMY","Eye, eyebrow, nose, and nearby facial skin","1","FACE","trigram","0.600"
"ANATOMY","Eyebrow region and upper lip area","1","BROW","trigram","0.600"
"ANATOMY","Eyebrow region and upper lip area","1","LIPS","trigram","0.600"
"ANATOMY","Eyebrow, upper lip, and facial skin visible","1","FACE","trigram","0.600"
"ANATOMY","Eyebrow, upper lip, and facial skin visible","1","BROW","trigram","0.600"
"ANATOMY","Eyebrow, upper lip, and facial skin visible","1","LIPS","trigram","0.600"
"ANATOMY","Face and cheek are visible","1","FACE","containment","1.000"
"ANATOMY","Face and cheek are visible","1","CHEEK","containment","1.000"
"ANATOMY","Face and cheek visible","1","FACE","containment","1.000"
"ANATOMY","Face and cheek visible","1","CHEEK","containment","1.000"
"ANATOMY","Face and chin visible","1","FACE","containment","1.000"
"ANATOMY","Face and chin visible","1","CHIN","containment","1.000"
"ANATOMY","Face and eye area are visible","1","FACE","containment","1.000"
"ANATOMY","Face and eye area of reclining person visible","1","FACE","containment","1.000"
"ANATOMY","Face and eye region of patient visible","1","FACE","containment","1.000"
"ANATOMY","Face and eye region of patient visible","1","EYE_BAG_REGION","trigram","0.733"
"ANATOMY","Face and eye region of the reclining person visible","1","FACE","containment","1.000"
"ANATOMY","Face and eye region of the reclining person visible","1","EYE_BAG_REGION","trigram","0.733"
"ANATOMY","Face and eye region visible","1","FACE","containment","1.000"
"ANATOMY","Face and eye region visible","1","EYE_BAG_REGION","trigram","0.733"
"ANATOMY","Face and eyebrow area visible","1","FACE","containment","1.000"
"ANATOMY","Face and eyebrow area visible","1","BROW","trigram","0.600"
"ANATOMY","Face and forehead are visible","1","FOREHEAD","containment","1.000"
"ANATOMY","Face and forehead are visible","1","FACE","containment","1.000"
"ANATOMY","Face and forehead visible, scalp not exposed","1","SCALP","containment","1.000"
"ANATOMY","Face and forehead visible, scalp not exposed","1","FACE","containment","1.000"
"ANATOMY","Face and forehead visible, scalp not exposed","1","FOREHEAD","containment","1.000"
"ANATOMY","Face and hands visible","1","FACE","containment","1.000"
"ANATOMY","Face and head are visible","1","FACE","containment","1.000"
"ANATOMY","Face and head visible","1","FACE","containment","1.000"
"ANATOMY","Face and lower facial region of reclined person visible","1","FACE","containment","1.000"
"ANATOMY","Face and lower facial region of reclined person visible","1","LOWER_FACE","trigram","0.818"
"ANATOMY","Face and neck region visible","1","NECK","containment","1.000"
"ANATOMY","Face and neck region visible","1","FACE","containment","1.000"
"ANATOMY","Face and neck region: eyes, nose, cheek, lips, neck","1","CHEEK","containment","1.000"
"ANATOMY","Face and neck region: eyes, nose, cheek, lips, neck","1","FACE","containment","1.000"
"ANATOMY","Face and neck region: eyes, nose, cheek, lips, neck","1","NOSE","containment","1.000"
"ANATOMY","Face and neck region: eyes, nose, cheek, lips, neck","1","LIPS","containment","1.000"
"ANATOMY","Face and neck region: eyes, nose, cheek, lips, neck","1","NECK","containment","1.000"
"ANATOMY","Face and neck region: eyes, nose, cheek, lips, neck","1","EYE_BAG_REGION","trigram","0.667"
"ANATOMY","Face and neck regions visible","1","FACE","containment","1.000"
"ANATOMY","Face and neck regions visible","1","NECK","containment","1.000"
"ANATOMY","Face and neck visible, coated in gel","1","FACE","containment","1.000"
"ANATOMY","Face and neck visible, coated in gel","1","NECK","containment","1.000"
"ANATOMY","Face and neck visible, with skin showing red marks and blemishes","1","NECK","containment","1.000"
"ANATOMY","Face and neck visible, with skin showing red marks and blemishes","1","FACE","containment","1.000"
"ANATOMY","Face and nose region visible","1","FACE","containment","1.000"
"ANATOMY","Face and nose region visible","1","NOSE","containment","1.000"
"ANATOMY","Face and nose region visible with bandage","1","NOSE","containment","1.000"
"ANATOMY","Face and nose region visible with bandage","1","FACE","containment","1.000"
"ANATOMY","Face and nose visible","1","NOSE","containment","1.000"
"ANATOMY","Face and nose visible","1","FACE","containment","1.000"
"ANATOMY","Face and periorbital area visible","1","FACE","containment","1.000"
"ANATOMY","Face and scalp area of reclined person visible","1","FACE","containment","1.000"
"ANATOMY","Face and scalp area of reclined person visible","1","SCALP","containment","1.000"
"ANATOMY","Face and scalp visible, hairline and forehead shown","1","FACE","containment","1.000"
"ANATOMY","Face and scalp visible, hairline and forehead shown","1","FOREHEAD","containment","1.000"
"ANATOMY","Face and scalp visible, hairline and forehead shown","1","SCALP","containment","1.000"
"ANATOMY","Face and upper lip area visible","1","FACE","containment","1.000"
"ANATOMY","Face and upper lip area visible","1","UPPER_FACE","trigram","0.733"
"ANATOMY","Face and upper lip area visible","1","LIPS","trigram","0.600"
"ANATOMY","Face and upper shoulders visible, with skin texture and blemishes on forehead and cheeks","1","FOREHEAD","containment","1.000"
"ANATOMY","Face and upper shoulders visible, with skin texture and blemishes on forehead and cheeks","1","FACE","containment","1.000"
"ANATOMY","Face and upper shoulders visible, with skin texture and blemishes on forehead and cheeks","1","CHEEK","trigram","0.833"
"ANATOMY","Face and upper shoulders visible, with skin texture and blemishes on forehead and cheeks","1","UPPER_FACE","trigram","0.733"
"ANATOMY","Face including cheek, nose, eye area","1","NOSE","containment","1.000"
"ANATOMY","Face including cheek, nose, eye area","1","CHEEK","containment","1.000"
"ANATOMY","Face including cheek, nose, eye area","1","FACE","containment","1.000"
"ANATOMY","Face including forehead, cheeks, nose, and eyes visible","1","FOREHEAD","containment","1.000"
"ANATOMY","Face including forehead, cheeks, nose, and eyes visible","1","NOSE","containment","1.000"
"ANATOMY","Face including forehead, cheeks, nose, and eyes visible","1","FACE","containment","1.000"
"ANATOMY","Face including forehead, cheeks, nose, and eyes visible","1","CHEEK","trigram","0.833"
"ANATOMY","Face including nose, cheek, eyebrow, eyelid area","1","NOSE","containment","1.000"
"ANATOMY","Face including nose, cheek, eyebrow, eyelid area","1","CHEEK","containment","1.000"
"ANATOMY","Face including nose, cheek, eyebrow, eyelid area","1","FACE","containment","1.000"
"ANATOMY","Face including nose, cheek, eyebrow, eyelid area","1","BROW","trigram","0.600"
"ANATOMY","Face region including eye, nose, cheek, and lips","1","LIPS","containment","1.000"
"ANATOMY","Face region including eye, nose, cheek, and lips","1","FACE","containment","1.000"
"ANATOMY","Face region including eye, nose, cheek, and lips","1","CHEEK","containment","1.000"
"ANATOMY","Face region including eye, nose, cheek, and lips","1","NOSE","containment","1.000"
"ANATOMY","Face region: nose, cheek, forehead visible","1","FACE","containment","1.000"
"ANATOMY","Face region: nose, cheek, forehead visible","1","NOSE","containment","1.000"
"ANATOMY","Face region: nose, cheek, forehead visible","1","FOREHEAD","containment","1.000"
"ANATOMY","Face region: nose, cheek, forehead visible","1","CHEEK","containment","1.000"
"ANATOMY","Face visible including forehead, cheeks, nose, and mouth area","1","FOREHEAD","containment","1.000"
"ANATOMY","Face visible including forehead, cheeks, nose, and mouth area","1","NOSE","containment","1.000"
"ANATOMY","Face visible including forehead, cheeks, nose, and mouth area","1","FACE","containment","1.000"
"ANATOMY","Face visible including forehead, cheeks, nose, and mouth area","1","CHEEK","trigram","0.833"
"ANATOMY","Face visible with forehead, cheeks, nose, chin, and lips shown","1","FACE","containment","1.000"
"ANATOMY","Face visible with forehead, cheeks, nose, chin, and lips shown","1","FOREHEAD","containment","1.000"
"ANATOMY","Face visible with forehead, cheeks, nose, chin, and lips shown","1","NOSE","containment","1.000"
"ANATOMY","Face visible with forehead, cheeks, nose, chin, and lips shown","1","LIPS","containment","1.000"
"ANATOMY","Face visible with forehead, cheeks, nose, chin, and lips shown","1","CHIN","containment","1.000"
"ANATOMY","Face visible with forehead, cheeks, nose, chin, and lips shown","1","CHEEK","trigram","0.833"
"ANATOMY","Face visible; hair and scalp covered by hijab","1","FACE","containment","1.000"
"ANATOMY","Face visible; hair and scalp covered by hijab","1","SCALP","containment","1.000"
"ANATOMY","Face visible; hairline and scalp partially visible at part","1","SCALP","containment","1.000"
"ANATOMY","Face visible; hairline and scalp partially visible at part","1","FACE","containment","1.000"
"ANATOMY","Face, arm, and underarm area visible","1","FACE","containment","1.000"
"ANATOMY","Face, arms, and upper torso are visible","1","FACE","containment","1.000"
"ANATOMY","Face, cheek and nose area visible","1","CHEEK","containment","1.000"
"ANATOMY","Face, cheek and nose area visible","1","FACE","containment","1.000"
"ANATOMY","Face, cheek and nose area visible","1","NOSE","containment","1.000"
"ANATOMY","Face, cheek, and ear visible in close-up","1","FACE","containment","1.000"
"ANATOMY","Face, cheek, and ear visible in close-up","1","CHEEK","containment","1.000"
"ANATOMY","Face, cheek, and jaw area visible","1","CHEEK","containment","1.000"
"ANATOMY","Face, cheek, and jaw area visible","1","FACE","containment","1.000"
"ANATOMY","Face, cheek, and jaw visible","1","CHEEK","containment","1.000"
"ANATOMY","Face, cheek, and jaw visible","1","FACE","containment","1.000"
"ANATOMY","Face, cheek, and temple area visible","1","CHEEK","containment","1.000"
"ANATOMY","Face, cheek, and temple area visible","1","FACE","containment","1.000"
"ANATOMY","Face, cheek, ear, neck visible","1","FACE","containment","1.000"
"ANATOMY","Face, cheek, ear, neck visible","1","CHEEK","containment","1.000"
"ANATOMY","Face, cheek, ear, neck visible","1","NECK","containment","1.000"
"ANATOMY","Face, cheek, eye and jaw area visible","1","FACE","containment","1.000"
"ANATOMY","Face, cheek, eye and jaw area visible","1","CHEEK","containment","1.000"
"ANATOMY","Face, cheek, eye area, forehead visible","1","FACE","containment","1.000"
"ANATOMY","Face, cheek, eye area, forehead visible","1","CHEEK","containment","1.000"
"ANATOMY","Face, cheek, eye area, forehead visible","1","FOREHEAD","containment","1.000"
"ANATOMY","Face, cheek, eye area, jawline, and neck visible","1","CHEEK","containment","1.000"
"ANATOMY","Face, cheek, eye area, jawline, and neck visible","1","JAWLINE","containment","1.000"
"ANATOMY","Face, cheek, eye area, jawline, and neck visible","1","FACE","containment","1.000"
"ANATOMY","Face, cheek, eye area, jawline, and neck visible","1","NECK","containment","1.000"
"ANATOMY","Face, cheek, eye area, nose, and hand visible","1","CHEEK","containment","1.000"
"ANATOMY","Face, cheek, eye area, nose, and hand visible","1","NOSE","containment","1.000"
"ANATOMY","Face, cheek, eye area, nose, and hand visible","1","FACE","containment","1.000"
"ANATOMY","Face, cheek, forehead region visible","1","FACE","containment","1.000"
"ANATOMY","Face, cheek, forehead region visible","1","FOREHEAD","containment","1.000"
"ANATOMY","Face, cheek, forehead region visible","1","CHEEK","containment","1.000"
"ANATOMY","Face, cheek, forehead, and ear region visible","1","FOREHEAD","containment","1.000"
"ANATOMY","Face, cheek, forehead, and ear region visible","1","CHEEK","containment","1.000"
"ANATOMY","Face, cheek, forehead, and ear region visible","1","FACE","containment","1.000"
"ANATOMY","Face, cheek, forehead, ear visible","1","FACE","containment","1.000"
"ANATOMY","Face, cheek, forehead, ear visible","1","FOREHEAD","containment","1.000"
"ANATOMY","Face, cheek, forehead, ear visible","1","CHEEK","containment","1.000"
"ANATOMY","Face, cheek, forehead, temple region visible","1","FACE","containment","1.000"
"ANATOMY","Face, cheek, forehead, temple region visible","1","FOREHEAD","containment","1.000"
"ANATOMY","Face, cheek, forehead, temple region visible","1","CHEEK","containment","1.000"
"ANATOMY","Face, cheek, jaw, and neck area visible","1","FACE","containment","1.000"
"ANATOMY","Face, cheek, jaw, and neck area visible","1","NECK","containment","1.000"
"ANATOMY","Face, cheek, jaw, and neck area visible","1","CHEEK","containment","1.000"
"ANATOMY","Face, cheek, jaw, and neck visible","1","NECK","containment","1.000"
"ANATOMY","Face, cheek, jaw, and neck visible","1","CHEEK","containment","1.000"
"ANATOMY","Face, cheek, jaw, and neck visible","1","FACE","containment","1.000"
"ANATOMY","Face, cheek, jaw, chin, ear, and neck visible","1","FACE","containment","1.000"
"ANATOMY","Face, cheek, jaw, chin, ear, and neck visible","1","CHIN","containment","1.000"
"ANATOMY","Face, cheek, jaw, chin, ear, and neck visible","1","CHEEK","containment","1.000"
"ANATOMY","Face, cheek, jaw, chin, ear, and neck visible","1","NECK","containment","1.000"
"ANATOMY","Face, cheek, jaw, ear visible","1","FACE","containment","1.000"
"ANATOMY","Face, cheek, jaw, ear visible","1","CHEEK","containment","1.000"
"ANATOMY","Face, cheek, jaw, ear, and neck visible","1","FACE","containment","1.000"
"ANATOMY","Face, cheek, jaw, ear, and neck visible","1","NECK","containment","1.000"
"ANATOMY","Face, cheek, jaw, ear, and neck visible","1","CHEEK","containment","1.000"
"ANATOMY","Face, cheek, jaw, forehead, and hands visible","1","FOREHEAD","containment","1.000"
"ANATOMY","Face, cheek, jaw, forehead, and hands visible","1","FACE","containment","1.000"
"ANATOMY","Face, cheek, jaw, forehead, and hands visible","1","CHEEK","containment","1.000"
"ANATOMY","Face, cheek, jaw, neck visible","1","FACE","containment","1.000"
"ANATOMY","Face, cheek, jaw, neck visible","1","CHEEK","containment","1.000"
"ANATOMY","Face, cheek, jaw, neck visible","1","NECK","containment","1.000"
"ANATOMY","Face, cheek, jawline, and neck area visible","1","JAWLINE","containment","1.000"
"ANATOMY","Face, cheek, jawline, and neck area visible","1","CHEEK","containment","1.000"
"ANATOMY","Face, cheek, jawline, and neck area visible","1","NECK","containment","1.000"
"ANATOMY","Face, cheek, jawline, and neck area visible","1","FACE","containment","1.000"
"ANATOMY","Face, cheek, jawline, and neck visible","1","JAWLINE","containment","1.000"
"ANATOMY","Face, cheek, jawline, and neck visible","1","FACE","containment","1.000"
"ANATOMY","Face, cheek, jawline, and neck visible","1","CHEEK","containment","1.000"
"ANATOMY","Face, cheek, jawline, and neck visible","1","NECK","containment","1.000"
"ANATOMY","Face, cheek, jawline, eye area, and neck visible","1","FACE","containment","1.000"
"ANATOMY","Face, cheek, jawline, eye area, and neck visible","1","NECK","containment","1.000"
"ANATOMY","Face, cheek, jawline, eye area, and neck visible","1","CHEEK","containment","1.000"
"ANATOMY","Face, cheek, jawline, eye area, and neck visible","1","JAWLINE","containment","1.000"
"ANATOMY","Face, cheek, mouth, and hands visible","1","CHEEK","containment","1.000"
"ANATOMY","Face, cheek, mouth, and hands visible","1","FACE","containment","1.000"
"ANATOMY","Face, cheek, nose, and eyebrow area visible","1","NOSE","containment","1.000"
"ANATOMY","Face, cheek, nose, and eyebrow area visible","1","FACE","containment","1.000"
"ANATOMY","Face, cheek, nose, and eyebrow area visible","1","CHEEK","containment","1.000"
"ANATOMY","Face, cheek, nose, and eyebrow area visible","1","BROW","trigram","0.600"
"ANATOMY","Face, cheek, nose, lips, and eye area visible","1","LIPS","containment","1.000"
"ANATOMY","Face, cheek, nose, lips, and eye area visible","1","CHEEK","containment","1.000"
"ANATOMY","Face, cheek, nose, lips, and eye area visible","1","NOSE","containment","1.000"
"ANATOMY","Face, cheek, nose, lips, and eye area visible","1","FACE","containment","1.000"
"ANATOMY","Face, cheek, temple, and forehead visible","1","FACE","containment","1.000"
"ANATOMY","Face, cheek, temple, and forehead visible","1","CHEEK","containment","1.000"
"ANATOMY","Face, cheek, temple, and forehead visible","1","FOREHEAD","containment","1.000"
"ANATOMY","Face, cheek, temple, forehead region visible","1","FOREHEAD","containment","1.000"
"ANATOMY","Face, cheek, temple, forehead region visible","1","CHEEK","containment","1.000"
"ANATOMY","Face, cheek, temple, forehead region visible","1","FACE","containment","1.000"
"ANATOMY","Face, cheeks, chin, nose, lips visible","1","LIPS","containment","1.000"
"ANATOMY","Face, cheeks, chin, nose, lips visible","1","CHIN","containment","1.000"
"ANATOMY","Face, cheeks, chin, nose, lips visible","1","NOSE","containment","1.000"
"ANATOMY","Face, cheeks, chin, nose, lips visible","1","FACE","containment","1.000"
"ANATOMY","Face, cheeks, chin, nose, lips visible","1","CHEEK","trigram","0.833"
"ANATOMY","Face, cheeks, forehead visible with skin marks","1","FACE","containment","1.000"
"ANATOMY","Face, cheeks, forehead visible with skin marks","1","FOREHEAD","containment","1.000"
"ANATOMY","Face, cheeks, forehead visible with skin marks","1","CHEEK","trigram","0.833"
"ANATOMY","Face, cheeks, jaw, neck visible","1","FACE","containment","1.000"
"ANATOMY","Face, cheeks, jaw, neck visible","1","NECK","containment","1.000"
"ANATOMY","Face, cheeks, jaw, neck visible","1","CHEEK","trigram","0.833"
"ANATOMY","Face, cheeks, jawline, and neck visible","1","FACE","containment","1.000"
"ANATOMY","Face, cheeks, jawline, and neck visible","1","NECK","containment","1.000"
"ANATOMY","Face, cheeks, jawline, and neck visible","1","JAWLINE","containment","1.000"
"ANATOMY","Face, cheeks, jawline, and neck visible","1","CHEEK","trigram","0.833"
"ANATOMY","Face, cheeks, nose, and chin visible","1","FACE","containment","1.000"
"ANATOMY","Face, cheeks, nose, and chin visible","1","NOSE","containment","1.000"
"ANATOMY","Face, cheeks, nose, and chin visible","1","CHIN","containment","1.000"
"ANATOMY","Face, cheeks, nose, and chin visible","1","CHEEK","trigram","0.833"
"ANATOMY","Face, cheeks, nose, chin visible with product applied","1","NOSE","containment","1.000"
"ANATOMY","Face, cheeks, nose, chin visible with product applied","1","FACE","containment","1.000"
"ANATOMY","Face, cheeks, nose, chin visible with product applied","1","CHIN","containment","1.000"
"ANATOMY","Face, cheeks, nose, chin visible with product applied","1","CHEEK","trigram","0.833"
"ANATOMY","Face, chin, and neck region visible","1","FACE","containment","1.000"
"ANATOMY","Face, chin, and neck region visible","1","NECK","containment","1.000"
"ANATOMY","Face, chin, and neck region visible","1","CHIN","containment","1.000"
"ANATOMY","Face, chin, jaw, neck visible","1","CHIN","containment","1.000"
"ANATOMY","Face, chin, jaw, neck visible","1","NECK","containment","1.000"
"ANATOMY","Face, chin, jaw, neck visible","1","FACE","containment","1.000"
"ANATOMY","Face, chin, jawline, and upper neck visible","1","CHIN","containment","1.000"
"ANATOMY","Face, chin, jawline, and upper neck visible","1","FACE","containment","1.000"
"ANATOMY","Face, chin, jawline, and upper neck visible","1","JAWLINE","containment","1.000"
"ANATOMY","Face, chin, jawline, and upper neck visible","1","NECK","containment","1.000"
"ANATOMY","Face, chin, jawline, neck, and ear visible","1","FACE","containment","1.000"
"ANATOMY","Face, chin, jawline, neck, and ear visible","1","JAWLINE","containment","1.000"
"ANATOMY","Face, chin, jawline, neck, and ear visible","1","CHIN","containment","1.000"
"ANATOMY","Face, chin, jawline, neck, and ear visible","1","NECK","containment","1.000"
"ANATOMY","Face, chin, jawline, neck, and upper torso visible","1","JAWLINE","containment","1.000"
"ANATOMY","Face, chin, jawline, neck, and upper torso visible","1","FACE","containment","1.000"
"ANATOMY","Face, chin, jawline, neck, and upper torso visible","1","NECK","containment","1.000"
"ANATOMY","Face, chin, jawline, neck, and upper torso visible","1","CHIN","containment","1.000"
"ANATOMY","Face, chin, jawline, neck, nose, and ear visible","1","FACE","containment","1.000"
"ANATOMY","Face, chin, jawline, neck, nose, and ear visible","1","CHIN","containment","1.000"
"ANATOMY","Face, chin, jawline, neck, nose, and ear visible","1","NOSE","containment","1.000"
"ANATOMY","Face, chin, jawline, neck, nose, and ear visible","1","NECK","containment","1.000"
"ANATOMY","Face, chin, jawline, neck, nose, and ear visible","1","JAWLINE","containment","1.000"
"ANATOMY","Face, chin, neck, and hand visible","1","NECK","containment","1.000"
"ANATOMY","Face, chin, neck, and hand visible","1","FACE","containment","1.000"
"ANATOMY","Face, chin, neck, and hand visible","1","CHIN","containment","1.000"
"ANATOMY","Face, chin, neck, ear, and supporting hand visible","1","CHIN","containment","1.000"
"ANATOMY","Face, chin, neck, ear, and supporting hand visible","1","FACE","containment","1.000"
"ANATOMY","Face, chin, neck, ear, and supporting hand visible","1","NECK","containment","1.000"
"ANATOMY","Face, chin, neck, eyes, and arm visible","1","FACE","containment","1.000"
"ANATOMY","Face, chin, neck, eyes, and arm visible","1","NECK","containment","1.000"
"ANATOMY","Face, chin, neck, eyes, and arm visible","1","CHIN","containment","1.000"
"ANATOMY","Face, closed eyes, forehead, and eyebrows visible","1","FACE","containment","1.000"
"ANATOMY","Face, closed eyes, forehead, and eyebrows visible","1","FOREHEAD","containment","1.000"
"ANATOMY","Face, ear, and head visible on client","1","FACE","containment","1.000"
"ANATOMY","Face, ear, and jawline visible","1","JAWLINE","containment","1.000"
"ANATOMY","Face, ear, and jawline visible","1","FACE","containment","1.000"
"ANATOMY","Face, ear, and neck visible in profile","1","NECK","containment","1.000"
"ANATOMY","Face, ear, and neck visible in profile","1","FACE","containment","1.000"
"ANATOMY","Face, ear, jaw, and neck visible","1","FACE","containment","1.000"
"ANATOMY","Face, ear, jaw, and neck visible","1","NECK","containment","1.000"
"ANATOMY","Face, ear, neck and shoulders visible","1","NECK","containment","1.000"
"ANATOMY","Face, ear, neck and shoulders visible","1","FACE","containment","1.000"
"ANATOMY","Face, ear, neck, and cheek visible in profile","1","NECK","containment","1.000"
"ANATOMY","Face, ear, neck, and cheek visible in profile","1","CHEEK","containment","1.000"
"ANATOMY","Face, ear, neck, and cheek visible in profile","1","FACE","containment","1.000"
"ANATOMY","Face, ear, neck, and scalp area visible under cap","1","SCALP","containment","1.000"
"ANATOMY","Face, ear, neck, and scalp area visible under cap","1","FACE","containment","1.000"
"ANATOMY","Face, ear, neck, and scalp area visible under cap","1","NECK","containment","1.000"
"ANATOMY","Face, ear, neck, and scalp area visible under cap","1","UNDER_EYE","trigram","0.600"
"ANATOMY","Face, ear, neck, and shoulders visible","1","FACE","containment","1.000"
"ANATOMY","Face, ear, neck, and shoulders visible","1","NECK","containment","1.000"
"ANATOMY","Face, eye area, and upper arm visible","1","FACE","containment","1.000"
"ANATOMY","Face, eye area, cheek, nose, and scalp region visible","1","SCALP","containment","1.000"
"ANATOMY","Face, eye area, cheek, nose, and scalp region visible","1","NOSE","containment","1.000"
"ANATOMY","Face, eye area, cheek, nose, and scalp region visible","1","CHEEK","containment","1.000"
"ANATOMY","Face, eye area, cheek, nose, and scalp region visible","1","FACE","containment","1.000"
"ANATOMY","Face, eye area, chin, neck visible","1","FACE","containment","1.000"
"ANATOMY","Face, eye area, chin, neck visible","1","CHIN","containment","1.000"
"ANATOMY","Face, eye area, chin, neck visible","1","NECK","containment","1.000"
"ANATOMY","Face, eye area, nose, cheek, and neck visible","1","NOSE","containment","1.000"
"ANATOMY","Face, eye area, nose, cheek, and neck visible","1","CHEEK","containment","1.000"
"ANATOMY","Face, eye area, nose, cheek, and neck visible","1","NECK","containment","1.000"
"ANATOMY","Face, eye area, nose, cheek, and neck visible","1","FACE","containment","1.000"
"ANATOMY","Face, eye region, brow, nose, cheek, and neck visible","1","BROW","containment","1.000"
"ANATOMY","Face, eye region, brow, nose, cheek, and neck visible","1","CHEEK","containment","1.000"
"ANATOMY","Face, eye region, brow, nose, cheek, and neck visible","1","FACE","containment","1.000"
"ANATOMY","Face, eye region, brow, nose, cheek, and neck visible","1","NOSE","containment","1.000"
"ANATOMY","Face, eye region, brow, nose, cheek, and neck visible","1","NECK","containment","1.000"
"ANATOMY","Face, eye region, brow, nose, cheek, and neck visible","1","EYE_BAG_REGION","trigram","0.800"
"ANATOMY","Face, eye region, eyebrow, nose, cheek, ear, and neck visible","1","FACE","containment","1.000"
"ANATOMY","Face, eye region, eyebrow, nose, cheek, ear, and neck visible","1","CHEEK","containment","1.000"
"ANATOMY","Face, eye region, eyebrow, nose, cheek, ear, and neck visible","1","NOSE","containment","1.000"
"ANATOMY","Face, eye region, eyebrow, nose, cheek, ear, and neck visible","1","NECK","containment","1.000"
"ANATOMY","Face, eye region, eyebrow, nose, cheek, ear, and neck visible","1","EYE_BAG_REGION","trigram","0.733"
"ANATOMY","Face, eye region, eyebrow, nose, cheek, ear, and neck visible","1","BROW","trigram","0.600"
"ANATOMY","Face, eye, eyebrow, and hands visible","1","FACE","containment","1.000"
"ANATOMY","Face, eye, eyebrow, and hands visible","1","BROW","trigram","0.600"
"ANATOMY","Face, eye, nose, cheek, jaw, neck visible","1","CHEEK","containment","1.000"
"ANATOMY","Face, eye, nose, cheek, jaw, neck visible","1","NECK","containment","1.000"
"ANATOMY","Face, eye, nose, cheek, jaw, neck visible","1","FACE","containment","1.000"
"ANATOMY","Face, eye, nose, cheek, jaw, neck visible","1","NOSE","containment","1.000"
"ANATOMY","Face, eyebrow, cheek, jaw, neck, and ear visible","1","NECK","containment","1.000"
"ANATOMY","Face, eyebrow, cheek, jaw, neck, and ear visible","1","FACE","containment","1.000"
"ANATOMY","Face, eyebrow, cheek, jaw, neck, and ear visible","1","CHEEK","containment","1.000"
"ANATOMY","Face, eyebrow, cheek, jaw, neck, and ear visible","1","BROW","trigram","0.600"
"ANATOMY","Face, eyebrow/forehead region visible","1","FOREHEAD","containment","1.000"
"ANATOMY","Face, eyebrow/forehead region visible","1","FACE","containment","1.000"
"ANATOMY","Face, eyebrow/forehead region visible","1","BROW","trigram","0.600"
"ANATOMY","Face, eyebrows, and neck visible and coated in product","1","FACE","containment","1.000"
"ANATOMY","Face, eyebrows, and neck visible and coated in product","1","NECK","containment","1.000"
"ANATOMY","Face, eyes (covered), nose, mouth, ear visible","1","FACE","containment","1.000"
"ANATOMY","Face, eyes (covered), nose, mouth, ear visible","1","NOSE","containment","1.000"
"ANATOMY","Face, eyes covered, neck and ear visible","1","NECK","containment","1.000"
"ANATOMY","Face, eyes covered, neck and ear visible","1","FACE","containment","1.000"
"ANATOMY","Face, eyes covered, visible skin texture","1","FACE","containment","1.000"
"ANATOMY","Face, eyes, cheek and chin visible","1","CHEEK","containment","1.000"
"ANATOMY","Face, eyes, cheek and chin visible","1","CHIN","containment","1.000"
"ANATOMY","Face, eyes, cheek and chin visible","1","FACE","containment","1.000"
"ANATOMY","Face, eyes, chin, arms, and hands visible","1","FACE","containment","1.000"
"ANATOMY","Face, eyes, chin, arms, and hands visible","1","CHIN","containment","1.000"
"ANATOMY","Face, eyes, ears visible","1","FACE","containment","1.000"
"ANATOMY","Face, eyes, forehead, and shoulder visible","1","FOREHEAD","containment","1.000"
"ANATOMY","Face, eyes, forehead, and shoulder visible","1","FACE","containment","1.000"
"ANATOMY","Face, eyes, forehead, neck, and shoulders visible","1","FOREHEAD","containment","1.000"
"ANATOMY","Face, eyes, forehead, neck, and shoulders visible","1","FACE","containment","1.000"
"ANATOMY","Face, eyes, forehead, neck, and shoulders visible","1","NECK","containment","1.000"
"ANATOMY","Face, eyes, lips, neck visible","1","FACE","containment","1.000"
"ANATOMY","Face, eyes, lips, neck visible","1","NECK","containment","1.000"
"ANATOMY","Face, eyes, lips, neck visible","1","LIPS","containment","1.000"
"ANATOMY","Face, eyes, nose and shoulder visible","1","FACE","containment","1.000"
"ANATOMY","Face, eyes, nose and shoulder visible","1","NOSE","containment","1.000"
"ANATOMY","Face, eyes, nose, cheek and jaw visible","1","CHEEK","containment","1.000"
"ANATOMY","Face, eyes, nose, cheek and jaw visible","1","NOSE","containment","1.000"
"ANATOMY","Face, eyes, nose, cheek and jaw visible","1","FACE","containment","1.000"
"ANATOMY","Face, eyes, nose, cheeks visible","1","NOSE","containment","1.000"
"ANATOMY","Face, eyes, nose, cheeks visible","1","FACE","containment","1.000"
"ANATOMY","Face, eyes, nose, cheeks visible","1","CHEEK","trigram","0.833"
"ANATOMY","Face, eyes, nose, forehead visible","1","NOSE","containment","1.000"
"ANATOMY","Face, eyes, nose, forehead visible","1","FOREHEAD","containment","1.000"
"ANATOMY","Face, eyes, nose, forehead visible","1","FACE","containment","1.000"
"ANATOMY","Face, eyes, nose, lips, cheek, chin, and hand visible","1","LIPS","containment","1.000"
"ANATOMY","Face, eyes, nose, lips, cheek, chin, and hand visible","1","CHEEK","containment","1.000"
"ANATOMY","Face, eyes, nose, lips, cheek, chin, and hand visible","1","NOSE","containment","1.000"
"ANATOMY","Face, eyes, nose, lips, cheek, chin, and hand visible","1","CHIN","containment","1.000"
"ANATOMY","Face, eyes, nose, lips, cheek, chin, and hand visible","1","FACE","containment","1.000"
"ANATOMY","Face, eyes, nose, mouth visible","1","NOSE","containment","1.000"
"ANATOMY","Face, eyes, nose, mouth visible","1","FACE","containment","1.000"
"ANATOMY","Face, eyes, nose, mouth, ear, and neck visible","1","NOSE","containment","1.000"
"ANATOMY","Face, eyes, nose, mouth, ear, and neck visible","1","NECK","containment","1.000"
"ANATOMY","Face, eyes, nose, mouth, ear, and neck visible","1","FACE","containment","1.000"
"ANATOMY","Face, eyes, nose, mouth, neck visible","1","NOSE","containment","1.000"
"ANATOMY","Face, eyes, nose, mouth, neck visible","1","FACE","containment","1.000"
"ANATOMY","Face, eyes, nose, mouth, neck visible","1","NECK","containment","1.000"
"ANATOMY","Face, forehead and cheek visible with gel applied","1","FACE","containment","1.000"
"ANATOMY","Face, forehead and cheek visible with gel applied","1","CHEEK","containment","1.000"
"ANATOMY","Face, forehead and cheek visible with gel applied","1","FOREHEAD","containment","1.000"
"ANATOMY","Face, forehead, and cheek visible","1","FOREHEAD","containment","1.000"
"ANATOMY","Face, forehead, and cheek visible","1","FACE","containment","1.000"
"ANATOMY","Face, forehead, and cheek visible","1","CHEEK","containment","1.000"
"ANATOMY","Face, forehead, and neck of the client visible","1","FOREHEAD","containment","1.000"
"ANATOMY","Face, forehead, and neck of the client visible","1","FACE","containment","1.000"
"ANATOMY","Face, forehead, and neck of the client visible","1","NECK","containment","1.000"
"ANATOMY","Face, forehead, and neck visible on client","1","NECK","containment","1.000"
"ANATOMY","Face, forehead, and neck visible on client","1","FACE","containment","1.000"
"ANATOMY","Face, forehead, and neck visible on client","1","FOREHEAD","containment","1.000"
"ANATOMY","Face, forehead, and neck/jaw area of the reclined person visible","1","FACE","containment","1.000"
"ANATOMY","Face, forehead, and neck/jaw area of the reclined person visible","1","FOREHEAD","containment","1.000"
"ANATOMY","Face, forehead, and neck/jaw area of the reclined person visible","1","NECK","containment","1.000"
"ANATOMY","Face, forehead, and periorbital area visible","1","FACE","containment","1.000"
"ANATOMY","Face, forehead, and periorbital area visible","1","FOREHEAD","containment","1.000"
"ANATOMY","Face, forehead, and temple visible","1","FACE","containment","1.000"
"ANATOMY","Face, forehead, and temple visible","1","FOREHEAD","containment","1.000"
"ANATOMY","Face, forehead, brow, and eye region","1","FOREHEAD","containment","1.000"
"ANATOMY","Face, forehead, brow, and eye region","1","BROW","containment","1.000"
"ANATOMY","Face, forehead, brow, and eye region","1","FACE","containment","1.000"
"ANATOMY","Face, forehead, brow, and eye region","1","EYE_BAG_REGION","trigram","0.733"
"ANATOMY","Face, forehead, brow, and hands visible","1","BROW","containment","1.000"
"ANATOMY","Face, forehead, brow, and hands visible","1","FACE","containment","1.000"
"ANATOMY","Face, forehead, brow, and hands visible","1","FOREHEAD","containment","1.000"
"ANATOMY","Face, forehead, brow, nose, lips, chin, ear, and neck visible","1","LIPS","containment","1.000"
"ANATOMY","Face, forehead, brow, nose, lips, chin, ear, and neck visible","1","NECK","containment","1.000"
"ANATOMY","Face, forehead, brow, nose, lips, chin, ear, and neck visible","1","FACE","containment","1.000"
"ANATOMY","Face, forehead, brow, nose, lips, chin, ear, and neck visible","1","BROW","containment","1.000"
"ANATOMY","Face, forehead, brow, nose, lips, chin, ear, and neck visible","1","CHIN","containment","1.000"
"ANATOMY","Face, forehead, brow, nose, lips, chin, ear, and neck visible","1","FOREHEAD","containment","1.000"
"ANATOMY","Face, forehead, brow, nose, lips, chin, ear, and neck visible","1","NOSE","containment","1.000"
"ANATOMY","Face, forehead, cheek, and jaw visible","1","FACE","containment","1.000"
"ANATOMY","Face, forehead, cheek, and jaw visible","1","FOREHEAD","containment","1.000"
"ANATOMY","Face, forehead, cheek, and jaw visible","1","CHEEK","containment","1.000"
"ANATOMY","Face, forehead, cheek, and neck visible with small red marks/dots","1","FOREHEAD","containment","1.000"
"ANATOMY","Face, forehead, cheek, and neck visible with small red marks/dots","1","FACE","containment","1.000"
"ANATOMY","Face, forehead, cheek, and neck visible with small red marks/dots","1","CHEEK","containment","1.000"
"ANATOMY","Face, forehead, cheek, and neck visible with small red marks/dots","1","NECK","containment","1.000"
"ANATOMY","Face, forehead, cheek, jaw, and neck visible","1","NECK","containment","1.000"
"ANATOMY","Face, forehead, cheek, jaw, and neck visible","1","CHEEK","containment","1.000"
"ANATOMY","Face, forehead, cheek, jaw, and neck visible","1","FACE","containment","1.000"
"ANATOMY","Face, forehead, cheek, jaw, and neck visible","1","FOREHEAD","containment","1.000"
"ANATOMY","Face, forehead, cheek, nasolabial area visible","1","FACE","containment","1.000"
"ANATOMY","Face, forehead, cheek, nasolabial area visible","1","FOREHEAD","containment","1.000"
"ANATOMY","Face, forehead, cheek, nasolabial area visible","1","CHEEK","containment","1.000"
"ANATOMY","Face, forehead, cheek, nasolabial area visible","1","NASOLABIAL_REGION","trigram","0.611"
"ANATOMY","Face, forehead, cheek, nose, lips, and neck visible","1","NECK","containment","1.000"
"ANATOMY","Face, forehead, cheek, nose, lips, and neck visible","1","CHEEK","containment","1.000"
"ANATOMY","Face, forehead, cheek, nose, lips, and neck visible","1","NOSE","containment","1.000"
"ANATOMY","Face, forehead, cheek, nose, lips, and neck visible","1","FOREHEAD","containment","1.000"
"ANATOMY","Face, forehead, cheek, nose, lips, and neck visible","1","LIPS","containment","1.000"
"ANATOMY","Face, forehead, cheek, nose, lips, and neck visible","1","FACE","containment","1.000"
"ANATOMY","Face, forehead, cheek, temple","1","CHEEK","containment","1.000"
"ANATOMY","Face, forehead, cheek, temple","1","FOREHEAD","containment","1.000"
"ANATOMY","Face, forehead, cheek, temple","1","FACE","containment","1.000"
"ANATOMY","Face, forehead, cheeks visible","1","FOREHEAD","containment","1.000"
"ANATOMY","Face, forehead, cheeks visible","1","FACE","containment","1.000"
"ANATOMY","Face, forehead, cheeks visible","1","CHEEK","trigram","0.833"
"ANATOMY","Face, forehead, cheeks, chin visible","1","CHIN","containment","1.000"
"ANATOMY","Face, forehead, cheeks, chin visible","1","FACE","containment","1.000"
"ANATOMY","Face, forehead, cheeks, chin visible","1","FOREHEAD","containment","1.000"
"ANATOMY","Face, forehead, cheeks, chin visible","1","CHEEK","trigram","0.833"
"ANATOMY","Face, forehead, cheeks, ears visible","1","FACE","containment","1.000"
"ANATOMY","Face, forehead, cheeks, ears visible","1","FOREHEAD","containment","1.000"
"ANATOMY","Face, forehead, cheeks, ears visible","1","CHEEK","trigram","0.833"
"ANATOMY","Face, forehead, ear, and neck visible","1","FACE","containment","1.000"
"ANATOMY","Face, forehead, ear, and neck visible","1","FOREHEAD","containment","1.000"
"ANATOMY","Face, forehead, ear, and neck visible","1","NECK","containment","1.000"
"ANATOMY","Face, forehead, eyebrows, and neck visible","1","FOREHEAD","containment","1.000"
"ANATOMY","Face, forehead, eyebrows, and neck visible","1","NECK","containment","1.000"
"ANATOMY","Face, forehead, eyebrows, and neck visible","1","FACE","containment","1.000"
"ANATOMY","Face, forehead, eyebrows, nose, lips, chin, ear, and hands visible","1","NOSE","containment","1.000"
"ANATOMY","Face, forehead, eyebrows, nose, lips, chin, ear, and hands visible","1","FOREHEAD","containment","1.000"
"ANATOMY","Face, forehead, eyebrows, nose, lips, chin, ear, and hands visible","1","FACE","containment","1.000"
"ANATOMY","Face, forehead, eyebrows, nose, lips, chin, ear, and hands visible","1","LIPS","containment","1.000"
"ANATOMY","Face, forehead, eyebrows, nose, lips, chin, ear, and hands visible","1","CHIN","containment","1.000"
"ANATOMY","Face, forehead, eyes, cheeks, chin, and hands visible","1","CHIN","containment","1.000"
"ANATOMY","Face, forehead, eyes, cheeks, chin, and hands visible","1","FACE","containment","1.000"
"ANATOMY","Face, forehead, eyes, cheeks, chin, and hands visible","1","FOREHEAD","containment","1.000"
"ANATOMY","Face, forehead, eyes, cheeks, chin, and hands visible","1","CHEEK","trigram","0.833"
"ANATOMY","Face, forehead, eyes, lips, and neck visible","1","NECK","containment","1.000"
"ANATOMY","Face, forehead, eyes, lips, and neck visible","1","FACE","containment","1.000"
"ANATOMY","Face, forehead, eyes, lips, and neck visible","1","LIPS","containment","1.000"
"ANATOMY","Face, forehead, eyes, lips, and neck visible","1","FOREHEAD","containment","1.000"
"ANATOMY","Face, forehead, eyes, neck, and shoulders visible","1","NECK","containment","1.000"
"ANATOMY","Face, forehead, eyes, neck, and shoulders visible","1","FOREHEAD","containment","1.000"
"ANATOMY","Face, forehead, eyes, neck, and shoulders visible","1","FACE","containment","1.000"
"ANATOMY","Face, forehead, eyes, nose, and hairline visible","1","NOSE","containment","1.000"
"ANATOMY","Face, forehead, eyes, nose, and hairline visible","1","FACE","containment","1.000"
"ANATOMY","Face, forehead, eyes, nose, and hairline visible","1","FOREHEAD","containment","1.000"
"ANATOMY","Face, forehead, eyes, nose, cheeks, and chin visible","1","NOSE","containment","1.000"
"ANATOMY","Face, forehead, eyes, nose, cheeks, and chin visible","1","FACE","containment","1.000"
"ANATOMY","Face, forehead, eyes, nose, cheeks, and chin visible","1","CHIN","containment","1.000"
"ANATOMY","Face, forehead, eyes, nose, cheeks, and chin visible","1","FOREHEAD","containment","1.000"
"ANATOMY","Face, forehead, eyes, nose, cheeks, and chin visible","1","CHEEK","trigram","0.833"
"ANATOMY","Face, forehead, eyes, nose, lips, neck visible","1","NECK","containment","1.000"
"ANATOMY","Face, forehead, eyes, nose, lips, neck visible","1","NOSE","containment","1.000"
"ANATOMY","Face, forehead, eyes, nose, lips, neck visible","1","FOREHEAD","containment","1.000"
"ANATOMY","Face, forehead, eyes, nose, lips, neck visible","1","LIPS","containment","1.000"
"ANATOMY","Face, forehead, eyes, nose, lips, neck visible","1","FACE","containment","1.000"
"ANATOMY","Face, forehead, eyes, nose, mouth and neck visible","1","NECK","containment","1.000"
"ANATOMY","Face, forehead, eyes, nose, mouth and neck visible","1","NOSE","containment","1.000"
"ANATOMY","Face, forehead, eyes, nose, mouth and neck visible","1","FOREHEAD","containment","1.000"
"ANATOMY","Face, forehead, eyes, nose, mouth and neck visible","1","FACE","containment","1.000"
"ANATOMY","Face, forehead, eyes, nose, mouth, neck, and upper torso visible","1","FACE","containment","1.000"
"ANATOMY","Face, forehead, eyes, nose, mouth, neck, and upper torso visible","1","NECK","containment","1.000"
"ANATOMY","Face, forehead, eyes, nose, mouth, neck, and upper torso visible","1","NOSE","containment","1.000"
"ANATOMY","Face, forehead, eyes, nose, mouth, neck, and upper torso visible","1","FOREHEAD","containment","1.000"
"ANATOMY","Face, forehead, eyes, nose, mouth, teeth visible","1","NOSE","containment","1.000"
"ANATOMY","Face, forehead, eyes, nose, mouth, teeth visible","1","FACE","containment","1.000"
"ANATOMY","Face, forehead, eyes, nose, mouth, teeth visible","1","FOREHEAD","containment","1.000"
"ANATOMY","Face, forehead, hairline, and forearm visible","1","FOREHEAD","containment","1.000"
"ANATOMY","Face, forehead, hairline, and forearm visible","1","FACE","containment","1.000"
"ANATOMY","Face, forehead, hairline, and hands visible","1","FOREHEAD","containment","1.000"
"ANATOMY","Face, forehead, hairline, and hands visible","1","FACE","containment","1.000"
"ANATOMY","Face, forehead, hairline, nose, lips, and ear visible","1","FACE","containment","1.000"
"ANATOMY","Face, forehead, hairline, nose, lips, and ear visible","1","FOREHEAD","containment","1.000"
"ANATOMY","Face, forehead, hairline, nose, lips, and ear visible","1","LIPS","containment","1.000"
"ANATOMY","Face, forehead, hairline, nose, lips, and ear visible","1","NOSE","containment","1.000"
"ANATOMY","Face, forehead, jaw, and hands visible","1","FOREHEAD","containment","1.000"
"ANATOMY","Face, forehead, jaw, and hands visible","1","FACE","containment","1.000"
"ANATOMY","Face, forehead, neck, and upper torso visible","1","NECK","containment","1.000"
"ANATOMY","Face, forehead, neck, and upper torso visible","1","FACE","containment","1.000"
"ANATOMY","Face, forehead, neck, and upper torso visible","1","FOREHEAD","containment","1.000"
"ANATOMY","Face, forehead, nose, cheek, eyes, and ear visible","1","CHEEK","containment","1.000"
"ANATOMY","Face, forehead, nose, cheek, eyes, and ear visible","1","FACE","containment","1.000"
"ANATOMY","Face, forehead, nose, cheek, eyes, and ear visible","1","FOREHEAD","containment","1.000"
"ANATOMY","Face, forehead, nose, cheek, eyes, and ear visible","1","NOSE","containment","1.000"
"ANATOMY","Face, forehead, nose, cheeks, chin, and ear region visible","1","FOREHEAD","containment","1.000"
"ANATOMY","Face, forehead, nose, cheeks, chin, and ear region visible","1","CHIN","containment","1.000"
"ANATOMY","Face, forehead, nose, cheeks, chin, and ear region visible","1","NOSE","containment","1.000"
"ANATOMY","Face, forehead, nose, cheeks, chin, and ear region visible","1","FACE","containment","1.000"
"ANATOMY","Face, forehead, nose, cheeks, chin, and ear region visible","1","CHEEK","trigram","0.833"
"ANATOMY","Face, forehead, nose, mouth, chin, neck visible","1","FOREHEAD","containment","1.000"
"ANATOMY","Face, forehead, nose, mouth, chin, neck visible","1","NECK","containment","1.000"
"ANATOMY","Face, forehead, nose, mouth, chin, neck visible","1","NOSE","containment","1.000"
"ANATOMY","Face, forehead, nose, mouth, chin, neck visible","1","CHIN","containment","1.000"
"ANATOMY","Face, forehead, nose, mouth, chin, neck visible","1","FACE","containment","1.000"
"ANATOMY","Face, forehead, nose, neck visible","1","NECK","containment","1.000"
"ANATOMY","Face, forehead, nose, neck visible","1","FACE","containment","1.000"
"ANATOMY","Face, forehead, nose, neck visible","1","FOREHEAD","containment","1.000"
"ANATOMY","Face, forehead, nose, neck visible","1","NOSE","containment","1.000"
"ANATOMY","Face, forehead, scalp area visible","1","SCALP","containment","1.000"
"ANATOMY","Face, forehead, scalp area visible","1","FOREHEAD","containment","1.000"
"ANATOMY","Face, forehead, scalp area visible","1","FACE","containment","1.000"
"ANATOMY","Face, forehead, scalp hairline, ears, and neck visible","1","SCALP","containment","1.000"
"ANATOMY","Face, forehead, scalp hairline, ears, and neck visible","1","FACE","containment","1.000"
"ANATOMY","Face, forehead, scalp hairline, ears, and neck visible","1","NECK","containment","1.000"
"ANATOMY","Face, forehead, scalp hairline, ears, and neck visible","1","FOREHEAD","containment","1.000"
"ANATOMY","Face, forehead, scalp/hairline, and neck visible","1","NECK","containment","1.000"
"ANATOMY","Face, forehead, scalp/hairline, and neck visible","1","FACE","containment","1.000"
"ANATOMY","Face, forehead, scalp/hairline, and neck visible","1","SCALP","containment","1.000"
"ANATOMY","Face, forehead, scalp/hairline, and neck visible","1","FOREHEAD","containment","1.000"
"ANATOMY","Face, forehead, temple, and hands visible","1","FACE","containment","1.000"
"ANATOMY","Face, forehead, temple, and hands visible","1","FOREHEAD","containment","1.000"
"ANATOMY","Face, forehead, temple, ear, hair, and upper arm visible","1","FACE","containment","1.000"
"ANATOMY","Face, forehead, temple, ear, hair, and upper arm visible","1","FOREHEAD","containment","1.000"
"ANATOMY","Face, forehead, temples, cheeks, and jawline visible","1","FACE","containment","1.000"
"ANATOMY","Face, forehead, temples, cheeks, and jawline visible","1","FOREHEAD","containment","1.000"
"ANATOMY","Face, forehead, temples, cheeks, and jawline visible","1","JAWLINE","containment","1.000"
"ANATOMY","Face, forehead, temples, cheeks, and jawline visible","1","CHEEK","trigram","0.833"
"ANATOMY","Face, frontal scalp, and upper torso visible","1","FACE","containment","1.000"
"ANATOMY","Face, frontal scalp, and upper torso visible","1","SCALP","containment","1.000"
"ANATOMY","Face, frontal scalp, and upper torso visible","1","FRONTAL_SCALP","containment","1.000"
"ANATOMY","Face, hairline, and forehead visible","1","FACE","containment","1.000"
"ANATOMY","Face, hairline, and forehead visible","1","FOREHEAD","containment","1.000"
"ANATOMY","Face, hairline, and scalp area under headband visible","1","FACE","containment","1.000"
"ANATOMY","Face, hairline, and scalp area under headband visible","1","SCALP","containment","1.000"
"ANATOMY","Face, hairline, and scalp area under headband visible","1","UNDER_EYE","trigram","0.600"
"ANATOMY","Face, hairline, forehead, and neck visible","1","FACE","containment","1.000"
"ANATOMY","Face, hairline, forehead, and neck visible","1","FOREHEAD","containment","1.000"
"ANATOMY","Face, hairline, forehead, and neck visible","1","NECK","containment","1.000"
"ANATOMY","Face, head, neck, and arms are visible","1","FACE","containment","1.000"
"ANATOMY","Face, head, neck, and arms are visible","1","NECK","containment","1.000"
"ANATOMY","Face, head, neck, and shoulders visible","1","NECK","containment","1.000"
"ANATOMY","Face, head, neck, and shoulders visible","1","FACE","containment","1.000"
"ANATOMY","Face, head, neck, and upper torso visible","1","NECK","containment","1.000"
"ANATOMY","Face, head, neck, and upper torso visible","1","FACE","containment","1.000"
"ANATOMY","Face, including cheek, nose, chin, and ear visible","1","CHIN","containment","1.000"
"ANATOMY","Face, including cheek, nose, chin, and ear visible","1","FACE","containment","1.000"
"ANATOMY","Face, including cheek, nose, chin, and ear visible","1","NOSE","containment","1.000"
"ANATOMY","Face, including cheek, nose, chin, and ear visible","1","CHEEK","containment","1.000"
"ANATOMY","Face, including forehead, cheeks, nose, chin, and eyes visible","1","NOSE","containment","1.000"
"ANATOMY","Face, including forehead, cheeks, nose, chin, and eyes visible","1","CHIN","containment","1.000"
"ANATOMY","Face, including forehead, cheeks, nose, chin, and eyes visible","1","FOREHEAD","containment","1.000"
"ANATOMY","Face, including forehead, cheeks, nose, chin, and eyes visible","1","FACE","containment","1.000"
"ANATOMY","Face, including forehead, cheeks, nose, chin, and eyes visible","1","CHEEK","trigram","0.833"
"ANATOMY","Face, including nose, cheek, and forehead area visible","1","FOREHEAD","containment","1.000"
"ANATOMY","Face, including nose, cheek, and forehead area visible","1","CHEEK","containment","1.000"
"ANATOMY","Face, including nose, cheek, and forehead area visible","1","FACE","containment","1.000"
"ANATOMY","Face, including nose, cheek, and forehead area visible","1","NOSE","containment","1.000"
"ANATOMY","Face, jaw, and cheek area visible","1","CHEEK","containment","1.000"
"ANATOMY","Face, jaw, and cheek area visible","1","FACE","containment","1.000"
"ANATOMY","Face, jaw, and hairline area of reclined man visible","1","FACE","containment","1.000"
"ANATOMY","Face, jaw, cheek and neck visible","1","NECK","containment","1.000"
"ANATOMY","Face, jaw, cheek and neck visible","1","CHEEK","containment","1.000"
"ANATOMY","Face, jaw, cheek and neck visible","1","FACE","containment","1.000"
"ANATOMY","Face, jaw, cheek, and forearm visible","1","FACE","containment","1.000"
"ANATOMY","Face, jaw, cheek, and forearm visible","1","CHEEK","containment","1.000"
"ANATOMY","Face, jaw, cheek, and neck area visible","1","NECK","containment","1.000"
"ANATOMY","Face, jaw, cheek, and neck area visible","1","FACE","containment","1.000"
"ANATOMY","Face, jaw, cheek, and neck area visible","1","CHEEK","containment","1.000"
"ANATOMY","Face, jaw, cheek, and neck region visible","1","CHEEK","containment","1.000"
"ANATOMY","Face, jaw, cheek, and neck region visible","1","NECK","containment","1.000"
"ANATOMY","Face, jaw, cheek, and neck region visible","1","FACE","containment","1.000"
"ANATOMY","Face, jaw, cheek, ear, and neck visible","1","FACE","containment","1.000"
"ANATOMY","Face, jaw, cheek, ear, and neck visible","1","NECK","containment","1.000"
"ANATOMY","Face, jaw, cheek, ear, and neck visible","1","CHEEK","containment","1.000"
"ANATOMY","Face, jaw, cheek, neck region visible","1","CHEEK","containment","1.000"
"ANATOMY","Face, jaw, cheek, neck region visible","1","FACE","containment","1.000"
"ANATOMY","Face, jaw, cheek, neck region visible","1","NECK","containment","1.000"
"ANATOMY","Face, jaw, chin, ear, neck visible","1","CHIN","containment","1.000"
"ANATOMY","Face, jaw, chin, ear, neck visible","1","NECK","containment","1.000"
"ANATOMY","Face, jaw, chin, ear, neck visible","1","FACE","containment","1.000"
"ANATOMY","Face, jaw, chin, neck and ear visible","1","FACE","containment","1.000"
"ANATOMY","Face, jaw, chin, neck and ear visible","1","NECK","containment","1.000"
"ANATOMY","Face, jaw, chin, neck and ear visible","1","CHIN","containment","1.000"
"ANATOMY","Face, jaw, neck, and ear visible","1","NECK","containment","1.000"
"ANATOMY","Face, jaw, neck, and ear visible","1","FACE","containment","1.000"
"ANATOMY","Face, jaw, neck, and forehead visible","1","FOREHEAD","containment","1.000"
"ANATOMY","Face, jaw, neck, and forehead visible","1","FACE","containment","1.000"
"ANATOMY","Face, jaw, neck, and forehead visible","1","NECK","containment","1.000"
"ANATOMY","Face, jawline, cheek, chin and neck area visible","1","CHIN","containment","1.000"
"ANATOMY","Face, jawline, cheek, chin and neck area visible","1","FACE","containment","1.000"
"ANATOMY","Face, jawline, cheek, chin and neck area visible","1","JAWLINE","containment","1.000"
"ANATOMY","Face, jawline, cheek, chin and neck area visible","1","CHEEK","containment","1.000"
"ANATOMY","Face, jawline, cheek, chin and neck area visible","1","NECK","containment","1.000"
"ANATOMY","Face, jawline, cheek, neck visible","1","FACE","containment","1.000"
"ANATOMY","Face, jawline, cheek, neck visible","1","NECK","containment","1.000"
"ANATOMY","Face, jawline, cheek, neck visible","1","CHEEK","containment","1.000"
"ANATOMY","Face, jawline, cheek, neck visible","1","JAWLINE","containment","1.000"
"ANATOMY","Face, jawline, neck and forehead visible","1","FOREHEAD","containment","1.000"
"ANATOMY","Face, jawline, neck and forehead visible","1","NECK","containment","1.000"
"ANATOMY","Face, jawline, neck and forehead visible","1","JAWLINE","containment","1.000"
"ANATOMY","Face, jawline, neck and forehead visible","1","FACE","containment","1.000"
"ANATOMY","Face, jawline, scalp visible","1","FACE","containment","1.000"
"ANATOMY","Face, jawline, scalp visible","1","JAWLINE","containment","1.000"
"ANATOMY","Face, jawline, scalp visible","1","SCALP","containment","1.000"
"ANATOMY","Face, mouth, chin, and hands visible","1","FACE","containment","1.000"
"ANATOMY","Face, mouth, chin, and hands visible","1","CHIN","containment","1.000"
"ANATOMY","Face, mouth, hair, and hands visible","1","FACE","containment","1.000"
"ANATOMY","Face, neck and chin visible","1","CHIN","containment","1.000"
"ANATOMY","Face, neck and chin visible","1","FACE","containment","1.000"
"ANATOMY","Face, neck and chin visible","1","NECK","containment","1.000"
"ANATOMY","Face, neck, and chin visible","1","FACE","containment","1.000"
"ANATOMY","Face, neck, and chin visible","1","NECK","containment","1.000"
"ANATOMY","Face, neck, and chin visible","1","CHIN","containment","1.000"
"ANATOMY","Face, neck, and covered eyes visible","1","FACE","containment","1.000"
"ANATOMY","Face, neck, and covered eyes visible","1","NECK","containment","1.000"
"ANATOMY","Face, neck, and ear of the reclining person visible","1","NECK","containment","1.000"
"ANATOMY","Face, neck, and ear of the reclining person visible","1","FACE","containment","1.000"
"ANATOMY","Face, neck, and ear region visible","1","NECK","containment","1.000"
"ANATOMY","Face, neck, and ear region visible","1","FACE","containment","1.000"
"ANATOMY","Face, neck, and ear visible","1","FACE","containment","1.000"
"ANATOMY","Face, neck, and ear visible","1","NECK","containment","1.000"
"ANATOMY","Face, neck, and ear visible with cream coating","1","FACE","containment","1.000"
"ANATOMY","Face, neck, and ear visible with cream coating","1","NECK","containment","1.000"
"ANATOMY","Face, neck, and jaw area visible","1","NECK","containment","1.000"
"ANATOMY","Face, neck, and jaw area visible","1","FACE","containment","1.000"
"ANATOMY","Face, neck, and jaw region visible with enlarged/rounded contour","1","FACE","containment","1.000"
"ANATOMY","Face, neck, and jaw region visible with enlarged/rounded contour","1","NECK","containment","1.000"
"ANATOMY","Face, neck, and jawline visible","1","JAWLINE","containment","1.000"
"ANATOMY","Face, neck, and jawline visible","1","NECK","containment","1.000"
"ANATOMY","Face, neck, and jawline visible","1","FACE","containment","1.000"
"ANATOMY","Face, neck, and jawline visible with glossy skin texture","1","NECK","containment","1.000"
"ANATOMY","Face, neck, and jawline visible with glossy skin texture","1","JAWLINE","containment","1.000"
"ANATOMY","Face, neck, and jawline visible with glossy skin texture","1","FACE","containment","1.000"
"ANATOMY","Face, neck, and periorbital area visible","1","FACE","containment","1.000"
"ANATOMY","Face, neck, and periorbital area visible","1","NECK","containment","1.000"
"ANATOMY","Face, neck, and shoulder area of the reclining person visible","1","FACE","containment","1.000"
"ANATOMY","Face, neck, and shoulder area of the reclining person visible","1","NECK","containment","1.000"
"ANATOMY","Face, neck, and shoulder region visible","1","NECK","containment","1.000"
"ANATOMY","Face, neck, and shoulder region visible","1","FACE","containment","1.000"
"ANATOMY","Face, neck, and upper chest visible","1","FACE","containment","1.000"
"ANATOMY","Face, neck, and upper chest visible","1","NECK","containment","1.000"
"ANATOMY","Face, neck, and upper shoulder/chest area visible","1","FACE","containment","1.000"
"ANATOMY","Face, neck, and upper shoulder/chest area visible","1","NECK","containment","1.000"
"ANATOMY","Face, neck, arm, and hand visible","1","FACE","containment","1.000"
"ANATOMY","Face, neck, arm, and hand visible","1","NECK","containment","1.000"
"ANATOMY","Face, neck, arms, and torso visible","1","NECK","containment","1.000"
"ANATOMY","Face, neck, arms, and torso visible","1","FACE","containment","1.000"
"ANATOMY","Face, neck, cheek, ear and jaw visible","1","CHEEK","containment","1.000"
"ANATOMY","Face, neck, cheek, ear and jaw visible","1","NECK","containment","1.000"
"ANATOMY","Face, neck, cheek, ear and jaw visible","1","FACE","containment","1.000"
"ANATOMY","Face, neck, ear, and jaw region visible","1","FACE","containment","1.000"
"ANATOMY","Face, neck, ear, and jaw region visible","1","NECK","containment","1.000"
"ANATOMY","Face, neck, ears and eye area visible","1","NECK","containment","1.000"
"ANATOMY","Face, neck, ears and eye area visible","1","FACE","containment","1.000"
"ANATOMY","Face, neck, ears, and shoulders visible","1","NECK","containment","1.000"
"ANATOMY","Face, neck, ears, and shoulders visible","1","FACE","containment","1.000"
"ANATOMY","Face, neck, jawline, and ear visible","1","JAWLINE","containment","1.000"
"ANATOMY","Face, neck, jawline, and ear visible","1","NECK","containment","1.000"
"ANATOMY","Face, neck, jawline, and ear visible","1","FACE","containment","1.000"
"ANATOMY","Face, neck, jawline, and forehead visible","1","FACE","containment","1.000"
"ANATOMY","Face, neck, jawline, and forehead visible","1","FOREHEAD","containment","1.000"
"ANATOMY","Face, neck, jawline, and forehead visible","1","JAWLINE","containment","1.000"
"ANATOMY","Face, neck, jawline, and forehead visible","1","NECK","containment","1.000"
"ANATOMY","Face, neck, shoulder, and arm visible","1","FACE","containment","1.000"
"ANATOMY","Face, neck, shoulder, and arm visible","1","NECK","containment","1.000"
"ANATOMY","Face, neck, shoulders and upper torso visible","1","FACE","containment","1.000"
"ANATOMY","Face, neck, shoulders and upper torso visible","1","NECK","containment","1.000"
"ANATOMY","Face, neck, shoulders visible","1","FACE","containment","1.000"
"ANATOMY","Face, neck, shoulders visible","1","NECK","containment","1.000"
"ANATOMY","Face, nose and upper lip area","1","NOSE","containment","1.000"
"ANATOMY","Face, nose and upper lip area","1","FACE","containment","1.000"
"ANATOMY","Face, nose and upper lip area","1","LIPS","trigram","0.600"
"ANATOMY","Face, nose, and periorbital area visible","1","FACE","containment","1.000"
"ANATOMY","Face, nose, and periorbital area visible","1","NOSE","containment","1.000"
"ANATOMY","Face, nose, and upper lip region visible","1","NOSE","containment","1.000"
"ANATOMY","Face, nose, and upper lip region visible","1","FACE","containment","1.000"
"ANATOMY","Face, nose, and upper lip region visible","1","LIPS","trigram","0.600"
"ANATOMY","Face, nose, cheek, chin, ear, neck visible","1","NOSE","containment","1.000"
"ANATOMY","Face, nose, cheek, chin, ear, neck visible","1","NECK","containment","1.000"
"ANATOMY","Face, nose, cheek, chin, ear, neck visible","1","FACE","containment","1.000"
"ANATOMY","Face, nose, cheek, chin, ear, neck visible","1","CHIN","containment","1.000"
"ANATOMY","Face, nose, cheek, chin, ear, neck visible","1","CHEEK","containment","1.000"
"ANATOMY","Face, nose, cheek, chin, neck, and ear visible","1","NOSE","containment","1.000"
"ANATOMY","Face, nose, cheek, chin, neck, and ear visible","1","CHIN","containment","1.000"
"ANATOMY","Face, nose, cheek, chin, neck, and ear visible","1","NECK","containment","1.000"
"ANATOMY","Face, nose, cheek, chin, neck, and ear visible","1","CHEEK","containment","1.000"
"ANATOMY","Face, nose, cheek, chin, neck, and ear visible","1","FACE","containment","1.000"
"ANATOMY","Face, nose, cheek, forehead, neck visible","1","CHEEK","containment","1.000"
"ANATOMY","Face, nose, cheek, forehead, neck visible","1","FOREHEAD","containment","1.000"
"ANATOMY","Face, nose, cheek, forehead, neck visible","1","NECK","containment","1.000"
"ANATOMY","Face, nose, cheek, forehead, neck visible","1","NOSE","containment","1.000"
"ANATOMY","Face, nose, cheek, forehead, neck visible","1","FACE","containment","1.000"
"ANATOMY","Face, nose, cheek, neck visible","1","FACE","containment","1.000"
"ANATOMY","Face, nose, cheek, neck visible","1","NECK","containment","1.000"
"ANATOMY","Face, nose, cheek, neck visible","1","CHEEK","containment","1.000"
"ANATOMY","Face, nose, cheek, neck visible","1","NOSE","containment","1.000"
"ANATOMY","Face, nose, cheek, neck, and hands visible","1","NECK","containment","1.000"
"ANATOMY","Face, nose, cheek, neck, and hands visible","1","NOSE","containment","1.000"
"ANATOMY","Face, nose, cheek, neck, and hands visible","1","FACE","containment","1.000"
"ANATOMY","Face, nose, cheek, neck, and hands visible","1","CHEEK","containment","1.000"
"ANATOMY","Face, nose, cheek, under-eye area visible","1","NOSE","containment","1.000"
"ANATOMY","Face, nose, cheek, under-eye area visible","1","UNDER_EYE","trigram","1.000"
"ANATOMY","Face, nose, cheek, under-eye area visible","1","FACE","containment","1.000"
"ANATOMY","Face, nose, cheek, under-eye area visible","1","CHEEK","containment","1.000"
"ANATOMY","Face, nose, cheek, upper lip area","1","CHEEK","containment","1.000"
"ANATOMY","Face, nose, cheek, upper lip area","1","NOSE","containment","1.000"
"ANATOMY","Face, nose, cheek, upper lip area","1","FACE","containment","1.000"
"ANATOMY","Face, nose, cheek, upper lip area","1","LIPS","trigram","0.600"
"ANATOMY","Face, nose, cheeks, and eye area visible","1","FACE","containment","1.000"
"ANATOMY","Face, nose, cheeks, and eye area visible","1","NOSE","containment","1.000"
"ANATOMY","Face, nose, cheeks, and eye area visible","1","CHEEK","trigram","0.833"
"ANATOMY","Face, nose, eyes, mouth, and arms visible","1","NOSE","containment","1.000"
"ANATOMY","Face, nose, eyes, mouth, and arms visible","1","FACE","containment","1.000"
"ANATOMY","Face, nose, lip, chin region visible","1","NOSE","containment","1.000"
"ANATOMY","Face, nose, lip, chin region visible","1","CHIN","containment","1.000"
"ANATOMY","Face, nose, lip, chin region visible","1","FACE","containment","1.000"
"ANATOMY","Face, nose, lip, chin region visible","1","LIPS","trigram","0.600"
"ANATOMY","Face, nose, lips, and neck visible","1","NOSE","containment","1.000"
"ANATOMY","Face, nose, lips, and neck visible","1","FACE","containment","1.000"
"ANATOMY","Face, nose, lips, and neck visible","1","NECK","containment","1.000"
"ANATOMY","Face, nose, lips, and neck visible","1","LIPS","containment","1.000"
"ANATOMY","Face, nose, lips, chin, and covered eyes visible","1","CHIN","containment","1.000"
"ANATOMY","Face, nose, lips, chin, and covered eyes visible","1","LIPS","containment","1.000"
"ANATOMY","Face, nose, lips, chin, and covered eyes visible","1","FACE","containment","1.000"
"ANATOMY","Face, nose, lips, chin, and covered eyes visible","1","NOSE","containment","1.000"
"ANATOMY","Face, nose, lips, chin, cheek, eye, ear, and neck visible","1","NECK","containment","1.000"
"ANATOMY","Face, nose, lips, chin, cheek, eye, ear, and neck visible","1","FACE","containment","1.000"
"ANATOMY","Face, nose, lips, chin, cheek, eye, ear, and neck visible","1","NOSE","containment","1.000"
"ANATOMY","Face, nose, lips, chin, cheek, eye, ear, and neck visible","1","CHEEK","containment","1.000"
"ANATOMY","Face, nose, lips, chin, cheek, eye, ear, and neck visible","1","LIPS","containment","1.000"
"ANATOMY","Face, nose, lips, chin, cheek, eye, ear, and neck visible","1","CHIN","containment","1.000"
"ANATOMY","Face, nose, lips, chin, eyes, ear, and hands visible","1","CHIN","containment","1.000"
"ANATOMY","Face, nose, lips, chin, eyes, ear, and hands visible","1","NOSE","containment","1.000"
"ANATOMY","Face, nose, lips, chin, eyes, ear, and hands visible","1","LIPS","containment","1.000"
"ANATOMY","Face, nose, lips, chin, eyes, ear, and hands visible","1","FACE","containment","1.000"
"ANATOMY","Face, nose, lips, chin, neck, ear, and hands visible","1","NOSE","containment","1.000"
"ANATOMY","Face, nose, lips, chin, neck, ear, and hands visible","1","CHIN","containment","1.000"
"ANATOMY","Face, nose, lips, chin, neck, ear, and hands visible","1","NECK","containment","1.000"
"ANATOMY","Face, nose, lips, chin, neck, ear, and hands visible","1","LIPS","containment","1.000"
"ANATOMY","Face, nose, lips, chin, neck, ear, and hands visible","1","FACE","containment","1.000"
"ANATOMY","Face, nose, lips, ears, hands, and forearms visible","1","NOSE","containment","1.000"
"ANATOMY","Face, nose, lips, ears, hands, and forearms visible","1","LIPS","containment","1.000"
"ANATOMY","Face, nose, lips, ears, hands, and forearms visible","1","FACE","containment","1.000"
"ANATOMY","Face, nose, mouth, chin, neck visible","1","NOSE","containment","1.000"
"ANATOMY","Face, nose, mouth, chin, neck visible","1","FACE","containment","1.000"
"ANATOMY","Face, nose, mouth, chin, neck visible","1","NECK","containment","1.000"
"ANATOMY","Face, nose, mouth, chin, neck visible","1","CHIN","containment","1.000"
"ANATOMY","Face, nose, neck visible","1","FACE","containment","1.000"
"ANATOMY","Face, nose, neck visible","1","NOSE","containment","1.000"
"ANATOMY","Face, nose, neck visible","1","NECK","containment","1.000"
"ANATOMY","Face, nose, upper lip, ear visible","1","NOSE","containment","1.000"
"ANATOMY","Face, nose, upper lip, ear visible","1","FACE","containment","1.000"
"ANATOMY","Face, nose, upper lip, ear visible","1","UPPER_FACE","trigram","0.688"
"ANATOMY","Face, nose, upper lip, ear visible","1","LIPS","trigram","0.600"
"ANATOMY","Face, periorbital area, and arm visible","1","FACE","containment","1.000"
"ANATOMY","Face, scalp hairline, and neck visible","1","SCALP","containment","1.000"
"ANATOMY","Face, scalp hairline, and neck visible","1","FACE","containment","1.000"
"ANATOMY","Face, scalp hairline, and neck visible","1","NECK","containment","1.000"
"ANATOMY","Face, scalp/hairline, and neck visible","1","NECK","containment","1.000"
"ANATOMY","Face, scalp/hairline, and neck visible","1","FACE","containment","1.000"
"ANATOMY","Face, scalp/hairline, and neck visible","1","SCALP","containment","1.000"
"ANATOMY","Face: forehead, eyebrows, eyes, nose, lips, chin","1","FOREHEAD","containment","1.000"
"ANATOMY","Face: forehead, eyebrows, eyes, nose, lips, chin","1","CHIN","containment","1.000"
"ANATOMY","Face: forehead, eyebrows, eyes, nose, lips, chin","1","LIPS","containment","1.000"
"ANATOMY","Face: forehead, eyebrows, eyes, nose, lips, chin","1","NOSE","containment","1.000"
"ANATOMY","Face: forehead, eyebrows, eyes, nose, lips, chin","1","FACE","containment","1.000"
"ANATOMY","Face: nose, upper lip, eyes visible","1","FACE","containment","1.000"
"ANATOMY","Face: nose, upper lip, eyes visible","1","NOSE","containment","1.000"
"ANATOMY","Face: nose, upper lip, eyes visible","1","UPPER_FACE","trigram","0.688"
"ANATOMY","Face: nose, upper lip, eyes visible","1","LIPS","trigram","0.600"
"ANATOMY","Face: nose, upper lip, mouth, chin visible","1","FACE","containment","1.000"
"ANATOMY","Face: nose, upper lip, mouth, chin visible","1","CHIN","containment","1.000"
"ANATOMY","Face: nose, upper lip, mouth, chin visible","1","NOSE","containment","1.000"
"ANATOMY","Face: nose, upper lip, mouth, chin visible","1","UPPER_FACE","trigram","0.688"
"ANATOMY","Face: nose, upper lip, mouth, chin visible","1","LIPS","trigram","0.600"
"ANATOMY","Face/cheek and jaw area visible","1","FACE","containment","1.000"
"ANATOMY","Face/cheek and jaw area visible","1","CHEEK","containment","1.000"
"ANATOMY","Faces, heads, necks, arms, and hands visible","1","NECK","trigram","0.800"
"ANATOMY","Faces, heads, necks, arms, and hands visible","1","FACE","trigram","0.800"
"ANATOMY","Facial anatomy depicted in banner imagery","1","FACE","trigram","0.600"
"ANATOMY","Facial anatomy depicted in banner photography","1","FACE","trigram","0.600"
"ANATOMY","Facial anatomy depicted on banner imagery","1","FACE","trigram","0.600"
"ANATOMY","Facial anatomy including cheek, nose, lip, and eyebrow area","1","CHEEK","containment","1.000"
"ANATOMY","Facial anatomy including cheek, nose, lip, and eyebrow area","1","NOSE","containment","1.000"
"ANATOMY","Facial anatomy including cheek, nose, lip, and eyebrow area","1","BROW","trigram","0.600"
"ANATOMY","Facial anatomy including cheek, nose, lip, and eyebrow area","1","FACE","trigram","0.600"
"ANATOMY","Facial anatomy including cheek, nose, lip, and eyebrow area","1","LIPS","trigram","0.600"
"ANATOMY","Facial anatomy including eyes, brows, lips, cheeks, neck visible","1","NECK","containment","1.000"
"ANATOMY","Facial anatomy including eyes, brows, lips, cheeks, neck visible","1","LIPS","containment","1.000"
"ANATOMY","Facial anatomy including eyes, brows, lips, cheeks, neck visible","1","CHEEK","trigram","0.833"
"ANATOMY","Facial anatomy including eyes, brows, lips, cheeks, neck visible","1","BROW","trigram","0.800"
"ANATOMY","Facial anatomy including eyes, brows, lips, cheeks, neck visible","1","FACE","trigram","0.600"
"ANATOMY","Facial anatomy including nose, cheek, eyebrow, and nasolabial fold visible","1","NOSE","containment","1.000"
"ANATOMY","Facial anatomy including nose, cheek, eyebrow, and nasolabial fold visible","1","CHEEK","containment","1.000"
"ANATOMY","Facial anatomy including nose, cheek, eyebrow, and nasolabial fold visible","1","NASOLABIAL_REGION","trigram","0.611"
"ANATOMY","Facial anatomy including nose, cheek, eyebrow, and nasolabial fold visible","1","FACE","trigram","0.600"
"ANATOMY","Facial anatomy including nose, cheek, eyebrow, and nasolabial fold visible","1","BROW","trigram","0.600"
"ANATOMY","Facial anatomy shown in banner imagery","1","FACE","trigram","0.600"
"ANATOMY","Facial anatomy shown in banner photography","1","FACE","trigram","0.600"
"ANATOMY","Facial anatomy visible in profile view","1","FACE","trigram","0.600"
"ANATOMY","Facial anatomy: cheek, nose, lips, chin, eyes","1","NOSE","containment","1.000"
"ANATOMY","Facial anatomy: cheek, nose, lips, chin, eyes","1","CHIN","containment","1.000"
"ANATOMY","Facial anatomy: cheek, nose, lips, chin, eyes","1","CHEEK","containment","1.000"
"ANATOMY","Facial anatomy: cheek, nose, lips, chin, eyes","1","LIPS","containment","1.000"
"ANATOMY","Facial anatomy: cheek, nose, lips, chin, eyes","1","FACE","trigram","0.600"
"ANATOMY","Facial anatomy: cheek, nose, mouth, eye area","1","CHEEK","containment","1.000"
"ANATOMY","Facial anatomy: cheek, nose, mouth, eye area","1","NOSE","containment","1.000"
"ANATOMY","Facial anatomy: cheek, nose, mouth, eye area","1","FACE","trigram","0.600"
"ANATOMY","Facial anatomy: nose, cheek, eyebrow, eye area","1","NOSE","containment","1.000"
"ANATOMY","Facial anatomy: nose, cheek, eyebrow, eye area","1","CHEEK","containment","1.000"
"ANATOMY","Facial anatomy: nose, cheek, eyebrow, eye area","1","FACE","trigram","0.600"
"ANATOMY","Facial anatomy: nose, cheek, eyebrow, eye area","1","BROW","trigram","0.600"
"ANATOMY","Facial and eye area visible","1","FACE","trigram","0.600"
"ANATOMY","Facial and neck anatomy: forehead, cheek, nose, lips, jaw, ear, neck","1","NOSE","containment","1.000"
"ANATOMY","Facial and neck anatomy: forehead, cheek, nose, lips, jaw, ear, neck","1","LIPS","containment","1.000"
"ANATOMY","Facial and neck anatomy: forehead, cheek, nose, lips, jaw, ear, neck","1","FOREHEAD","containment","1.000"
"ANATOMY","Facial and neck anatomy: forehead, cheek, nose, lips, jaw, ear, neck","1","NECK","containment","1.000"
"ANATOMY","Facial and neck anatomy: forehead, cheek, nose, lips, jaw, ear, neck","1","CHEEK","containment","1.000"
"ANATOMY","Facial and neck anatomy: forehead, cheek, nose, lips, jaw, ear, neck","1","FACE","trigram","0.600"
"ANATOMY","Facial and neck area targeted","1","NECK","containment","1.000"
"ANATOMY","Facial and neck area targeted","1","FACE","trigram","0.600"
"ANATOMY","Facial and periocular area of patient visible","1","PERIOCULAR","containment","1.000"
"ANATOMY","Facial and periocular area of patient visible","1","FACE","trigram","0.600"
"ANATOMY","Facial area (cheek, temple, eye region) visible and being touched","1","CHEEK","containment","1.000"
"ANATOMY","Facial area (cheek, temple, eye region) visible and being touched","1","EYE_BAG_REGION","trigram","0.733"
"ANATOMY","Facial area (cheek, temple, eye region) visible and being touched","1","FACE","trigram","0.600"
"ANATOMY","Facial area around eyes","1","FACE","trigram","0.600"
"ANATOMY","Facial area including brow, eyes, and forehead visible","1","FOREHEAD","containment","1.000"
"ANATOMY","Facial area including brow, eyes, and forehead visible","1","BROW","containment","1.000"
"ANATOMY","Facial area including brow, eyes, and forehead visible","1","FACE","trigram","0.600"
"ANATOMY","Facial area including cheek and eye region","1","CHEEK","containment","1.000"
"ANATOMY","Facial area including cheek and eye region","1","EYE_BAG_REGION","trigram","0.733"
"ANATOMY","Facial area including cheek and eye region","1","FACE","trigram","0.600"
"ANATOMY","Facial area including cheek, jaw, and forehead visible","1","FOREHEAD","containment","1.000"
"ANATOMY","Facial area including cheek, jaw, and forehead visible","1","CHEEK","containment","1.000"
"ANATOMY","Facial area including cheek, jaw, and forehead visible","1","FACE","trigram","0.600"
"ANATOMY","Facial area including cheek, jaw, and periorbital region visible","1","CHEEK","containment","1.000"
"ANATOMY","Facial area including cheek, jaw, and periorbital region visible","1","FACE","trigram","0.600"
"ANATOMY","Facial area including cheek, nose, and eye region","1","NOSE","containment","1.000"
"ANATOMY","Facial area including cheek, nose, and eye region","1","CHEEK","containment","1.000"
"ANATOMY","Facial area including cheek, nose, and eye region","1","EYE_BAG_REGION","trigram","0.733"
"ANATOMY","Facial area including cheek, nose, and eye region","1","FACE","trigram","0.600"
"ANATOMY","Facial area including cheeks, nose, ear, chin visible with gel applied","1","NOSE","containment","1.000"
"ANATOMY","Facial area including cheeks, nose, ear, chin visible with gel applied","1","CHIN","containment","1.000"
"ANATOMY","Facial area including cheeks, nose, ear, chin visible with gel applied","1","CHEEK","trigram","0.833"
"ANATOMY","Facial area including cheeks, nose, ear, chin visible with gel applied","1","FACE","trigram","0.600"
"ANATOMY","Facial area including cheeks, under-eye region, and mouth visible","1","UNDER_EYE","trigram","1.000"
"ANATOMY","Facial area including cheeks, under-eye region, and mouth visible","1","CHEEK","trigram","0.833"
"ANATOMY","Facial area including cheeks, under-eye region, and mouth visible","1","EYE_BAG_REGION","trigram","0.733"
"ANATOMY","Facial area including cheeks, under-eye region, and mouth visible","1","FACE","trigram","0.600"
"ANATOMY","Facial area including cheeks, under-eye, nose, and mouth visible","1","UNDER_EYE","trigram","1.000"
"ANATOMY","Facial area including cheeks, under-eye, nose, and mouth visible","1","NOSE","containment","1.000"
"ANATOMY","Facial area including cheeks, under-eye, nose, and mouth visible","1","CHEEK","trigram","0.833"
"ANATOMY","Facial area including cheeks, under-eye, nose, and mouth visible","1","FACE","trigram","0.600"
"ANATOMY","Facial area including eyes, forehead, cheeks visible","1","FOREHEAD","containment","1.000"
"ANATOMY","Facial area including eyes, forehead, cheeks visible","1","CHEEK","trigram","0.833"
"ANATOMY","Facial area including eyes, forehead, cheeks visible","1","FACE","trigram","0.600"
"ANATOMY","Facial area including forehead, eyes, nose","1","FOREHEAD","containment","1.000"
"ANATOMY","Facial area including forehead, eyes, nose","1","NOSE","containment","1.000"
"ANATOMY","Facial area including forehead, eyes, nose","1","FACE","trigram","0.600"
"ANATOMY","Facial area including forehead, nose, eyes, cheek visible","1","FOREHEAD","containment","1.000"
"ANATOMY","Facial area including forehead, nose, eyes, cheek visible","1","NOSE","containment","1.000"
"ANATOMY","Facial area including forehead, nose, eyes, cheek visible","1","CHEEK","containment","1.000"
"ANATOMY","Facial area including forehead, nose, eyes, cheek visible","1","FACE","trigram","0.600"
"ANATOMY","Facial area including nose and cheek/scalp region visible","1","CHEEK","containment","1.000"
"ANATOMY","Facial area including nose and cheek/scalp region visible","1","SCALP","containment","1.000"
"ANATOMY","Facial area including nose and cheek/scalp region visible","1","NOSE","containment","1.000"
"ANATOMY","Facial area including nose and cheek/scalp region visible","1","FACE","trigram","0.600"
"ANATOMY","Facial area including nose, cheek, and jaw visible","1","CHEEK","containment","1.000"
"ANATOMY","Facial area including nose, cheek, and jaw visible","1","NOSE","containment","1.000"
"ANATOMY","Facial area including nose, cheek, and jaw visible","1","FACE","trigram","0.600"
"ANATOMY","Facial area including nose, cheeks, eyes visible","1","NOSE","containment","1.000"
"ANATOMY","Facial area including nose, cheeks, eyes visible","1","CHEEK","trigram","0.833"
"ANATOMY","Facial area including nose, cheeks, eyes visible","1","FACE","trigram","0.600"
"ANATOMY","Facial area including nose, eyes, lips visible","1","NOSE","containment","1.000"
"ANATOMY","Facial area including nose, eyes, lips visible","1","LIPS","containment","1.000"
"ANATOMY","Facial area including nose, eyes, lips visible","1","FACE","trigram","0.600"
"ANATOMY","Facial area including nose, lips, and cheek visible","1","LIPS","containment","1.000"
"ANATOMY","Facial area including nose, lips, and cheek visible","1","NOSE","containment","1.000"
"ANATOMY","Facial area including nose, lips, and cheek visible","1","CHEEK","containment","1.000"
"ANATOMY","Facial area including nose, lips, and cheek visible","1","FACE","trigram","0.600"
"ANATOMY","Facial area including nose, upper lip, and cheek visible","1","CHEEK","containment","1.000"
"ANATOMY","Facial area including nose, upper lip, and cheek visible","1","NOSE","containment","1.000"
"ANATOMY","Facial area including nose, upper lip, and cheek visible","1","LIPS","trigram","0.600"
"ANATOMY","Facial area including nose, upper lip, and cheek visible","1","FACE","trigram","0.600"
"ANATOMY","Facial area near eyes and cheek","1","CHEEK","containment","1.000"
"ANATOMY","Facial area near eyes and cheek","1","FACE","trigram","0.600"
"ANATOMY","Facial area near nose and cheek","1","CHEEK","containment","1.000"
"ANATOMY","Facial area near nose and cheek","1","NOSE","containment","1.000"
"ANATOMY","Facial area near nose and cheek","1","FACE","trigram","0.600"
"ANATOMY","Facial area near nose/cheek","1","CHEEK","containment","1.000"
"ANATOMY","Facial area near nose/cheek","1","NOSE","containment","1.000"
"ANATOMY","Facial area near nose/cheek","1","FACE","trigram","0.600"
"ANATOMY","Facial area near nose/cheek visible","1","CHEEK","containment","1.000"
"ANATOMY","Facial area near nose/cheek visible","1","NOSE","containment","1.000"
"ANATOMY","Facial area near nose/cheek visible","1","FACE","trigram","0.600"
"ANATOMY","Facial area near nose/eyes","1","NOSE","containment","1.000"
"ANATOMY","Facial area near nose/eyes","1","FACE","trigram","0.600"
"ANATOMY","Facial area of patient visible","1","FACE","trigram","0.600"
"ANATOMY","Facial area with visible markings","1","FACE","trigram","0.600"
"ANATOMY","Facial area, particularly around eyes, visible","1","FACE","trigram","0.600"
"ANATOMY","Facial cheek area visible","1","CHEEK","containment","1.000"
"ANATOMY","Facial cheek area visible","1","FACE","trigram","0.600"
"ANATOMY","Facial cheek area with visible skin discoloration","1","CHEEK","containment","1.000"
"ANATOMY","Facial cheek area with visible skin discoloration","1","FACE","trigram","0.600"
"ANATOMY","Facial cheek, jaw, ear, and neck region","1","NECK","containment","1.000"
"ANATOMY","Facial cheek, jaw, ear, and neck region","1","CHEEK","containment","1.000"
"ANATOMY","Facial cheek, jaw, ear, and neck region","1","FACE","trigram","0.600"
"ANATOMY","Facial cheek, nose, and lip area","1","NOSE","containment","1.000"
"ANATOMY","Facial cheek, nose, and lip area","1","CHEEK","containment","1.000"
"ANATOMY","Facial cheek, nose, and lip area","1","LIPS","trigram","0.600"
"ANATOMY","Facial cheek, nose, and lip area","1","FACE","trigram","0.600"
"ANATOMY","Facial features depicted on banners","1","FACE","trigram","0.600"
"ANATOMY","Facial profile and partial hairline visible","1","FACE","trigram","0.600"
"ANATOMY","Facial profile including forehead, eye, nose, cheek, jaw, and ear region visible","1","FOREHEAD","containment","1.000"
"ANATOMY","Facial profile including forehead, eye, nose, cheek, jaw, and ear region visible","1","CHEEK","containment","1.000"
"ANATOMY","Facial profile including forehead, eye, nose, cheek, jaw, and ear region visible","1","NOSE","containment","1.000"
"ANATOMY","Facial profile including forehead, eye, nose, cheek, jaw, and ear region visible","1","FACE","trigram","0.600"
"ANATOMY","Facial region including cheek, brow, and eye area","1","CHEEK","containment","1.000"
"ANATOMY","Facial region including cheek, brow, and eye area","1","BROW","containment","1.000"
"ANATOMY","Facial region including cheek, brow, and eye area","1","FACE","trigram","0.600"
"ANATOMY","Facial region including cheek, chin, nose, and periorbital area","1","CHEEK","containment","1.000"
"ANATOMY","Facial region including cheek, chin, nose, and periorbital area","1","CHIN","containment","1.000"
"ANATOMY","Facial region including cheek, chin, nose, and periorbital area","1","NOSE","containment","1.000"
"ANATOMY","Facial region including cheek, chin, nose, and periorbital area","1","FACE","trigram","0.600"
"ANATOMY","Facial region including cheek, eye area, forehead visible","1","CHEEK","containment","1.000"
"ANATOMY","Facial region including cheek, eye area, forehead visible","1","FOREHEAD","containment","1.000"
"ANATOMY","Facial region including cheek, eye area, forehead visible","1","FACE","trigram","0.600"
"ANATOMY","Facial region including cheek, forehead, eyebrows visible","1","CHEEK","containment","1.000"
"ANATOMY","Facial region including cheek, forehead, eyebrows visible","1","FOREHEAD","containment","1.000"
"ANATOMY","Facial region including cheek, forehead, eyebrows visible","1","FACE","trigram","0.600"
"ANATOMY","Facial region including cheek, jaw, nose, and eye area","1","NOSE","containment","1.000"
"ANATOMY","Facial region including cheek, jaw, nose, and eye area","1","CHEEK","containment","1.000"
"ANATOMY","Facial region including cheek, jaw, nose, and eye area","1","FACE","trigram","0.600"
"ANATOMY","Facial region including cheek, lower eyelid, and eyebrow","1","CHEEK","containment","1.000"
"ANATOMY","Facial region including cheek, lower eyelid, and eyebrow","1","BROW","trigram","0.600"
"ANATOMY","Facial region including cheek, lower eyelid, and eyebrow","1","FACE","trigram","0.600"
"ANATOMY","Facial region including cheek, nose, and area near eye","1","NOSE","containment","1.000"
"ANATOMY","Facial region including cheek, nose, and area near eye","1","CHEEK","containment","1.000"
"ANATOMY","Facial region including cheek, nose, and area near eye","1","FACE","trigram","0.600"
"ANATOMY","Facial region including cheek, nose, and jawline","1","JAWLINE","containment","1.000"
"ANATOMY","Facial region including cheek, nose, and jawline","1","CHEEK","containment","1.000"
"ANATOMY","Facial region including cheek, nose, and jawline","1","NOSE","containment","1.000"
"ANATOMY","Facial region including cheek, nose, and jawline","1","FACE","trigram","0.600"
"ANATOMY","Facial region including cheek, nose, and upper lip","1","NOSE","containment","1.000"
"ANATOMY","Facial region including cheek, nose, and upper lip","1","CHEEK","containment","1.000"
"ANATOMY","Facial region including cheek, nose, and upper lip","1","FACE","trigram","0.600"
"ANATOMY","Facial region including cheek, nose, and upper lip","1","LIPS","trigram","0.600"
"ANATOMY","Facial region including cheek, nose, eye area visible","1","NOSE","containment","1.000"
"ANATOMY","Facial region including cheek, nose, eye area visible","1","CHEEK","containment","1.000"
"ANATOMY","Facial region including cheek, nose, eye area visible","1","FACE","trigram","0.600"
"ANATOMY","Facial region including cheek, nose, mouth, and eye area","1","CHEEK","containment","1.000"
"ANATOMY","Facial region including cheek, nose, mouth, and eye area","1","NOSE","containment","1.000"
"ANATOMY","Facial region including cheek, nose, mouth, and eye area","1","FACE","trigram","0.600"
"ANATOMY","Facial region including cheek, temple, and forehead area visible","1","CHEEK","containment","1.000"
"ANATOMY","Facial region including cheek, temple, and forehead area visible","1","FOREHEAD","containment","1.000"
"ANATOMY","Facial region including cheek, temple, and forehead area visible","1","FACE","trigram","0.600"
"ANATOMY","Facial region including cheek, temple, eye area visible","1","CHEEK","containment","1.000"
"ANATOMY","Facial region including cheek, temple, eye area visible","1","FACE","trigram","0.600"
"ANATOMY","Facial region including eye and forehead visible","1","FOREHEAD","containment","1.000"
"ANATOMY","Facial region including eye and forehead visible","1","FACE","trigram","0.600"
"ANATOMY","Facial region including eye area visible","1","FACE","trigram","0.600"
"ANATOMY","Facial region including eye, cheek, temple visible","1","CHEEK","containment","1.000"
"ANATOMY","Facial region including eye, cheek, temple visible","1","FACE","trigram","0.600"
"ANATOMY","Facial region including eyebrow and nose","1","NOSE","containment","1.000"
"ANATOMY","Facial region including eyebrow and nose","1","FACE","trigram","0.600"
"ANATOMY","Facial region including eyebrow and nose","1","BROW","trigram","0.600"
"ANATOMY","Facial region including eyes, nose, mouth, and forehead visible","1","FOREHEAD","containment","1.000"
"ANATOMY","Facial region including eyes, nose, mouth, and forehead visible","1","NOSE","containment","1.000"
"ANATOMY","Facial region including eyes, nose, mouth, and forehead visible","1","FACE","trigram","0.600"
"ANATOMY","Facial region including forehead, brow, and periorbital area","1","BROW","containment","1.000"
"ANATOMY","Facial region including forehead, brow, and periorbital area","1","FOREHEAD","containment","1.000"
"ANATOMY","Facial region including forehead, brow, and periorbital area","1","FACE","trigram","0.600"
"ANATOMY","Facial region including forehead, cheeks, nose, lips visible","1","FOREHEAD","containment","1.000"
"ANATOMY","Facial region including forehead, cheeks, nose, lips visible","1","LIPS","containment","1.000"
"ANATOMY","Facial region including forehead, cheeks, nose, lips visible","1","NOSE","containment","1.000"
"ANATOMY","Facial region including forehead, cheeks, nose, lips visible","1","CHEEK","trigram","0.833"
"ANATOMY","Facial region including forehead, cheeks, nose, lips visible","1","FACE","trigram","0.600"
"ANATOMY","Facial region including forehead, nose, cheeks, and neck visible","1","NECK","containment","1.000"
"ANATOMY","Facial region including forehead, nose, cheeks, and neck visible","1","FOREHEAD","containment","1.000"
"ANATOMY","Facial region including forehead, nose, cheeks, and neck visible","1","NOSE","containment","1.000"
"ANATOMY","Facial region including forehead, nose, cheeks, and neck visible","1","CHEEK","trigram","0.833"
"ANATOMY","Facial region including forehead, nose, cheeks, and neck visible","1","FACE","trigram","0.600"
"ANATOMY","Facial region including nose, cheek, and lip area","1","CHEEK","containment","1.000"
"ANATOMY","Facial region including nose, cheek, and lip area","1","NOSE","containment","1.000"
"ANATOMY","Facial region including nose, cheek, and lip area","1","FACE","trigram","0.600"
"ANATOMY","Facial region including nose, cheek, and lip area","1","LIPS","trigram","0.600"
"ANATOMY","Facial region including nose, cheek, eye area","1","NOSE","containment","1.000"
"ANATOMY","Facial region including nose, cheek, eye area","1","CHEEK","containment","1.000"
"ANATOMY","Facial region including nose, cheek, eye area","1","FACE","trigram","0.600"
"ANATOMY","Facial region including nose, upper lip, and eye area visible","1","NOSE","containment","1.000"
"ANATOMY","Facial region including nose, upper lip, and eye area visible","1","FACE","trigram","0.600"
"ANATOMY","Facial region including nose, upper lip, and eye area visible","1","LIPS","trigram","0.600"
"ANATOMY","Facial region near nose/mouth visible","1","NOSE","containment","1.000"
"ANATOMY","Facial region near nose/mouth visible","1","FACE","trigram","0.600"
"ANATOMY","Facial region visible on patient","1","FACE","trigram","0.600"
"ANATOMY","Facial region visible on reclined person","1","FACE","trigram","0.600"
"ANATOMY","Facial region visible: forehead, eyebrows, nose, lips, chin","1","LIPS","containment","1.000"
"ANATOMY","Facial region visible: forehead, eyebrows, nose, lips, chin","1","CHIN","containment","1.000"
"ANATOMY","Facial region visible: forehead, eyebrows, nose, lips, chin","1","NOSE","containment","1.000"
"ANATOMY","Facial region visible: forehead, eyebrows, nose, lips, chin","1","FOREHEAD","containment","1.000"
"ANATOMY","Facial region visible: forehead, eyebrows, nose, lips, chin","1","FACE","trigram","0.600"
"ANATOMY","Facial region visible: forehead, eyes, cheek","1","CHEEK","containment","1.000"
"ANATOMY","Facial region visible: forehead, eyes, cheek","1","FOREHEAD","containment","1.000"
"ANATOMY","Facial region visible: forehead, eyes, cheek","1","FACE","trigram","0.600"
"ANATOMY","Facial region, upper lip/nose area","1","NOSE","containment","1.000"
"ANATOMY","Facial region, upper lip/nose area","1","FACE","trigram","0.600"
"ANATOMY","Facial region, upper lip/nose area","1","LIPS","trigram","0.600"
"ANATOMY","Facial region: cheek, mouth corner, eye/brow area","1","BROW","containment","1.000"
"ANATOMY","Facial region: cheek, mouth corner, eye/brow area","1","CHEEK","containment","1.000"
"ANATOMY","Facial region: cheek, mouth corner, eye/brow area","1","FACE","trigram","0.600"
"ANATOMY","Facial region: cheek, nose, and under-eye area","1","NOSE","containment","1.000"
"ANATOMY","Facial region: cheek, nose, and under-eye area","1","CHEEK","containment","1.000"
"ANATOMY","Facial region: cheek, nose, and under-eye area","1","UNDER_EYE","trigram","1.000"
"ANATOMY","Facial region: cheek, nose, and under-eye area","1","FACE","trigram","0.600"
"ANATOMY","Facial region: cheek, nose, eye area","1","NOSE","containment","1.000"
"ANATOMY","Facial region: cheek, nose, eye area","1","CHEEK","containment","1.000"
"ANATOMY","Facial region: cheek, nose, eye area","1","FACE","trigram","0.600"
"ANATOMY","Facial region: cheek, nose, eye, mouth","1","NOSE","containment","1.000"
"ANATOMY","Facial region: cheek, nose, eye, mouth","1","CHEEK","containment","1.000"
"ANATOMY","Facial region: cheek, nose, eye, mouth","1","FACE","trigram","0.600"
"ANATOMY","Facial region: cheek, nose, mouth, eye area","1","NOSE","containment","1.000"
"ANATOMY","Facial region: cheek, nose, mouth, eye area","1","CHEEK","containment","1.000"
"ANATOMY","Facial region: cheek, nose, mouth, eye area","1","FACE","trigram","0.600"
"ANATOMY","Facial region: eye area, cheek, nose","1","NOSE","containment","1.000"
"ANATOMY","Facial region: eye area, cheek, nose","1","CHEEK","containment","1.000"
"ANATOMY","Facial region: eye area, cheek, nose","1","EYE_BAG_REGION","trigram","0.733"
"ANATOMY","Facial region: eye area, cheek, nose","1","FACE","trigram","0.600"
"ANATOMY","Facial region: eyebrows, nose, lips, cheek, periorbital area","1","NOSE","containment","1.000"
"ANATOMY","Facial region: eyebrows, nose, lips, cheek, periorbital area","1","LIPS","containment","1.000"
"ANATOMY","Facial region: eyebrows, nose, lips, cheek, periorbital area","1","CHEEK","containment","1.000"
"ANATOMY","Facial region: eyebrows, nose, lips, cheek, periorbital area","1","EYE_BAG_REGION","trigram","0.667"
"ANATOMY","Facial region: eyebrows, nose, lips, cheek, periorbital area","1","FACE","trigram","0.600"
"ANATOMY","Facial region: nose, cheek, eyebrow, eye area","1","NOSE","containment","1.000"
"ANATOMY","Facial region: nose, cheek, eyebrow, eye area","1","CHEEK","containment","1.000"
"ANATOMY","Facial region: nose, cheek, eyebrow, eye area","1","BROW","trigram","0.600"
"ANATOMY","Facial region: nose, cheek, eyebrow, eye area","1","FACE","trigram","0.600"
"ANATOMY","Facial region: nose, glabella, forehead","1","FOREHEAD","containment","1.000"
"ANATOMY","Facial region: nose, glabella, forehead","1","NOSE","containment","1.000"
"ANATOMY","Facial region: nose, glabella, forehead","1","GLABELLA","containment","1.000"
"ANATOMY","Facial region: nose, glabella, forehead","1","FACE","trigram","0.600"
"ANATOMY","Facial region: nose, lips, cheeks, chin visible","1","LIPS","containment","1.000"
"ANATOMY","Facial region: nose, lips, cheeks, chin visible","1","NOSE","containment","1.000"
"ANATOMY","Facial region: nose, lips, cheeks, chin visible","1","CHIN","containment","1.000"
"ANATOMY","Facial region: nose, lips, cheeks, chin visible","1","CHEEK","trigram","0.833"
"ANATOMY","Facial region: nose, lips, cheeks, chin visible","1","FACE","trigram","0.600"
"ANATOMY","Facial region: nose, lips, cheeks, forehead, eyes","1","LIPS","containment","1.000"
"ANATOMY","Facial region: nose, lips, cheeks, forehead, eyes","1","FOREHEAD","containment","1.000"
"ANATOMY","Facial region: nose, lips, cheeks, forehead, eyes","1","NOSE","containment","1.000"
"ANATOMY","Facial region: nose, lips, cheeks, forehead, eyes","1","CHEEK","trigram","0.833"
"ANATOMY","Facial region: nose, lips, cheeks, forehead, eyes","1","FACE","trigram","0.600"
"ANATOMY","Facial region: nose, upper lip, cheek area visible","1","NOSE","containment","1.000"
"ANATOMY","Facial region: nose, upper lip, cheek area visible","1","CHEEK","containment","1.000"
"ANATOMY","Facial region: nose, upper lip, cheek area visible","1","LIPS","trigram","0.600"
"ANATOMY","Facial region: nose, upper lip, cheek area visible","1","FACE","trigram","0.600"
"ANATOMY","Facial region: nose, upper lip, forehead visible","1","FOREHEAD","containment","1.000"
"ANATOMY","Facial region: nose, upper lip, forehead visible","1","NOSE","containment","1.000"
"ANATOMY","Facial region: nose, upper lip, forehead visible","1","LIPS","trigram","0.600"
"ANATOMY","Facial region: nose, upper lip, forehead visible","1","FACE","trigram","0.600"
"ANATOMY","Facial skin area near eyes and cheek","1","CHEEK","containment","1.000"
"ANATOMY","Facial skin area near eyes and cheek","1","FACE","trigram","0.600"
"ANATOMY","Facial skin around nose, cheeks, and forehead","1","NOSE","containment","1.000"
"ANATOMY","Facial skin around nose, cheeks, and forehead","1","FOREHEAD","containment","1.000"
"ANATOMY","Facial skin around nose, cheeks, and forehead","1","CHEEK","trigram","0.833"
"ANATOMY","Facial skin around nose, cheeks, and forehead","1","FACE","trigram","0.600"
"ANATOMY","Facial skin near eyes, cheeks, forehead","1","FOREHEAD","containment","1.000"
"ANATOMY","Facial skin near eyes, cheeks, forehead","1","CHEEK","trigram","0.833"
"ANATOMY","Facial skin near eyes, cheeks, forehead","1","FACE","trigram","0.600"
"ANATOMY","Facial skin near forehead/eye area treated","1","FOREHEAD","containment","1.000"
"ANATOMY","Facial skin near forehead/eye area treated","1","FACE","trigram","0.600"
"ANATOMY","Facial skin near jaw, cheek, and ear","1","CHEEK","containment","1.000"
"ANATOMY","Facial skin near jaw, cheek, and ear","1","FACE","trigram","0.600"
"ANATOMY","Facial/eye area of patient visible","1","FACE","trigram","0.600"
"ANATOMY","Facial/eye area visible","1","FACE","trigram","0.600"
"ANATOMY","Facial/eye region of patient","1","EYE_BAG_REGION","trigram","0.733"
"ANATOMY","Facial/eye region of patient","1","FACE","trigram","0.600"
"ANATOMY","Facial/neck area of patient visible","1","NECK","containment","1.000"
"ANATOMY","Facial/neck area of patient visible","1","FACE","trigram","0.600"
"ANATOMY","Facial/neck area of seated person visible","1","NECK","containment","1.000"
"ANATOMY","Facial/neck area of seated person visible","1","FACE","trigram","0.600"
"ANATOMY","Facial/periorbital region visible","1","FACE","trigram","0.600"
"ANATOMY","Forearm/hand and scalp visible as anatomical sites","1","SCALP","containment","1.000"
"ANATOMY","Forearm/inner arm skin surface","1","FACE","trigram","0.600"
"ANATOMY","Forehead and eyebrow/periorbital area visible","1","FOREHEAD","containment","1.000"
"ANATOMY","Forehead and eyebrow/periorbital area visible","1","BROW","trigram","0.600"
"ANATOMY","Forehead and face visible","1","FOREHEAD","containment","1.000"
"ANATOMY","Forehead and face visible","1","FACE","containment","1.000"
"ANATOMY","Forehead and facial area of patient","1","FOREHEAD","containment","1.000"
"ANATOMY","Forehead and facial area of patient","1","FACE","trigram","0.600"
"ANATOMY","Forehead and frontal hairline visible","1","FRONTAL_HAIRLINE","containment","1.000"
"ANATOMY","Forehead and frontal hairline visible","1","FOREHEAD","containment","1.000"
"ANATOMY","Forehead and scalp area of the client visible","1","FOREHEAD","containment","1.000"
"ANATOMY","Forehead and scalp area of the client visible","1","SCALP","containment","1.000"
"ANATOMY","Forehead and scalp/hairline area of client visible","1","FOREHEAD","containment","1.000"
"ANATOMY","Forehead and scalp/hairline area of client visible","1","SCALP","containment","1.000"
"ANATOMY","Forehead and scalp/hairline area visible","1","SCALP","containment","1.000"
"ANATOMY","Forehead and scalp/hairline area visible","1","FOREHEAD","containment","1.000"
"ANATOMY","Forehead, cheek, jaw, and neck visible","1","CHEEK","containment","1.000"
"ANATOMY","Forehead, cheek, jaw, and neck visible","1","NECK","containment","1.000"
"ANATOMY","Forehead, cheek, jaw, and neck visible","1","FOREHEAD","containment","1.000"
"ANATOMY","Forehead, eyebrow, eye area, nose, cheek","1","NOSE","containment","1.000"
"ANATOMY","Forehead, eyebrow, eye area, nose, cheek","1","FOREHEAD","containment","1.000"
"ANATOMY","Forehead, eyebrow, eye area, nose, cheek","1","CHEEK","containment","1.000"
"ANATOMY","Forehead, eyebrow, eye area, nose, cheek","1","BROW","trigram","0.600"
"ANATOMY","Forehead, eyebrow, nose bridge, cheek","1","FOREHEAD","containment","1.000"
"ANATOMY","Forehead, eyebrow, nose bridge, cheek","1","NOSE","containment","1.000"
"ANATOMY","Forehead, eyebrow, nose bridge, cheek","1","CHEEK","containment","1.000"
"ANATOMY","Forehead, eyebrow, nose bridge, cheek","1","BROW","trigram","0.600"
"ANATOMY","Forehead, eyebrow, nose region visible","1","FOREHEAD","containment","1.000"
"ANATOMY","Forehead, eyebrow, nose region visible","1","NOSE","containment","1.000"
"ANATOMY","Forehead, eyebrow, nose region visible","1","BROW","trigram","0.600"
"ANATOMY","Forehead, eyebrows, cheek, chin, jaw and neck visible","1","CHIN","containment","1.000"
"ANATOMY","Forehead, eyebrows, cheek, chin, jaw and neck visible","1","NECK","containment","1.000"
"ANATOMY","Forehead, eyebrows, cheek, chin, jaw and neck visible","1","CHEEK","containment","1.000"
"ANATOMY","Forehead, eyebrows, cheek, chin, jaw and neck visible","1","FOREHEAD","containment","1.000"
"ANATOMY","Forehead, eyebrows, nose, cheeks, neck visible","1","FOREHEAD","containment","1.000"
"ANATOMY","Forehead, eyebrows, nose, cheeks, neck visible","1","NECK","containment","1.000"
"ANATOMY","Forehead, eyebrows, nose, cheeks, neck visible","1","NOSE","containment","1.000"
"ANATOMY","Forehead, eyebrows, nose, cheeks, neck visible","1","CHEEK","trigram","0.833"
"ANATOMY","Forehead, hairline, and face visible","1","FACE","containment","1.000"
"ANATOMY","Forehead, hairline, and face visible","1","FOREHEAD","containment","1.000"
"ANATOMY","Forehead, hairline, and facial area visible","1","FOREHEAD","containment","1.000"
"ANATOMY","Forehead, hairline, and facial area visible","1","FACE","trigram","0.600"
"ANATOMY","Forehead, hairline, and facial features visible","1","FOREHEAD","containment","1.000"
"ANATOMY","Forehead, hairline, and facial features visible","1","FACE","trigram","0.600"
"ANATOMY","Forehead, hairline, and frontal scalp visible","1","FRONTAL_SCALP","containment","1.000"
"ANATOMY","Forehead, hairline, and frontal scalp visible","1","SCALP","containment","1.000"
"ANATOMY","Forehead, hairline, and frontal scalp visible","1","FOREHEAD","containment","1.000"
"ANATOMY","Forehead, hairline, and frontal scalp visible","1","FRONTAL_HAIRLINE","trigram","0.810"
"ANATOMY","Forehead, hairline, and scalp area visible","1","SCALP","containment","1.000"
"ANATOMY","Forehead, hairline, and scalp area visible","1","FOREHEAD","containment","1.000"
"ANATOMY","Forehead, hairline, ear, and nose region visible","1","FOREHEAD","containment","1.000"
"ANATOMY","Forehead, hairline, ear, and nose region visible","1","NOSE","containment","1.000"
"ANATOMY","Forehead, hairline, ear, and scalp visible","1","SCALP","containment","1.000"
"ANATOMY","Forehead, hairline, ear, and scalp visible","1","FOREHEAD","containment","1.000"
"ANATOMY","Forehead, hairline, ear, eye area visible","1","FOREHEAD","containment","1.000"
"ANATOMY","Forehead, hairline, face, and ear visible","1","FOREHEAD","containment","1.000"
"ANATOMY","Forehead, hairline, face, and ear visible","1","FACE","containment","1.000"
"ANATOMY","Forehead, hairline, scalp, ear, and facial profile visible","1","FOREHEAD","containment","1.000"
"ANATOMY","Forehead, hairline, scalp, ear, and facial profile visible","1","SCALP","containment","1.000"
"ANATOMY","Forehead, hairline, scalp, ear, and facial profile visible","1","FACE","trigram","0.600"
"ANATOMY","Forehead, scalp hairline, and face visible","1","FOREHEAD","containment","1.000"
"ANATOMY","Forehead, scalp hairline, and face visible","1","FACE","containment","1.000"
"ANATOMY","Forehead, scalp hairline, and face visible","1","SCALP","containment","1.000"
"ANATOMY","Forehead, scalp/hairline, face, ear, and neck visible","1","NECK","containment","1.000"
"ANATOMY","Forehead, scalp/hairline, face, ear, and neck visible","1","FACE","containment","1.000"
"ANATOMY","Forehead, scalp/hairline, face, ear, and neck visible","1","FOREHEAD","containment","1.000"
"ANATOMY","Forehead, scalp/hairline, face, ear, and neck visible","1","SCALP","containment","1.000"
"ANATOMY","Forehead, temple, and facial area of patient visible","1","FOREHEAD","containment","1.000"
"ANATOMY","Forehead, temple, and facial area of patient visible","1","FACE","trigram","0.600"
"ANATOMY","Forehead, temple, and hairline visible","1","FOREHEAD","containment","1.000"
"ANATOMY","Forehead, temple, hairline, face, and ear visible","1","FACE","containment","1.000"
"ANATOMY","Forehead, temple, hairline, face, and ear visible","1","FOREHEAD","containment","1.000"
"ANATOMY","Forehead/brow area of patient visible","1","BROW","containment","1.000"
"ANATOMY","Forehead/brow area of patient visible","1","FOREHEAD","containment","1.000"
"ANATOMY","Forehead/scalp and nasal area visible","1","SCALP","containment","1.000"
"ANATOMY","Forehead/scalp and nasal area visible","1","FOREHEAD","containment","1.000"
"ANATOMY","Forehead/scalp area of patient visible","1","FOREHEAD","containment","1.000"
"ANATOMY","Forehead/scalp area of patient visible","1","SCALP","containment","1.000"
"ANATOMY","Forehead/scalp region near hairline","1","SCALP","containment","1.000"
"ANATOMY","Forehead/scalp region near hairline","1","FOREHEAD","containment","1.000"
"ANATOMY","Front scalp, face, head, and neck visible","1","NECK","containment","1.000"
"ANATOMY","Front scalp, face, head, and neck visible","1","FACE","containment","1.000"
"ANATOMY","Front scalp, face, head, and neck visible","1","SCALP","containment","1.000"
"ANATOMY","Front scalp, face, head, and neck visible","1","FRONTAL_SCALP","trigram","0.733"
"ANATOMY","Frontal and top scalp visible","1","SCALP","containment","1.000"
"ANATOMY","Frontal and top scalp visible","1","FRONTAL_SCALP","trigram","0.636"
"ANATOMY","Frontal and upper scalp visible","1","SCALP","containment","1.000"
"ANATOMY","Frontal hairline and upper scalp visible","1","SCALP","containment","1.000"
"ANATOMY","Frontal hairline and upper scalp visible","1","FRONTAL_HAIRLINE","containment","1.000"
"ANATOMY","Frontal hairline, forehead, and scalp visible at hair part","1","FOREHEAD","containment","1.000"
"ANATOMY","Frontal hairline, forehead, and scalp visible at hair part","1","SCALP","containment","1.000"
"ANATOMY","Frontal hairline, forehead, and scalp visible at hair part","1","FRONTAL_HAIRLINE","containment","1.000"
"ANATOMY","Frontal scalp and hairline visible","1","SCALP","containment","1.000"
"ANATOMY","Frontal scalp and hairline visible","1","FRONTAL_SCALP","containment","1.000"
"ANATOMY","Frontal scalp and hairline visible","1","FRONTAL_HAIRLINE","trigram","0.630"
"ANATOMY","Frontal scalp, hairline, and facial features visible","1","SCALP","containment","1.000"
"ANATOMY","Frontal scalp, hairline, and facial features visible","1","FRONTAL_SCALP","containment","1.000"
"ANATOMY","Frontal scalp, hairline, and facial features visible","1","FRONTAL_HAIRLINE","trigram","0.739"
"ANATOMY","Frontal scalp, hairline, and facial features visible","1","FACE","trigram","0.600"
"ANATOMY","Frontal scalp, hairline, and forehead visible","1","SCALP","containment","1.000"
"ANATOMY","Frontal scalp, hairline, and forehead visible","1","FRONTAL_SCALP","containment","1.000"
"ANATOMY","Frontal scalp, hairline, and forehead visible","1","FOREHEAD","containment","1.000"
"ANATOMY","Frontal scalp, hairline, and forehead visible","1","FRONTAL_HAIRLINE","trigram","0.739"
"ANATOMY","Frontal scalp, hairline, forehead, and facial features visible","1","FOREHEAD","containment","1.000"
"ANATOMY","Frontal scalp, hairline, forehead, and facial features visible","1","FRONTAL_SCALP","containment","1.000"
"ANATOMY","Frontal scalp, hairline, forehead, and facial features visible","1","SCALP","containment","1.000"
"ANATOMY","Frontal scalp, hairline, forehead, and facial features visible","1","FRONTAL_HAIRLINE","trigram","0.739"
"ANATOMY","Frontal scalp, hairline, forehead, and facial features visible","1","FACE","trigram","0.600"
"ANATOMY","Frontal scalp, hairline, temporal and midscalp regions","1","SCALP","containment","1.000"
"ANATOMY","Frontal scalp, hairline, temporal and midscalp regions","1","MIDSCALP","containment","1.000"
"ANATOMY","Frontal scalp, hairline, temporal and midscalp regions","1","FRONTAL_SCALP","containment","1.000"
"ANATOMY","Frontal scalp, hairline, temporal and midscalp regions","1","FRONTAL_HAIRLINE","trigram","0.739"
"ANATOMY","Frontal scalp, hairline, temporal and midscalp regions","1","TEMPORAL_FACE","trigram","0.643"
"ANATOMY","Hair-covered scalp visible","1","SCALP","containment","1.000"
"ANATOMY","Hands, face, and mouth region visible","1","FACE","containment","1.000"
"ANATOMY","Head and scalp region visible","1","SCALP","containment","1.000"
"ANATOMY","Head and scalp visible","1","SCALP","containment","1.000"
"ANATOMY","Head, face, and ear in right profile view","1","FACE","containment","1.000"
"ANATOMY","Head, face, and hairline visible","1","FACE","containment","1.000"
"ANATOMY","Head, face, and neck region visible","1","FACE","containment","1.000"
"ANATOMY","Head, face, and neck region visible","1","NECK","containment","1.000"
"ANATOMY","Head, face, and scalp area partially covered by headwear","1","FACE","containment","1.000"
"ANATOMY","Head, face, and scalp area partially covered by headwear","1","SCALP","containment","1.000"
"ANATOMY","Head, face, and scalp area visible","1","FACE","containment","1.000"
"ANATOMY","Head, face, and scalp area visible","1","SCALP","containment","1.000"
"ANATOMY","Head, face, and scalp visible in profile","1","SCALP","containment","1.000"
"ANATOMY","Head, face, and scalp visible in profile","1","FACE","containment","1.000"
"ANATOMY","Head, face, and shoulders visible","1","FACE","containment","1.000"
"ANATOMY","Head, face, ear, and hairline visible in profile","1","FACE","containment","1.000"
"ANATOMY","Head, face, ear, and neck visible in profile","1","NECK","containment","1.000"
"ANATOMY","Head, face, ear, and neck visible in profile","1","FACE","containment","1.000"
"ANATOMY","Head, face, ear, arm, and hand visible","1","FACE","containment","1.000"
"ANATOMY","Head, face, ear, hairline, forehead, and scalp visible in profile","1","FACE","containment","1.000"
"ANATOMY","Head, face, ear, hairline, forehead, and scalp visible in profile","1","SCALP","containment","1.000"
"ANATOMY","Head, face, ear, hairline, forehead, and scalp visible in profile","1","FOREHEAD","containment","1.000"
"ANATOMY","Head, face, ear, neck and scalp visible in profile","1","NECK","containment","1.000"
"ANATOMY","Head, face, ear, neck and scalp visible in profile","1","SCALP","containment","1.000"
"ANATOMY","Head, face, ear, neck and scalp visible in profile","1","FACE","containment","1.000"
"ANATOMY","Head, face, ear, neck, and upper torso visible","1","NECK","containment","1.000"
"ANATOMY","Head, face, ear, neck, and upper torso visible","1","FACE","containment","1.000"
"ANATOMY","Head, face, ear, neck, arm, and hands visible","1","FACE","containment","1.000"
"ANATOMY","Head, face, ear, neck, arm, and hands visible","1","NECK","containment","1.000"
"ANATOMY","Head, face, ear, nose, and eyelid region visible","1","FACE","containment","1.000"
"ANATOMY","Head, face, ear, nose, and eyelid region visible","1","NOSE","containment","1.000"
"ANATOMY","Head, face, ear, temple, hairline, neck, and shoulders visible","1","NECK","containment","1.000"
"ANATOMY","Head, face, ear, temple, hairline, neck, and shoulders visible","1","FACE","containment","1.000"
"ANATOMY","Head, face, forehead and hairline visible","1","FACE","containment","1.000"
"ANATOMY","Head, face, forehead and hairline visible","1","FOREHEAD","containment","1.000"
"ANATOMY","Head, face, forehead visible","1","FOREHEAD","containment","1.000"
"ANATOMY","Head, face, forehead visible","1","FACE","containment","1.000"
"ANATOMY","Head, face, forehead, and hairline visible","1","FACE","containment","1.000"
"ANATOMY","Head, face, forehead, and hairline visible","1","FOREHEAD","containment","1.000"
"ANATOMY","Head, face, forehead, hairline, and ear visible","1","FACE","containment","1.000"
"ANATOMY","Head, face, forehead, hairline, and ear visible","1","FOREHEAD","containment","1.000"
"ANATOMY","Head, face, hairline, and ear visible in profile","1","FACE","containment","1.000"
"ANATOMY","Head, face, hairline, and neck visible","1","NECK","containment","1.000"
"ANATOMY","Head, face, hairline, and neck visible","1","FACE","containment","1.000"
"ANATOMY","Head, face, hairline, and scalp visible","1","SCALP","containment","1.000"
"ANATOMY","Head, face, hairline, and scalp visible","1","FACE","containment","1.000"
"ANATOMY","Head, face, hairline, forehead, ear, and neck visible in profile","1","NECK","containment","1.000"
"ANATOMY","Head, face, hairline, forehead, ear, and neck visible in profile","1","FOREHEAD","containment","1.000"
"ANATOMY","Head, face, hairline, forehead, ear, and neck visible in profile","1","FACE","containment","1.000"
"ANATOMY","Head, face, neck, and scalp/hairline visible","1","NECK","containment","1.000"
"ANATOMY","Head, face, neck, and scalp/hairline visible","1","FACE","containment","1.000"
"ANATOMY","Head, face, neck, and scalp/hairline visible","1","SCALP","containment","1.000"
"ANATOMY","Head, face, neck, and upper torso visible","1","NECK","containment","1.000"
"ANATOMY","Head, face, neck, and upper torso visible","1","FACE","containment","1.000"
"ANATOMY","Head, face, neck, ear, and shoulders visible","1","NECK","containment","1.000"
"ANATOMY","Head, face, neck, ear, and shoulders visible","1","FACE","containment","1.000"
"ANATOMY","Head, face, scalp, and neck visible","1","FACE","containment","1.000"
"ANATOMY","Head, face, scalp, and neck visible","1","NECK","containment","1.000"
"ANATOMY","Head, face, scalp, and neck visible","1","SCALP","containment","1.000"
"ANATOMY","Head, face, scalp, hair, ear, and neck visible","1","NECK","containment","1.000"
"ANATOMY","Head, face, scalp, hair, ear, and neck visible","1","FACE","containment","1.000"
"ANATOMY","Head, face, scalp, hair, ear, and neck visible","1","SCALP","containment","1.000"
"ANATOMY","Head, face, shoulder, arm visible","1","FACE","containment","1.000"
"ANATOMY","Head, forehead, hairline, and scalp visible","1","FOREHEAD","containment","1.000"
"ANATOMY","Head, forehead, hairline, and scalp visible","1","SCALP","containment","1.000"
"ANATOMY","Head, frontal scalp, hairline, forehead, and face visible","1","FRONTAL_SCALP","containment","1.000"
"ANATOMY","Head, frontal scalp, hairline, forehead, and face visible","1","FACE","containment","1.000"
"ANATOMY","Head, frontal scalp, hairline, forehead, and face visible","1","SCALP","containment","1.000"
"ANATOMY","Head, frontal scalp, hairline, forehead, and face visible","1","FOREHEAD","containment","1.000"
"ANATOMY","Head, frontal scalp, hairline, forehead, and face visible","1","FRONTAL_HAIRLINE","trigram","0.739"
"ANATOMY","Head, hair, and partially obscured scalp area","1","SCALP","containment","1.000"
"ANATOMY","Head, hair, forehead visible","1","FOREHEAD","containment","1.000"
"ANATOMY","Head, hairline, forehead, and facial features visible in profile","1","FOREHEAD","containment","1.000"
"ANATOMY","Head, hairline, forehead, and facial features visible in profile","1","FACE","trigram","0.600"
"ANATOMY","Head, neck, and scalp area visible","1","SCALP","containment","1.000"
"ANATOMY","Head, neck, and scalp area visible","1","NECK","containment","1.000"
"ANATOMY","Head, neck, arm, and torso visible","1","NECK","containment","1.000"
"ANATOMY","Head, neck, hair, hands, mouth visible","1","NECK","containment","1.000"
"ANATOMY","Head, scalp, face, ear, and neck are visible","1","NECK","containment","1.000"
"ANATOMY","Head, scalp, face, ear, and neck are visible","1","FACE","containment","1.000"
"ANATOMY","Head, scalp, face, ear, and neck are visible","1","SCALP","containment","1.000"
"ANATOMY","Head, scalp, face, ear, neck, and upper torso visible","1","SCALP","containment","1.000"
"ANATOMY","Head, scalp, face, ear, neck, and upper torso visible","1","NECK","containment","1.000"
"ANATOMY","Head, scalp, face, ear, neck, and upper torso visible","1","FACE","containment","1.000"
"ANATOMY","Head, scalp, forehead, ears, and partial face visible","1","SCALP","containment","1.000"
"ANATOMY","Head, scalp, forehead, ears, and partial face visible","1","FOREHEAD","containment","1.000"
"ANATOMY","Head, scalp, forehead, ears, and partial face visible","1","FACE","containment","1.000"
"ANATOMY","Head, scalp, forehead, eyes, ears, nose, and facial hair are visible","1","FOREHEAD","containment","1.000"
"ANATOMY","Head, scalp, forehead, eyes, ears, nose, and facial hair are visible","1","NOSE","containment","1.000"
"ANATOMY","Head, scalp, forehead, eyes, ears, nose, and facial hair are visible","1","SCALP","containment","1.000"
"ANATOMY","Head, scalp, forehead, eyes, ears, nose, and facial hair are visible","1","FACE","trigram","0.600"
"ANATOMY","Head, scalp, forehead, face, and ears visible","1","FOREHEAD","containment","1.000"
"ANATOMY","Head, scalp, forehead, face, and ears visible","1","FACE","containment","1.000"
"ANATOMY","Head, scalp, forehead, face, and ears visible","1","SCALP","containment","1.000"
"ANATOMY","Head, scalp, hair, and forehead visible","1","SCALP","containment","1.000"
"ANATOMY","Head, scalp, hair, and forehead visible","1","FOREHEAD","containment","1.000"
"ANATOMY","Head, scalp, hair, arms, and hands visible","1","SCALP","containment","1.000"
"ANATOMY","Head, scalp, hair, forehead, and partial face visible","1","SCALP","containment","1.000"
"ANATOMY","Head, scalp, hair, forehead, and partial face visible","1","FOREHEAD","containment","1.000"
"ANATOMY","Head, scalp, hair, forehead, and partial face visible","1","FACE","containment","1.000"
"ANATOMY","Head, scalp, hairline, and ear visible","1","SCALP","containment","1.000"
"ANATOMY","Head, scalp, hairline, and face visible","1","FACE","containment","1.000"
"ANATOMY","Head, scalp, hairline, and face visible","1","SCALP","containment","1.000"
"ANATOMY","Head, scalp, hairline, ear, face, and neck visible","1","FACE","containment","1.000"
"ANATOMY","Head, scalp, hairline, ear, face, and neck visible","1","NECK","containment","1.000"
"ANATOMY","Head, scalp, hairline, ear, face, and neck visible","1","SCALP","containment","1.000"
"ANATOMY","Head, scalp, hairline, ear, nose, and neck visible","1","SCALP","containment","1.000"
"ANATOMY","Head, scalp, hairline, ear, nose, and neck visible","1","NECK","containment","1.000"
"ANATOMY","Head, scalp, hairline, ear, nose, and neck visible","1","NOSE","containment","1.000"
"ANATOMY","Head, scalp, hairline, forehead, face, and ear visible","1","FACE","containment","1.000"
"ANATOMY","Head, scalp, hairline, forehead, face, and ear visible","1","SCALP","containment","1.000"
"ANATOMY","Head, scalp, hairline, forehead, face, and ear visible","1","FOREHEAD","containment","1.000"
"ANATOMY","Head, shoulder, and scalp area visible from behind","1","SCALP","containment","1.000"
"ANATOMY","Human scalp","1","SCALP","containment","1.000"
"ANATOMY","Human scalp illuminated by light","1","SCALP","containment","1.000"
"ANATOMY","Human scalp in close-up","1","SCALP","containment","1.000"
"ANATOMY","Human scalp with short/stubbled hair visible","1","SCALP","containment","1.000"
"ANATOMY","Human scalp with visible skin surface and edge of hairline","1","SCALP","containment","1.000"
"ANATOMY","Human scalp with visible skin surface and edge of hairline","1","FACE","trigram","0.600"
"ANATOMY","Human scalp with visible skin texture and small marks","1","SCALP","containment","1.000"
"ANATOMY","Human scalp/head visible under drape","1","SCALP","containment","1.000"
"ANATOMY","Human scalp/head visible under drape","1","UNDER_EYE","trigram","0.600"
"ANATOMY","Jaw, cheek, neck, scalp edge visible","1","CHEEK","containment","1.000"
"ANATOMY","Jaw, cheek, neck, scalp edge visible","1","NECK","containment","1.000"
"ANATOMY","Jaw, cheek, neck, scalp edge visible","1","SCALP","containment","1.000"
"ANATOMY","Jaw, chin, and ear region skin","1","CHIN","containment","1.000"
"ANATOMY","Jaw, chin, and neck skin area","1","CHIN","containment","1.000"
"ANATOMY","Jaw, chin, and neck skin area","1","NECK","containment","1.000"
"ANATOMY","Jaw, neck, and lower face area visible","1","NECK","containment","1.000"
"ANATOMY","Jaw, neck, and lower face area visible","1","FACE","containment","1.000"
"ANATOMY","Jaw, neck, and lower face area visible","1","LOWER_FACE","containment","1.000"
"ANATOMY","Jaw, neck, cheek, and nose region visible","1","CHEEK","containment","1.000"
"ANATOMY","Jaw, neck, cheek, and nose region visible","1","NOSE","containment","1.000"
"ANATOMY","Jaw, neck, cheek, and nose region visible","1","NECK","containment","1.000"
"ANATOMY","Jaw, neck, chin, and lower face visible","1","CHIN","containment","1.000"
"ANATOMY","Jaw, neck, chin, and lower face visible","1","LOWER_FACE","containment","1.000"
"ANATOMY","Jaw, neck, chin, and lower face visible","1","NECK","containment","1.000"
"ANATOMY","Jaw, neck, chin, and lower face visible","1","FACE","containment","1.000"
"ANATOMY","Jaw, neck, ear, temple, and hairline visible","1","NECK","containment","1.000"
"ANATOMY","Jawline, chin, neck, temple visible","1","CHIN","containment","1.000"
"ANATOMY","Jawline, chin, neck, temple visible","1","NECK","containment","1.000"
"ANATOMY","Jawline, chin, neck, temple visible","1","JAWLINE","containment","1.000"
"ANATOMY","Leg/thigh skin surface with pigmented mark","1","FACE","trigram","0.600"
"ANATOMY","Lower cheek, chin, jaw, and mouth area","1","CHIN","containment","1.000"
"ANATOMY","Lower cheek, chin, jaw, and mouth area","1","CHEEK","containment","1.000"
"ANATOMY","Lower cheek, chin, jaw, and neck visible","1","NECK","containment","1.000"
"ANATOMY","Lower cheek, chin, jaw, and neck visible","1","CHEEK","containment","1.000"
"ANATOMY","Lower cheek, chin, jaw, and neck visible","1","CHIN","containment","1.000"
"ANATOMY","Lower cheek, jaw, and lip area of a face","1","CHEEK","containment","1.000"
"ANATOMY","Lower cheek, jaw, and lip area of a face","1","FACE","containment","1.000"
"ANATOMY","Lower cheek, jaw, and lip area of a face","1","LIPS","trigram","0.600"
"ANATOMY","Lower cheek, jaw, and mouth region","1","CHEEK","containment","1.000"
"ANATOMY","Lower cheek, jaw, chin, and ear region","1","CHEEK","containment","1.000"
"ANATOMY","Lower cheek, jaw, chin, and ear region","1","CHIN","containment","1.000"
"ANATOMY","Lower cheek, jaw, chin, and neck region visible","1","NECK","containment","1.000"
"ANATOMY","Lower cheek, jaw, chin, and neck region visible","1","CHIN","containment","1.000"
"ANATOMY","Lower cheek, jaw, chin, and neck region visible","1","CHEEK","containment","1.000"
"ANATOMY","Lower cheek, jawline, and chin skin visible","1","CHIN","containment","1.000"
"ANATOMY","Lower cheek, jawline, and chin skin visible","1","JAWLINE","containment","1.000"
"ANATOMY","Lower cheek, jawline, and chin skin visible","1","CHEEK","containment","1.000"
"ANATOMY","Lower face and neck exposed","1","FACE","containment","1.000"
"ANATOMY","Lower face and neck exposed","1","NECK","containment","1.000"
"ANATOMY","Lower face and neck exposed","1","LOWER_FACE","containment","1.000"
"ANATOMY","Lower face and neck region visible","1","NECK","containment","1.000"
"ANATOMY","Lower face and neck region visible","1","FACE","containment","1.000"
"ANATOMY","Lower face and neck region visible","1","LOWER_FACE","containment","1.000"
"ANATOMY","Lower face and neck: chin, jawline, mouth, nostril","1","CHIN","containment","1.000"
"ANATOMY","Lower face and neck: chin, jawline, mouth, nostril","1","FACE","containment","1.000"
"ANATOMY","Lower face and neck: chin, jawline, mouth, nostril","1","LOWER_FACE","containment","1.000"
"ANATOMY","Lower face and neck: chin, jawline, mouth, nostril","1","JAWLINE","containment","1.000"
"ANATOMY","Lower face and neck: chin, jawline, mouth, nostril","1","NECK","containment","1.000"
"ANATOMY","Lower face and neck: chin, jawline, mouth, nostril","1","NOSE","trigram","0.600"
"ANATOMY","Lower face including cheek, chin, nose area","1","CHIN","containment","1.000"
"ANATOMY","Lower face including cheek, chin, nose area","1","LOWER_FACE","containment","1.000"
"ANATOMY","Lower face including cheek, chin, nose area","1","NOSE","containment","1.000"
"ANATOMY","Lower face including cheek, chin, nose area","1","FACE","containment","1.000"
"ANATOMY","Lower face including cheek, chin, nose area","1","CHEEK","containment","1.000"
"ANATOMY","Lower face including cheek, lip, and eye area","1","LOWER_FACE","containment","1.000"
"ANATOMY","Lower face including cheek, lip, and eye area","1","FACE","containment","1.000"
"ANATOMY","Lower face including cheek, lip, and eye area","1","CHEEK","containment","1.000"
"ANATOMY","Lower face including cheek, lip, and eye area","1","LIPS","trigram","0.600"
"ANATOMY","Lower face including chin, jawline, and neck skin","1","JAWLINE","containment","1.000"
"ANATOMY","Lower face including chin, jawline, and neck skin","1","FACE","containment","1.000"
"ANATOMY","Lower face including chin, jawline, and neck skin","1","LOWER_FACE","containment","1.000"
"ANATOMY","Lower face including chin, jawline, and neck skin","1","CHIN","containment","1.000"
"ANATOMY","Lower face including chin, jawline, and neck skin","1","NECK","containment","1.000"
"ANATOMY","Lower face including chin, jawline, cheek, and nose","1","JAWLINE","containment","1.000"
"ANATOMY","Lower face including chin, jawline, cheek, and nose","1","CHIN","containment","1.000"
"ANATOMY","Lower face including chin, jawline, cheek, and nose","1","LOWER_FACE","containment","1.000"
"ANATOMY","Lower face including chin, jawline, cheek, and nose","1","CHEEK","containment","1.000"
"ANATOMY","Lower face including chin, jawline, cheek, and nose","1","FACE","containment","1.000"
"ANATOMY","Lower face including chin, jawline, cheek, and nose","1","NOSE","containment","1.000"
"ANATOMY","Lower face including chin, jawline, nose, and mouth corner","1","JAWLINE","containment","1.000"
"ANATOMY","Lower face including chin, jawline, nose, and mouth corner","1","CHIN","containment","1.000"
"ANATOMY","Lower face including chin, jawline, nose, and mouth corner","1","NOSE","containment","1.000"
"ANATOMY","Lower face including chin, jawline, nose, and mouth corner","1","FACE","containment","1.000"
"ANATOMY","Lower face including chin, jawline, nose, and mouth corner","1","LOWER_FACE","containment","1.000"
"ANATOMY","Lower face including nose, cheek, and jaw","1","CHEEK","containment","1.000"
"ANATOMY","Lower face including nose, cheek, and jaw","1","NOSE","containment","1.000"
"ANATOMY","Lower face including nose, cheek, and jaw","1","LOWER_FACE","containment","1.000"
"ANATOMY","Lower face including nose, cheek, and jaw","1","FACE","containment","1.000"
"ANATOMY","Lower face including nose, cheek, and jaw/chin region","1","NOSE","containment","1.000"
"ANATOMY","Lower face including nose, cheek, and jaw/chin region","1","FACE","containment","1.000"
"ANATOMY","Lower face including nose, cheek, and jaw/chin region","1","CHIN","containment","1.000"
"ANATOMY","Lower face including nose, cheek, and jaw/chin region","1","CHEEK","containment","1.000"
"ANATOMY","Lower face including nose, cheek, and jaw/chin region","1","LOWER_FACE","containment","1.000"
"ANATOMY","Lower face including nose, cheek, upper lip, and eye area visible","1","LOWER_FACE","containment","1.000"
"ANATOMY","Lower face including nose, cheek, upper lip, and eye area visible","1","CHEEK","containment","1.000"
"ANATOMY","Lower face including nose, cheek, upper lip, and eye area visible","1","NOSE","containment","1.000"
"ANATOMY","Lower face including nose, cheek, upper lip, and eye area visible","1","FACE","containment","1.000"
"ANATOMY","Lower face including nose, cheek, upper lip, and eye area visible","1","LIPS","trigram","0.600"
"ANATOMY","Lower face including nose, chin, and jaw skin","1","NOSE","containment","1.000"
"ANATOMY","Lower face including nose, chin, and jaw skin","1","CHIN","containment","1.000"
"ANATOMY","Lower face including nose, chin, and jaw skin","1","FACE","containment","1.000"
"ANATOMY","Lower face including nose, chin, and jaw skin","1","LOWER_FACE","containment","1.000"
"ANATOMY","Lower face including nose, mouth, chin, and jawline","1","FACE","containment","1.000"
"ANATOMY","Lower face including nose, mouth, chin, and jawline","1","JAWLINE","containment","1.000"
"ANATOMY","Lower face including nose, mouth, chin, and jawline","1","CHIN","containment","1.000"
"ANATOMY","Lower face including nose, mouth, chin, and jawline","1","NOSE","containment","1.000"
"ANATOMY","Lower face including nose, mouth, chin, and jawline","1","LOWER_FACE","containment","1.000"
"ANATOMY","Lower face region including cheek, nasolabial fold, lip and jaw","1","LOWER_FACE","containment","1.000"
"ANATOMY","Lower face region including cheek, nasolabial fold, lip and jaw","1","CHEEK","containment","1.000"
"ANATOMY","Lower face region including cheek, nasolabial fold, lip and jaw","1","FACE","containment","1.000"
"ANATOMY","Lower face region including cheek, nasolabial fold, lip and jaw","1","NASOLABIAL_REGION","trigram","0.611"
"ANATOMY","Lower face region including cheek, nasolabial fold, lip and jaw","1","LIPS","trigram","0.600"
"ANATOMY","Lower face region: cheek, nose bridge, jaw","1","CHEEK","containment","1.000"
"ANATOMY","Lower face region: cheek, nose bridge, jaw","1","LOWER_FACE","containment","1.000"
"ANATOMY","Lower face region: cheek, nose bridge, jaw","1","NOSE","containment","1.000"
"ANATOMY","Lower face region: cheek, nose bridge, jaw","1","FACE","containment","1.000"
"ANATOMY","Lower face region: chin, jaw, mouth area","1","LOWER_FACE","containment","1.000"
"ANATOMY","Lower face region: chin, jaw, mouth area","1","CHIN","containment","1.000"
"ANATOMY","Lower face region: chin, jaw, mouth area","1","FACE","containment","1.000"
"ANATOMY","Lower face region: nose, cheek, jaw, chin","1","LOWER_FACE","containment","1.000"
"ANATOMY","Lower face region: nose, cheek, jaw, chin","1","NOSE","containment","1.000"
"ANATOMY","Lower face region: nose, cheek, jaw, chin","1","CHEEK","containment","1.000"
"ANATOMY","Lower face region: nose, cheek, jaw, chin","1","FACE","containment","1.000"
"ANATOMY","Lower face region: nose, cheek, jaw, chin","1","CHIN","containment","1.000"
"ANATOMY","Lower face region: nose, lips, chin, and jawline","1","LIPS","containment","1.000"
"ANATOMY","Lower face region: nose, lips, chin, and jawline","1","LOWER_FACE","containment","1.000"
"ANATOMY","Lower face region: nose, lips, chin, and jawline","1","CHIN","containment","1.000"
"ANATOMY","Lower face region: nose, lips, chin, and jawline","1","FACE","containment","1.000"
"ANATOMY","Lower face region: nose, lips, chin, and jawline","1","JAWLINE","containment","1.000"
"ANATOMY","Lower face region: nose, lips, chin, and jawline","1","NOSE","containment","1.000"
"ANATOMY","Lower face region: nose, lips, chin, jawline","1","JAWLINE","containment","1.000"
"ANATOMY","Lower face region: nose, lips, chin, jawline","1","FACE","containment","1.000"
"ANATOMY","Lower face region: nose, lips, chin, jawline","1","CHIN","containment","1.000"
"ANATOMY","Lower face region: nose, lips, chin, jawline","1","NOSE","containment","1.000"
"ANATOMY","Lower face region: nose, lips, chin, jawline","1","LIPS","containment","1.000"
"ANATOMY","Lower face region: nose, lips, chin, jawline","1","LOWER_FACE","containment","1.000"
"ANATOMY","Lower face region: nose, lips, chin, jawline visible","1","JAWLINE","containment","1.000"
"ANATOMY","Lower face region: nose, lips, chin, jawline visible","1","CHIN","containment","1.000"
"ANATOMY","Lower face region: nose, lips, chin, jawline visible","1","NOSE","containment","1.000"
"ANATOMY","Lower face region: nose, lips, chin, jawline visible","1","LOWER_FACE","containment","1.000"
"ANATOMY","Lower face region: nose, lips, chin, jawline visible","1","LIPS","containment","1.000"
"ANATOMY","Lower face region: nose, lips, chin, jawline visible","1","FACE","containment","1.000"
"ANATOMY","Lower face, cheek, and jaw/neck area visible","1","LOWER_FACE","containment","1.000"
"ANATOMY","Lower face, cheek, and jaw/neck area visible","1","FACE","containment","1.000"
"ANATOMY","Lower face, cheek, and jaw/neck area visible","1","NECK","containment","1.000"
"ANATOMY","Lower face, cheek, and jaw/neck area visible","1","CHEEK","containment","1.000"
"ANATOMY","Lower face, cheek, chin, and jaw area","1","CHIN","containment","1.000"
"ANATOMY","Lower face, cheek, chin, and jaw area","1","FACE","containment","1.000"
"ANATOMY","Lower face, cheek, chin, and jaw area","1","LOWER_FACE","containment","1.000"
"ANATOMY","Lower face, cheek, chin, and jaw area","1","CHEEK","containment","1.000"
"ANATOMY","Lower face, cheek, chin, and jaw/neck area visible","1","LOWER_FACE","containment","1.000"
"ANATOMY","Lower face, cheek, chin, and jaw/neck area visible","1","CHIN","containment","1.000"
"ANATOMY","Lower face, cheek, chin, and jaw/neck area visible","1","FACE","containment","1.000"
"ANATOMY","Lower face, cheek, chin, and jaw/neck area visible","1","CHEEK","containment","1.000"
"ANATOMY","Lower face, cheek, chin, and jaw/neck area visible","1","NECK","containment","1.000"
"ANATOMY","Lower face, cheek, chin, and neck","1","LOWER_FACE","containment","1.000"
"ANATOMY","Lower face, cheek, chin, and neck","1","CHEEK","containment","1.000"
"ANATOMY","Lower face, cheek, chin, and neck","1","FACE","containment","1.000"
"ANATOMY","Lower face, cheek, chin, and neck","1","NECK","containment","1.000"
"ANATOMY","Lower face, cheek, chin, and neck","1","CHIN","containment","1.000"
"ANATOMY","Lower face, cheek, chin, jaw, and ear visible","1","CHEEK","containment","1.000"
"ANATOMY","Lower face, cheek, chin, jaw, and ear visible","1","LOWER_FACE","containment","1.000"
"ANATOMY","Lower face, cheek, chin, jaw, and ear visible","1","CHIN","containment","1.000"
"ANATOMY","Lower face, cheek, chin, jaw, and ear visible","1","FACE","containment","1.000"
"ANATOMY","Lower face, cheek, chin, jaw, and neck visible","1","CHEEK","containment","1.000"
"ANATOMY","Lower face, cheek, chin, jaw, and neck visible","1","NECK","containment","1.000"
"ANATOMY","Lower face, cheek, chin, jaw, and neck visible","1","FACE","containment","1.000"
"ANATOMY","Lower face, cheek, chin, jaw, and neck visible","1","LOWER_FACE","containment","1.000"
"ANATOMY","Lower face, cheek, chin, jaw, and neck visible","1","CHIN","containment","1.000"
"ANATOMY","Lower face, cheek, chin, nose, neck","1","NOSE","containment","1.000"
"ANATOMY","Lower face, cheek, chin, nose, neck","1","LOWER_FACE","containment","1.000"
"ANATOMY","Lower face, cheek, chin, nose, neck","1","NECK","containment","1.000"
"ANATOMY","Lower face, cheek, chin, nose, neck","1","CHIN","containment","1.000"
"ANATOMY","Lower face, cheek, chin, nose, neck","1","FACE","containment","1.000"
"ANATOMY","Lower face, cheek, chin, nose, neck","1","CHEEK","containment","1.000"
"ANATOMY","Lower face, cheek, jaw and neck region","1","CHEEK","containment","1.000"
"ANATOMY","Lower face, cheek, jaw and neck region","1","LOWER_FACE","containment","1.000"
"ANATOMY","Lower face, cheek, jaw and neck region","1","NECK","containment","1.000"
"ANATOMY","Lower face, cheek, jaw and neck region","1","FACE","containment","1.000"
"ANATOMY","Lower face, cheek, jaw and nose area shown","1","CHEEK","containment","1.000"
"ANATOMY","Lower face, cheek, jaw and nose area shown","1","FACE","containment","1.000"
"ANATOMY","Lower face, cheek, jaw and nose area shown","1","NOSE","containment","1.000"
"ANATOMY","Lower face, cheek, jaw and nose area shown","1","LOWER_FACE","containment","1.000"
"ANATOMY","Lower face, cheek, jaw, and neck skin","1","CHEEK","containment","1.000"
"ANATOMY","Lower face, cheek, jaw, and neck skin","1","LOWER_FACE","containment","1.000"
"ANATOMY","Lower face, cheek, jaw, and neck skin","1","FACE","containment","1.000"
"ANATOMY","Lower face, cheek, jaw, and neck skin","1","NECK","containment","1.000"
"ANATOMY","Lower face, cheek, jawline, and chin area","1","CHIN","containment","1.000"
"ANATOMY","Lower face, cheek, jawline, and chin area","1","CHEEK","containment","1.000"
"ANATOMY","Lower face, cheek, jawline, and chin area","1","LOWER_FACE","containment","1.000"
"ANATOMY","Lower face, cheek, jawline, and chin area","1","FACE","containment","1.000"
"ANATOMY","Lower face, cheek, jawline, and chin area","1","JAWLINE","containment","1.000"
"ANATOMY","Lower face, cheek, jawline, and chin region","1","JAWLINE","containment","1.000"
"ANATOMY","Lower face, cheek, jawline, and chin region","1","CHIN","containment","1.000"
"ANATOMY","Lower face, cheek, jawline, and chin region","1","LOWER_FACE","containment","1.000"
"ANATOMY","Lower face, cheek, jawline, and chin region","1","FACE","containment","1.000"
"ANATOMY","Lower face, cheek, jawline, and chin region","1","CHEEK","containment","1.000"
"ANATOMY","Lower face, chin, jaw, and neck area","1","NECK","containment","1.000"
"ANATOMY","Lower face, chin, jaw, and neck area","1","LOWER_FACE","containment","1.000"
"ANATOMY","Lower face, chin, jaw, and neck area","1","FACE","containment","1.000"
"ANATOMY","Lower face, chin, jaw, and neck area","1","CHIN","containment","1.000"
"ANATOMY","Lower face, chin, jaw, and neck area visible","1","LOWER_FACE","containment","1.000"
"ANATOMY","Lower face, chin, jaw, and neck area visible","1","CHIN","containment","1.000"
"ANATOMY","Lower face, chin, jaw, and neck area visible","1","NECK","containment","1.000"
"ANATOMY","Lower face, chin, jaw, and neck area visible","1","FACE","containment","1.000"
"ANATOMY","Lower face, chin, jaw, and neck region visible","1","CHIN","containment","1.000"
"ANATOMY","Lower face, chin, jaw, and neck region visible","1","NECK","containment","1.000"
"ANATOMY","Lower face, chin, jaw, and neck region visible","1","FACE","containment","1.000"
"ANATOMY","Lower face, chin, jaw, and neck region visible","1","LOWER_FACE","containment","1.000"
"ANATOMY","Lower face, chin, jawline, and neck","1","CHIN","containment","1.000"
"ANATOMY","Lower face, chin, jawline, and neck","1","LOWER_FACE","containment","1.000"
"ANATOMY","Lower face, chin, jawline, and neck","1","NECK","containment","1.000"
"ANATOMY","Lower face, chin, jawline, and neck","1","FACE","containment","1.000"
"ANATOMY","Lower face, chin, jawline, and neck","1","JAWLINE","containment","1.000"
"ANATOMY","Lower face, chin, jawline, and neck visible","1","CHIN","containment","1.000"
"ANATOMY","Lower face, chin, jawline, and neck visible","1","FACE","containment","1.000"
"ANATOMY","Lower face, chin, jawline, and neck visible","1","LOWER_FACE","containment","1.000"
"ANATOMY","Lower face, chin, jawline, and neck visible","1","JAWLINE","containment","1.000"
"ANATOMY","Lower face, chin, jawline, and neck visible","1","NECK","containment","1.000"
"ANATOMY","Lower face, chin, nostrils, and anterior neck visible","1","CHIN","containment","1.000"
"ANATOMY","Lower face, chin, nostrils, and anterior neck visible","1","LOWER_FACE","containment","1.000"
"ANATOMY","Lower face, chin, nostrils, and anterior neck visible","1","NECK","containment","1.000"
"ANATOMY","Lower face, chin, nostrils, and anterior neck visible","1","FACE","containment","1.000"
"ANATOMY","Lower face, chin, nostrils, and anterior neck visible","1","NOSE","trigram","0.600"
"ANATOMY","Lower face, jaw and chin visible","1","LOWER_FACE","containment","1.000"
"ANATOMY","Lower face, jaw and chin visible","1","FACE","containment","1.000"
"ANATOMY","Lower face, jaw and chin visible","1","CHIN","containment","1.000"
"ANATOMY","Lower face, jaw, and neck skin","1","FACE","containment","1.000"
"ANATOMY","Lower face, jaw, and neck skin","1","NECK","containment","1.000"
"ANATOMY","Lower face, jaw, and neck skin","1","LOWER_FACE","containment","1.000"
"ANATOMY","Lower face, jaw, cheek, chin, nose, and neck area","1","NECK","containment","1.000"
"ANATOMY","Lower face, jaw, cheek, chin, nose, and neck area","1","FACE","containment","1.000"
"ANATOMY","Lower face, jaw, cheek, chin, nose, and neck area","1","CHIN","containment","1.000"
"ANATOMY","Lower face, jaw, cheek, chin, nose, and neck area","1","LOWER_FACE","containment","1.000"
"ANATOMY","Lower face, jaw, cheek, chin, nose, and neck area","1","CHEEK","containment","1.000"
"ANATOMY","Lower face, jaw, cheek, chin, nose, and neck area","1","NOSE","containment","1.000"
"ANATOMY","Lower face, jaw, chin, and upper neck region","1","FACE","containment","1.000"
"ANATOMY","Lower face, jaw, chin, and upper neck region","1","NECK","containment","1.000"
"ANATOMY","Lower face, jaw, chin, and upper neck region","1","LOWER_FACE","containment","1.000"
"ANATOMY","Lower face, jaw, chin, and upper neck region","1","CHIN","containment","1.000"
"ANATOMY","Lower face, jaw, ear, and neck region visible","1","LOWER_FACE","containment","1.000"
"ANATOMY","Lower face, jaw, ear, and neck region visible","1","FACE","containment","1.000"
"ANATOMY","Lower face, jaw, ear, and neck region visible","1","NECK","containment","1.000"
"ANATOMY","Lower face, jaw, neck, and ear visible","1","LOWER_FACE","containment","1.000"
"ANATOMY","Lower face, jaw, neck, and ear visible","1","FACE","containment","1.000"
"ANATOMY","Lower face, jaw, neck, and ear visible","1","NECK","containment","1.000"
"ANATOMY","Lower face, jaw, nose, mouth, ear, and neck visible","1","NECK","containment","1.000"
"ANATOMY","Lower face, jaw, nose, mouth, ear, and neck visible","1","NOSE","containment","1.000"
"ANATOMY","Lower face, jaw, nose, mouth, ear, and neck visible","1","LOWER_FACE","containment","1.000"
"ANATOMY","Lower face, jaw, nose, mouth, ear, and neck visible","1","FACE","containment","1.000"
"ANATOMY","Lower face, jawline, and neck region visible","1","JAWLINE","containment","1.000"
"ANATOMY","Lower face, jawline, and neck region visible","1","NECK","containment","1.000"
"ANATOMY","Lower face, jawline, and neck region visible","1","LOWER_FACE","containment","1.000"
"ANATOMY","Lower face, jawline, and neck region visible","1","FACE","containment","1.000"
"ANATOMY","Lower face, jawline, and neck visible","1","FACE","containment","1.000"
"ANATOMY","Lower face, jawline, and neck visible","1","JAWLINE","containment","1.000"
"ANATOMY","Lower face, jawline, and neck visible","1","NECK","containment","1.000"
"ANATOMY","Lower face, jawline, and neck visible","1","LOWER_FACE","containment","1.000"
"ANATOMY","Lower face, jawline, chin, and neck area visible","1","FACE","containment","1.000"
"ANATOMY","Lower face, jawline, chin, and neck area visible","1","JAWLINE","containment","1.000"
"ANATOMY","Lower face, jawline, chin, and neck area visible","1","LOWER_FACE","containment","1.000"
"ANATOMY","Lower face, jawline, chin, and neck area visible","1","CHIN","containment","1.000"
"ANATOMY","Lower face, jawline, chin, and neck area visible","1","NECK","containment","1.000"
"ANATOMY","Lower face, neck, and shoulders visible; eyes covered","1","FACE","containment","1.000"
"ANATOMY","Lower face, neck, and shoulders visible; eyes covered","1","NECK","containment","1.000"
"ANATOMY","Lower face, neck, and shoulders visible; eyes covered","1","LOWER_FACE","containment","1.000"
"ANATOMY","Lower face, neck, and upper chest/collarbone area visible","1","FACE","containment","1.000"
"ANATOMY","Lower face, neck, and upper chest/collarbone area visible","1","LOWER_FACE","containment","1.000"
"ANATOMY","Lower face, neck, and upper chest/collarbone area visible","1","NECK","containment","1.000"
"ANATOMY","Lower face: cheek, chin, mouth region","1","CHIN","containment","1.000"
"ANATOMY","Lower face: cheek, chin, mouth region","1","CHEEK","containment","1.000"
"ANATOMY","Lower face: cheek, chin, mouth region","1","LOWER_FACE","containment","1.000"
"ANATOMY","Lower face: cheek, chin, mouth region","1","FACE","containment","1.000"
"ANATOMY","Lower face: cheek, chin, nose, eye area","1","CHIN","containment","1.000"
"ANATOMY","Lower face: cheek, chin, nose, eye area","1","NOSE","containment","1.000"
"ANATOMY","Lower face: cheek, chin, nose, eye area","1","FACE","containment","1.000"
"ANATOMY","Lower face: cheek, chin, nose, eye area","1","CHEEK","containment","1.000"
"ANATOMY","Lower face: cheek, chin, nose, eye area","1","LOWER_FACE","containment","1.000"
"ANATOMY","Lower face: cheek, jaw, chin, and neck area","1","FACE","containment","1.000"
"ANATOMY","Lower face: cheek, jaw, chin, and neck area","1","CHIN","containment","1.000"
"ANATOMY","Lower face: cheek, jaw, chin, and neck area","1","CHEEK","containment","1.000"
"ANATOMY","Lower face: cheek, jaw, chin, and neck area","1","NECK","containment","1.000"
"ANATOMY","Lower face: cheek, jaw, chin, and neck area","1","LOWER_FACE","containment","1.000"
"ANATOMY","Lower face: cheek, jaw, nose, mouth, eyebrow","1","LOWER_FACE","containment","1.000"
"ANATOMY","Lower face: cheek, jaw, nose, mouth, eyebrow","1","FACE","containment","1.000"
"ANATOMY","Lower face: cheek, jaw, nose, mouth, eyebrow","1","CHEEK","containment","1.000"
"ANATOMY","Lower face: cheek, jaw, nose, mouth, eyebrow","1","NOSE","containment","1.000"
"ANATOMY","Lower face: cheek, jaw, nose, mouth, eyebrow","1","BROW","trigram","0.600"
"ANATOMY","Lower face: cheek, jawline, nose, and mouth area","1","FACE","containment","1.000"
"ANATOMY","Lower face: cheek, jawline, nose, and mouth area","1","JAWLINE","containment","1.000"
"ANATOMY","Lower face: cheek, jawline, nose, and mouth area","1","CHEEK","containment","1.000"
"ANATOMY","Lower face: cheek, jawline, nose, and mouth area","1","NOSE","containment","1.000"
"ANATOMY","Lower face: cheek, jawline, nose, and mouth area","1","LOWER_FACE","containment","1.000"
"ANATOMY","Lower face: cheek, jawline, nose, mouth corner","1","NOSE","containment","1.000"
"ANATOMY","Lower face: cheek, jawline, nose, mouth corner","1","LOWER_FACE","containment","1.000"
"ANATOMY","Lower face: cheek, jawline, nose, mouth corner","1","FACE","containment","1.000"
"ANATOMY","Lower face: cheek, jawline, nose, mouth corner","1","JAWLINE","containment","1.000"
"ANATOMY","Lower face: cheek, jawline, nose, mouth corner","1","CHEEK","containment","1.000"
"ANATOMY","Lower face: cheek, nose, mouth corner, eye region","1","FACE","containment","1.000"
"ANATOMY","Lower face: cheek, nose, mouth corner, eye region","1","NOSE","containment","1.000"
"ANATOMY","Lower face: cheek, nose, mouth corner, eye region","1","CHEEK","containment","1.000"
"ANATOMY","Lower face: cheek, nose, mouth corner, eye region","1","LOWER_FACE","containment","1.000"
"ANATOMY","Lower face: cheek, nose, mouth corner, eye region","1","EYE_BAG_REGION","trigram","0.733"
"ANATOMY","Lower face: chin, jaw, nose, and neck region","1","NOSE","containment","1.000"
"ANATOMY","Lower face: chin, jaw, nose, and neck region","1","FACE","containment","1.000"
"ANATOMY","Lower face: chin, jaw, nose, and neck region","1","LOWER_FACE","containment","1.000"
"ANATOMY","Lower face: chin, jaw, nose, and neck region","1","NECK","containment","1.000"
"ANATOMY","Lower face: chin, jaw, nose, and neck region","1","CHIN","containment","1.000"
"ANATOMY","Lower face: chin, jaw, nose, mouth, ear","1","NOSE","containment","1.000"
"ANATOMY","Lower face: chin, jaw, nose, mouth, ear","1","CHIN","containment","1.000"
"ANATOMY","Lower face: chin, jaw, nose, mouth, ear","1","FACE","containment","1.000"
"ANATOMY","Lower face: chin, jaw, nose, mouth, ear","1","LOWER_FACE","containment","1.000"
"ANATOMY","Lower face: chin, jawline, nostril, and neck","1","CHIN","containment","1.000"
"ANATOMY","Lower face: chin, jawline, nostril, and neck","1","FACE","containment","1.000"
"ANATOMY","Lower face: chin, jawline, nostril, and neck","1","NECK","containment","1.000"
"ANATOMY","Lower face: chin, jawline, nostril, and neck","1","LOWER_FACE","containment","1.000"
"ANATOMY","Lower face: chin, jawline, nostril, and neck","1","JAWLINE","containment","1.000"
"ANATOMY","Lower face: chin, jawline, nostril, and neck","1","NOSE","trigram","0.600"
"ANATOMY","Lower face: nose, cheek, chin, jaw","1","NOSE","containment","1.000"
"ANATOMY","Lower face: nose, cheek, chin, jaw","1","CHIN","containment","1.000"
"ANATOMY","Lower face: nose, cheek, chin, jaw","1","CHEEK","containment","1.000"
"ANATOMY","Lower face: nose, cheek, chin, jaw","1","LOWER_FACE","containment","1.000"
"ANATOMY","Lower face: nose, cheek, chin, jaw","1","FACE","containment","1.000"
"ANATOMY","Lower face: nose, cheek, chin, jaw visible","1","LOWER_FACE","containment","1.000"
"ANATOMY","Lower face: nose, cheek, chin, jaw visible","1","FACE","containment","1.000"
"ANATOMY","Lower face: nose, cheek, chin, jaw visible","1","CHEEK","containment","1.000"
"ANATOMY","Lower face: nose, cheek, chin, jaw visible","1","NOSE","containment","1.000"
"ANATOMY","Lower face: nose, cheek, chin, jaw visible","1","CHIN","containment","1.000"
"ANATOMY","Lower face: nose, cheek, jaw, and chin area","1","CHEEK","containment","1.000"
"ANATOMY","Lower face: nose, cheek, jaw, and chin area","1","FACE","containment","1.000"
"ANATOMY","Lower face: nose, cheek, jaw, and chin area","1","NOSE","containment","1.000"
"ANATOMY","Lower face: nose, cheek, jaw, and chin area","1","LOWER_FACE","containment","1.000"
"ANATOMY","Lower face: nose, cheek, jaw, and chin area","1","CHIN","containment","1.000"
"ANATOMY","Lower face: nose, cheek, jaw, chin region","1","CHEEK","containment","1.000"
"ANATOMY","Lower face: nose, cheek, jaw, chin region","1","FACE","containment","1.000"
"ANATOMY","Lower face: nose, cheek, jaw, chin region","1","CHIN","containment","1.000"
"ANATOMY","Lower face: nose, cheek, jaw, chin region","1","NOSE","containment","1.000"
"ANATOMY","Lower face: nose, cheek, jaw, chin region","1","LOWER_FACE","containment","1.000"
"ANATOMY","Lower face: nose, cheek, jaw, lips visible","1","LOWER_FACE","containment","1.000"
"ANATOMY","Lower face: nose, cheek, jaw, lips visible","1","FACE","containment","1.000"
"ANATOMY","Lower face: nose, cheek, jaw, lips visible","1","NOSE","containment","1.000"
"ANATOMY","Lower face: nose, cheek, jaw, lips visible","1","LIPS","containment","1.000"
"ANATOMY","Lower face: nose, cheek, jaw, lips visible","1","CHEEK","containment","1.000"
"ANATOMY","Lower face: nose, cheek, jaw, neck","1","FACE","containment","1.000"
"ANATOMY","Lower face: nose, cheek, jaw, neck","1","LOWER_FACE","containment","1.000"
"ANATOMY","Lower face: nose, cheek, jaw, neck","1","NECK","containment","1.000"
"ANATOMY","Lower face: nose, cheek, jaw, neck","1","NOSE","containment","1.000"
"ANATOMY","Lower face: nose, cheek, jaw, neck","1","CHEEK","containment","1.000"
"ANATOMY","Lower face: nose, chin, and jaw/neck skin","1","CHIN","containment","1.000"
"ANATOMY","Lower face: nose, chin, and jaw/neck skin","1","FACE","containment","1.000"
"ANATOMY","Lower face: nose, chin, and jaw/neck skin","1","LOWER_FACE","containment","1.000"
"ANATOMY","Lower face: nose, chin, and jaw/neck skin","1","NECK","containment","1.000"
"ANATOMY","Lower face: nose, chin, and jaw/neck skin","1","NOSE","containment","1.000"
"ANATOMY","Lower face: nose, lip, chin, and jawline visible","1","CHIN","containment","1.000"
"ANATOMY","Lower face: nose, lip, chin, and jawline visible","1","NOSE","containment","1.000"
"ANATOMY","Lower face: nose, lip, chin, and jawline visible","1","LOWER_FACE","containment","1.000"
"ANATOMY","Lower face: nose, lip, chin, and jawline visible","1","FACE","containment","1.000"
"ANATOMY","Lower face: nose, lip, chin, and jawline visible","1","JAWLINE","containment","1.000"
"ANATOMY","Lower face: nose, lip, chin, and jawline visible","1","LIPS","trigram","0.600"
"ANATOMY","Lower face: nose, lips, cheek, chin, and jawline visible","1","JAWLINE","containment","1.000"
"ANATOMY","Lower face: nose, lips, cheek, chin, and jawline visible","1","FACE","containment","1.000"
"ANATOMY","Lower face: nose, lips, cheek, chin, and jawline visible","1","CHIN","containment","1.000"
"ANATOMY","Lower face: nose, lips, cheek, chin, and jawline visible","1","NOSE","containment","1.000"
"ANATOMY","Lower face: nose, lips, cheek, chin, and jawline visible","1","CHEEK","containment","1.000"
"ANATOMY","Lower face: nose, lips, cheek, chin, and jawline visible","1","LOWER_FACE","containment","1.000"
"ANATOMY","Lower face: nose, lips, cheek, chin, and jawline visible","1","LIPS","containment","1.000"
"ANATOMY","Lower face: nose, lips, chin, and jaw area","1","LOWER_FACE","containment","1.000"
"ANATOMY","Lower face: nose, lips, chin, and jaw area","1","LIPS","containment","1.000"
"ANATOMY","Lower face: nose, lips, chin, and jaw area","1","CHIN","containment","1.000"
"ANATOMY","Lower face: nose, lips, chin, and jaw area","1","NOSE","containment","1.000"
"ANATOMY","Lower face: nose, lips, chin, and jaw area","1","FACE","containment","1.000"
"ANATOMY","Lower face: nose, lips, chin, and neck visible","1","LOWER_FACE","containment","1.000"
"ANATOMY","Lower face: nose, lips, chin, and neck visible","1","LIPS","containment","1.000"
"ANATOMY","Lower face: nose, lips, chin, and neck visible","1","NECK","containment","1.000"
"ANATOMY","Lower face: nose, lips, chin, and neck visible","1","NOSE","containment","1.000"
"ANATOMY","Lower face: nose, lips, chin, and neck visible","1","CHIN","containment","1.000"
"ANATOMY","Lower face: nose, lips, chin, and neck visible","1","FACE","containment","1.000"
"ANATOMY","Lower face: nose, lips, chin, and submental area","1","NOSE","containment","1.000"
"ANATOMY","Lower face: nose, lips, chin, and submental area","1","CHIN","containment","1.000"
"ANATOMY","Lower face: nose, lips, chin, and submental area","1","LIPS","containment","1.000"
"ANATOMY","Lower face: nose, lips, chin, and submental area","1","LOWER_FACE","containment","1.000"
"ANATOMY","Lower face: nose, lips, chin, and submental area","1","FACE","containment","1.000"
"ANATOMY","Lower face: nose, lips, chin, jawline","1","FACE","containment","1.000"
"ANATOMY","Lower face: nose, lips, chin, jawline","1","LOWER_FACE","containment","1.000"
"ANATOMY","Lower face: nose, lips, chin, jawline","1","LIPS","containment","1.000"
"ANATOMY","Lower face: nose, lips, chin, jawline","1","NOSE","containment","1.000"
"ANATOMY","Lower face: nose, lips, chin, jawline","1","CHIN","containment","1.000"
"ANATOMY","Lower face: nose, lips, chin, jawline","1","JAWLINE","containment","1.000"
"ANATOMY","Lower face: nose, mouth, chin, and neck","1","FACE","containment","1.000"
"ANATOMY","Lower face: nose, mouth, chin, and neck","1","CHIN","containment","1.000"
"ANATOMY","Lower face: nose, mouth, chin, and neck","1","NOSE","containment","1.000"
"ANATOMY","Lower face: nose, mouth, chin, and neck","1","LOWER_FACE","containment","1.000"
"ANATOMY","Lower face: nose, mouth, chin, and neck","1","NECK","containment","1.000"
"ANATOMY","Lower face: nose, mouth, chin/jaw skin","1","NOSE","containment","1.000"
"ANATOMY","Lower face: nose, mouth, chin/jaw skin","1","CHIN","containment","1.000"
"ANATOMY","Lower face: nose, mouth, chin/jaw skin","1","FACE","containment","1.000"
"ANATOMY","Lower face: nose, mouth, chin/jaw skin","1","LOWER_FACE","containment","1.000"
"ANATOMY","Lower face/chin and neck skin area","1","LOWER_FACE","containment","1.000"
"ANATOMY","Lower face/chin and neck skin area","1","NECK","containment","1.000"
"ANATOMY","Lower face/chin and neck skin area","1","FACE","containment","1.000"
"ANATOMY","Lower face/chin and neck skin area","1","CHIN","containment","1.000"
"ANATOMY","Lower face/chin skin area","1","FACE","containment","1.000"
"ANATOMY","Lower face/chin skin area","1","LOWER_FACE","containment","1.000"
"ANATOMY","Lower face/chin skin area","1","CHIN","containment","1.000"
"ANATOMY","Lower face/neck skin area","1","NECK","containment","1.000"
"ANATOMY","Lower face/neck skin area","1","LOWER_FACE","containment","1.000"
"ANATOMY","Lower face/neck skin area","1","FACE","containment","1.000"
"ANATOMY","Lower jaw, chin, and neck skin visible","1","NECK","containment","1.000"
"ANATOMY","Lower jaw, chin, and neck skin visible","1","CHIN","containment","1.000"
"ANATOMY","Lower jaw, neck, and ear region of skin","1","NECK","containment","1.000"
"ANATOMY","Man's face, hairline, ear, neck visible","1","NECK","containment","1.000"
"ANATOMY","Man's face, hairline, ear, neck visible","1","FACE","containment","1.000"
"ANATOMY","Man's head, face, and hairline visible","1","FACE","containment","1.000"
"ANATOMY","Man's scalp, hairline and face visible","1","FACE","containment","1.000"
"ANATOMY","Man's scalp, hairline and face visible","1","SCALP","containment","1.000"
"ANATOMY","Neck and jaw area visible","1","NECK","containment","1.000"
"ANATOMY","Neck and lower chin/chest area visible","1","CHIN","containment","1.000"
"ANATOMY","Neck and lower chin/chest area visible","1","NECK","containment","1.000"
"ANATOMY","Neck and upper chest region","1","NECK","containment","1.000"
"ANATOMY","Neck and upper chest/clavicle region","1","NECK","containment","1.000"
"ANATOMY","Neck and upper chest/décolletage region","1","NECK","containment","1.000"
"ANATOMY","Neck and upper chest/shoulder region","1","NECK","containment","1.000"
"ANATOMY","Neck and upper shoulder skin","1","NECK","containment","1.000"
"ANATOMY","Neck, clavicle, and upper chest region","1","NECK","containment","1.000"
"ANATOMY","Neck, ear, shoulder, and upper back skin visible","1","NECK","containment","1.000"
"ANATOMY","Neck, jaw, and cheek area visible","1","CHEEK","containment","1.000"
"ANATOMY","Neck, jaw, and cheek area visible","1","NECK","containment","1.000"
"ANATOMY","Neck, jaw, and chin visible","1","CHIN","containment","1.000"
"ANATOMY","Neck, jaw, and chin visible","1","NECK","containment","1.000"
"ANATOMY","Neck, jaw, and lower face region visible","1","FACE","containment","1.000"
"ANATOMY","Neck, jaw, and lower face region visible","1","LOWER_FACE","containment","1.000"
"ANATOMY","Neck, jaw, and lower face region visible","1","NECK","containment","1.000"
"ANATOMY","Neck, jaw, and lower face visible","1","FACE","containment","1.000"
"ANATOMY","Neck, jaw, and lower face visible","1","NECK","containment","1.000"
"ANATOMY","Neck, jaw, and lower face visible","1","LOWER_FACE","containment","1.000"
"ANATOMY","Neck, jawline, chin and lower face region","1","CHIN","containment","1.000"
"ANATOMY","Neck, jawline, chin and lower face region","1","NECK","containment","1.000"
"ANATOMY","Neck, jawline, chin and lower face region","1","LOWER_FACE","containment","1.000"
"ANATOMY","Neck, jawline, chin and lower face region","1","JAWLINE","containment","1.000"
"ANATOMY","Neck, jawline, chin and lower face region","1","FACE","containment","1.000"
"ANATOMY","Neck, lower jaw, and upper chest/collarbone area","1","NECK","containment","1.000"
"ANATOMY","Neck, shoulder, and upper back visible","1","NECK","containment","1.000"
"ANATOMY","Neck, shoulder, ear, and upper chest visible","1","NECK","containment","1.000"
"ANATOMY","Neck, shoulder, upper trapezius, arm","1","NECK","containment","1.000"
"ANATOMY","Neck, upper back, shoulder, and ear visible","1","NECK","containment","1.000"
"ANATOMY","Neck/lower jaw skin area","1","NECK","containment","1.000"
"ANATOMY","Neck/submental and lower jaw skin area with partial mouth visible","1","NECK","containment","1.000"
"ANATOMY","Nose and upper lip/philtrum area","1","NOSE","containment","1.000"
"ANATOMY","Nose and upper lip/philtrum area","1","LIPS","trigram","0.600"
"ANATOMY","Nose, cheek, and brow region","1","NOSE","containment","1.000"
"ANATOMY","Nose, cheek, and brow region","1","CHEEK","containment","1.000"
"ANATOMY","Nose, cheek, and brow region","1","BROW","containment","1.000"
"ANATOMY","Nose, cheek, and eyebrow area","1","CHEEK","containment","1.000"
"ANATOMY","Nose, cheek, and eyebrow area","1","NOSE","containment","1.000"
"ANATOMY","Nose, cheek, and eyebrow area","1","BROW","trigram","0.600"
"ANATOMY","Nose, cheek, and eyebrow area of face visible","1","NOSE","containment","1.000"
"ANATOMY","Nose, cheek, and eyebrow area of face visible","1","FACE","containment","1.000"
"ANATOMY","Nose, cheek, and eyebrow area of face visible","1","CHEEK","containment","1.000"
"ANATOMY","Nose, cheek, and eyebrow area of face visible","1","BROW","trigram","0.600"
"ANATOMY","Nose, cheek, and lower eyelid region","1","CHEEK","containment","1.000"
"ANATOMY","Nose, cheek, and lower eyelid region","1","NOSE","containment","1.000"
"ANATOMY","Nose, cheek, and nasolabial fold visible","1","NOSE","containment","1.000"
"ANATOMY","Nose, cheek, and nasolabial fold visible","1","CHEEK","containment","1.000"
"ANATOMY","Nose, cheek, and nasolabial fold visible","1","NASOLABIAL_REGION","trigram","0.611"
"ANATOMY","Nose, cheek, and periorbital area of face","1","CHEEK","containment","1.000"
"ANATOMY","Nose, cheek, and periorbital area of face","1","NOSE","containment","1.000"
"ANATOMY","Nose, cheek, and periorbital area of face","1","FACE","containment","1.000"
"ANATOMY","Nose, cheek, and periorbital/eyebrow region","1","CHEEK","containment","1.000"
"ANATOMY","Nose, cheek, and periorbital/eyebrow region","1","NOSE","containment","1.000"
"ANATOMY","Nose, cheek, and periorbital/eyebrow region","1","BROW","trigram","0.600"
"ANATOMY","Nose, cheek, and under-eye region of the face","1","NOSE","containment","1.000"
"ANATOMY","Nose, cheek, and under-eye region of the face","1","UNDER_EYE","trigram","1.000"
"ANATOMY","Nose, cheek, and under-eye region of the face","1","FACE","containment","1.000"
"ANATOMY","Nose, cheek, and under-eye region of the face","1","CHEEK","containment","1.000"
"ANATOMY","Nose, cheek, and under-eye region of the face","1","EYE_BAG_REGION","trigram","0.733"
"ANATOMY","Nose, cheek, and upper lip area shown in close-up","1","CHEEK","containment","1.000"
"ANATOMY","Nose, cheek, and upper lip area shown in close-up","1","NOSE","containment","1.000"
"ANATOMY","Nose, cheek, and upper lip area shown in close-up","1","LIPS","trigram","0.600"
"ANATOMY","Nose, cheek, chin, and mouth region","1","CHIN","containment","1.000"
"ANATOMY","Nose, cheek, chin, and mouth region","1","NOSE","containment","1.000"
"ANATOMY","Nose, cheek, chin, and mouth region","1","CHEEK","containment","1.000"
"ANATOMY","Nose, cheek, eyebrow, and eye area","1","CHEEK","containment","1.000"
"ANATOMY","Nose, cheek, eyebrow, and eye area","1","NOSE","containment","1.000"
"ANATOMY","Nose, cheek, eyebrow, and eye area","1","BROW","trigram","0.600"
"ANATOMY","Nose, cheek, jaw, and chin visible","1","CHEEK","containment","1.000"
"ANATOMY","Nose, cheek, jaw, and chin visible","1","NOSE","containment","1.000"
"ANATOMY","Nose, cheek, jaw, and chin visible","1","CHIN","containment","1.000"
"ANATOMY","Nose, cheek, lip, and under-eye region visible","1","NOSE","containment","1.000"
"ANATOMY","Nose, cheek, lip, and under-eye region visible","1","UNDER_EYE","trigram","1.000"
"ANATOMY","Nose, cheek, lip, and under-eye region visible","1","CHEEK","containment","1.000"
"ANATOMY","Nose, cheek, lip, and under-eye region visible","1","EYE_BAG_REGION","trigram","0.733"
"ANATOMY","Nose, cheek, lip, and under-eye region visible","1","LIPS","trigram","0.600"
"ANATOMY","Nose, cheek, lips, under-eye area visible","1","LIPS","containment","1.000"
"ANATOMY","Nose, cheek, lips, under-eye area visible","1","NOSE","containment","1.000"
"ANATOMY","Nose, cheek, lips, under-eye area visible","1","UNDER_EYE","trigram","1.000"
"ANATOMY","Nose, cheek, lips, under-eye area visible","1","CHEEK","containment","1.000"
"ANATOMY","Nose, cheek, nasolabial fold, eyebrow area visible","1","NOSE","containment","1.000"
"ANATOMY","Nose, cheek, nasolabial fold, eyebrow area visible","1","CHEEK","containment","1.000"
"ANATOMY","Nose, cheek, nasolabial fold, eyebrow area visible","1","NASOLABIAL_REGION","trigram","0.611"
"ANATOMY","Nose, cheek, nasolabial fold, eyebrow area visible","1","BROW","trigram","0.600"
"ANATOMY","Nose, cheek, nasolabial fold, eyebrow, eye area covered by goggles","1","CHEEK","containment","1.000"
"ANATOMY","Nose, cheek, nasolabial fold, eyebrow, eye area covered by goggles","1","NOSE","containment","1.000"
"ANATOMY","Nose, cheek, nasolabial fold, eyebrow, eye area covered by goggles","1","NASOLABIAL_REGION","trigram","0.611"
"ANATOMY","Nose, cheek, nasolabial fold, eyebrow, eye area covered by goggles","1","BROW","trigram","0.600"
"ANATOMY","Nose, cheek, nasolabial fold, eyebrow, lower eyelid area","1","CHEEK","containment","1.000"
"ANATOMY","Nose, cheek, nasolabial fold, eyebrow, lower eyelid area","1","NOSE","containment","1.000"
"ANATOMY","Nose, cheek, nasolabial fold, eyebrow, lower eyelid area","1","NASOLABIAL_REGION","trigram","0.611"
"ANATOMY","Nose, cheek, nasolabial fold, eyebrow, lower eyelid area","1","BROW","trigram","0.600"
"ANATOMY","Nose, cheek, nasolabial fold, lips, and eye area visible","1","LIPS","containment","1.000"
"ANATOMY","Nose, cheek, nasolabial fold, lips, and eye area visible","1","NOSE","containment","1.000"
"ANATOMY","Nose, cheek, nasolabial fold, lips, and eye area visible","1","CHEEK","containment","1.000"
"ANATOMY","Nose, cheek, nasolabial fold, lips, and eye area visible","1","NASOLABIAL_REGION","trigram","0.611"
"ANATOMY","Nose, cheek, upper lip, and eyebrow region visible","1","CHEEK","containment","1.000"
"ANATOMY","Nose, cheek, upper lip, and eyebrow region visible","1","NOSE","containment","1.000"
"ANATOMY","Nose, cheek, upper lip, and eyebrow region visible","1","BROW","trigram","0.600"
"ANATOMY","Nose, cheek, upper lip, and eyebrow region visible","1","LIPS","trigram","0.600"
"ANATOMY","Nose, cheek, upper lip, chin, eyebrow visible","1","CHIN","containment","1.000"
"ANATOMY","Nose, cheek, upper lip, chin, eyebrow visible","1","NOSE","containment","1.000"
"ANATOMY","Nose, cheek, upper lip, chin, eyebrow visible","1","CHEEK","containment","1.000"
"ANATOMY","Nose, cheek, upper lip, chin, eyebrow visible","1","BROW","trigram","0.600"
"ANATOMY","Nose, cheek, upper lip, chin, eyebrow visible","1","LIPS","trigram","0.600"
"ANATOMY","Nose, cheek, upper lip, eye area visible","1","CHEEK","containment","1.000"
"ANATOMY","Nose, cheek, upper lip, eye area visible","1","NOSE","containment","1.000"
"ANATOMY","Nose, cheek, upper lip, eye area visible","1","LIPS","trigram","0.600"
"ANATOMY","Nose, lips, and chin region visible","1","LIPS","containment","1.000"
"ANATOMY","Nose, lips, and chin region visible","1","CHIN","containment","1.000"
"ANATOMY","Nose, lips, and chin region visible","1","NOSE","containment","1.000"
"ANATOMY","Nose, lips, chin, and anterior neck visible","1","NOSE","containment","1.000"
"ANATOMY","Nose, lips, chin, and anterior neck visible","1","LIPS","containment","1.000"
"ANATOMY","Nose, lips, chin, and anterior neck visible","1","NECK","containment","1.000"
"ANATOMY","Nose, lips, chin, and anterior neck visible","1","CHIN","containment","1.000"
"ANATOMY","Nose, lips, chin, and jawline region","1","LIPS","containment","1.000"
"ANATOMY","Nose, lips, chin, and jawline region","1","CHIN","containment","1.000"
"ANATOMY","Nose, lips, chin, and jawline region","1","NOSE","containment","1.000"
"ANATOMY","Nose, lips, chin, and jawline region","1","JAWLINE","containment","1.000"
"ANATOMY","Nose, lips, chin, and perioral region","1","CHIN","containment","1.000"
"ANATOMY","Nose, lips, chin, and perioral region","1","NOSE","containment","1.000"
"ANATOMY","Nose, lips, chin, and perioral region","1","LIPS","containment","1.000"
"ANATOMY","Nose, lips, chin, and perioral region","1","TEMPORAL_REGION","trigram","0.625"
"ANATOMY","Nose, lips, chin, jaw, and neck region","1","NOSE","containment","1.000"
"ANATOMY","Nose, lips, chin, jaw, and neck region","1","LIPS","containment","1.000"
"ANATOMY","Nose, lips, chin, jaw, and neck region","1","NECK","containment","1.000"
"ANATOMY","Nose, lips, chin, jaw, and neck region","1","CHIN","containment","1.000"
"ANATOMY","Nose, lips, chin, jaw, and neck visible","1","CHIN","containment","1.000"
"ANATOMY","Nose, lips, chin, jaw, and neck visible","1","NOSE","containment","1.000"
"ANATOMY","Nose, lips, chin, jaw, and neck visible","1","NECK","containment","1.000"
"ANATOMY","Nose, lips, chin, jaw, and neck visible","1","LIPS","containment","1.000"
"ANATOMY","Nose, lips, chin, jaw, cheek","1","CHEEK","containment","1.000"
"ANATOMY","Nose, lips, chin, jaw, cheek","1","CHIN","containment","1.000"
"ANATOMY","Nose, lips, chin, jaw, cheek","1","LIPS","containment","1.000"
"ANATOMY","Nose, lips, chin, jaw, cheek","1","NOSE","containment","1.000"
"ANATOMY","Nose, mouth, chin, eyebrow region","1","NOSE","containment","1.000"
"ANATOMY","Nose, mouth, chin, eyebrow region","1","CHIN","containment","1.000"
"ANATOMY","Nose, mouth, chin, eyebrow region","1","BROW","trigram","0.600"
"ANATOMY","Nose, mouth, chin, jaw, and neck region","1","NOSE","containment","1.000"
"ANATOMY","Nose, mouth, chin, jaw, and neck region","1","NECK","containment","1.000"
"ANATOMY","Nose, mouth, chin, jaw, and neck region","1","CHIN","containment","1.000"
"ANATOMY","Nose, nasal ala, cheek, eyebrow area visible","1","NOSE","containment","1.000"
"ANATOMY","Nose, nasal ala, cheek, eyebrow area visible","1","CHEEK","containment","1.000"
"ANATOMY","Nose, nasal ala, cheek, eyebrow area visible","1","BROW","trigram","0.600"
"ANATOMY","Nose, upper lip, and facial region visible","1","NOSE","containment","1.000"
"ANATOMY","Nose, upper lip, and facial region visible","1","FACE","trigram","0.600"
"ANATOMY","Nose, upper lip, and facial region visible","1","LIPS","trigram","0.600"
"ANATOMY","Nose, upper lip, and facial skin visible","1","NOSE","containment","1.000"
"ANATOMY","Nose, upper lip, and facial skin visible","1","FACE","trigram","0.600"
"ANATOMY","Nose, upper lip, and facial skin visible","1","LIPS","trigram","0.600"
"ANATOMY","Nostril, lips, chin, jawline, neck visible","1","JAWLINE","containment","1.000"
"ANATOMY","Nostril, lips, chin, jawline, neck visible","1","CHIN","containment","1.000"
"ANATOMY","Nostril, lips, chin, jawline, neck visible","1","NECK","containment","1.000"
"ANATOMY","Nostril, lips, chin, jawline, neck visible","1","LIPS","containment","1.000"
"ANATOMY","Nostril, lips, chin, jawline, neck visible","1","NOSE","trigram","0.600"
"ANATOMY","Patient forehead, nose, brow, and ear visible","1","BROW","containment","1.000"
"ANATOMY","Patient forehead, nose, brow, and ear visible","1","FOREHEAD","containment","1.000"
"ANATOMY","Patient forehead, nose, brow, and ear visible","1","NOSE","containment","1.000"
"ANATOMY","Patient scalp, ear, and head visible","1","SCALP","containment","1.000"
"ANATOMY","Patient's chin and lower face visible","1","FACE","containment","1.000"
"ANATOMY","Patient's chin and lower face visible","1","LOWER_FACE","containment","1.000"
"ANATOMY","Patient's chin and lower face visible","1","CHIN","containment","1.000"
"ANATOMY","Patient's face and brow area visible","1","FACE","containment","1.000"
"ANATOMY","Patient's face and brow area visible","1","BROW","containment","1.000"
"ANATOMY","Patient's face and cheek visible with wet/glistening skin","1","FACE","containment","1.000"
"ANATOMY","Patient's face and cheek visible with wet/glistening skin","1","CHEEK","containment","1.000"
"ANATOMY","Patient's face and eye area","1","FACE","containment","1.000"
"ANATOMY","Patient's face and forehead area","1","FACE","containment","1.000"
"ANATOMY","Patient's face and forehead area","1","FOREHEAD","containment","1.000"
"ANATOMY","Patient's face and forehead area visible, eyes covered","1","FACE","containment","1.000"
"ANATOMY","Patient's face and forehead area visible, eyes covered","1","FOREHEAD","containment","1.000"
"ANATOMY","Patient's face and forehead/hairline area visible","1","FACE","containment","1.000"
"ANATOMY","Patient's face and forehead/hairline area visible","1","FOREHEAD","containment","1.000"
"ANATOMY","Patient's face and head region visible","1","FACE","containment","1.000"
"ANATOMY","Patient's face and neck area visible","1","NECK","containment","1.000"
"ANATOMY","Patient's face and neck area visible","1","FACE","containment","1.000"
"ANATOMY","Patient's face and neck area visible, covered in reflective serum","1","NECK","containment","1.000"
"ANATOMY","Patient's face and neck area visible, covered in reflective serum","1","FACE","containment","1.000"
"ANATOMY","Patient's face and nose region visible","1","FACE","containment","1.000"
"ANATOMY","Patient's face and nose region visible","1","NOSE","containment","1.000"
"ANATOMY","Patient's face and nose visible","1","FACE","containment","1.000"
"ANATOMY","Patient's face and nose visible","1","NOSE","containment","1.000"
"ANATOMY","Patient's face and periorbital area visible with a bandage","1","FACE","containment","1.000"
"ANATOMY","Patient's face and periorbital region","1","FACE","containment","1.000"
"ANATOMY","Patient's face and scalp visible","1","SCALP","containment","1.000"
"ANATOMY","Patient's face and scalp visible","1","FACE","containment","1.000"
"ANATOMY","Patient's face and skin visible","1","FACE","containment","1.000"
"ANATOMY","Patient's face and upper body visible","1","FACE","containment","1.000"
"ANATOMY","Patient's face and upper body visible","1","UPPER_FACE","trigram","0.733"
"ANATOMY","Patient's face and upper forehead area visible","1","FACE","containment","1.000"
"ANATOMY","Patient's face and upper forehead area visible","1","FOREHEAD","containment","1.000"
"ANATOMY","Patient's face and upper forehead area visible","1","UPPER_FACE","trigram","0.733"
"ANATOMY","Patient's face area including nose and mouth region visible","1","NOSE","containment","1.000"
"ANATOMY","Patient's face area including nose and mouth region visible","1","FACE","containment","1.000"
"ANATOMY","Patient's face visible, eyes covered","1","FACE","containment","1.000"
"ANATOMY","Patient's face visible: forehead, cheek, nose, chin","1","CHIN","containment","1.000"
"ANATOMY","Patient's face visible: forehead, cheek, nose, chin","1","NOSE","containment","1.000"
"ANATOMY","Patient's face visible: forehead, cheek, nose, chin","1","CHEEK","containment","1.000"
"ANATOMY","Patient's face visible: forehead, cheek, nose, chin","1","FACE","containment","1.000"
"ANATOMY","Patient's face visible: forehead, cheek, nose, chin","1","FOREHEAD","containment","1.000"
"ANATOMY","Patient's face, brow and periocular area visible","1","FACE","containment","1.000"
"ANATOMY","Patient's face, brow and periocular area visible","1","PERIOCULAR","containment","1.000"
"ANATOMY","Patient's face, brow and periocular area visible","1","BROW","containment","1.000"
"ANATOMY","Patient's face, cheek, and temple area visible","1","FACE","containment","1.000"
"ANATOMY","Patient's face, cheek, and temple area visible","1","CHEEK","containment","1.000"
"ANATOMY","Patient's face, cheek, and temple visible","1","CHEEK","containment","1.000"
"ANATOMY","Patient's face, cheek, and temple visible","1","FACE","containment","1.000"
"ANATOMY","Patient's face, cheek, and under-eye area visible","1","FACE","containment","1.000"
"ANATOMY","Patient's face, cheek, and under-eye area visible","1","UNDER_EYE","trigram","1.000"
"ANATOMY","Patient's face, cheek, and under-eye area visible","1","CHEEK","containment","1.000"
"ANATOMY","Patient's face, cheek, forehead and neck visible","1","FACE","containment","1.000"
"ANATOMY","Patient's face, cheek, forehead and neck visible","1","CHEEK","containment","1.000"
"ANATOMY","Patient's face, cheek, forehead and neck visible","1","FOREHEAD","containment","1.000"
"ANATOMY","Patient's face, cheek, forehead and neck visible","1","NECK","containment","1.000"
"ANATOMY","Patient's face, cheek, jaw, and neck visible","1","FACE","containment","1.000"
"ANATOMY","Patient's face, cheek, jaw, and neck visible","1","CHEEK","containment","1.000"
"ANATOMY","Patient's face, cheek, jaw, and neck visible","1","NECK","containment","1.000"
"ANATOMY","Patient's face, chin, and neck area visible","1","FACE","containment","1.000"
"ANATOMY","Patient's face, chin, and neck area visible","1","NECK","containment","1.000"
"ANATOMY","Patient's face, chin, and neck area visible","1","CHIN","containment","1.000"
"ANATOMY","Patient's face, chin, jaw, and hairline visible","1","FACE","containment","1.000"
"ANATOMY","Patient's face, chin, jaw, and hairline visible","1","CHIN","containment","1.000"
"ANATOMY","Patient's face, ear, and jaw visible","1","FACE","containment","1.000"
"ANATOMY","Patient's face, eye and nose area visible","1","NOSE","containment","1.000"
"ANATOMY","Patient's face, eye and nose area visible","1","FACE","containment","1.000"
"ANATOMY","Patient's face, eye area and forehead visible","1","FOREHEAD","containment","1.000"
"ANATOMY","Patient's face, eye area and forehead visible","1","FACE","containment","1.000"
"ANATOMY","Patient's face, eye area covered with gauze, visible skin with pigmentation","1","FACE","containment","1.000"
"ANATOMY","Patient's face, eye area covered, visible skin, ear, hair","1","FACE","containment","1.000"
"ANATOMY","Patient's face, eye area, and forehead visible","1","FOREHEAD","containment","1.000"
"ANATOMY","Patient's face, eye area, and forehead visible","1","FACE","containment","1.000"
"ANATOMY","Patient's face, eyes area covered","1","FACE","containment","1.000"
"ANATOMY","Patient's face, eyes covered","1","FACE","containment","1.000"
"ANATOMY","Patient's face, eyes covered with pads","1","FACE","containment","1.000"
"ANATOMY","Patient's face, eyes region visible","1","FACE","containment","1.000"
"ANATOMY","Patient's face, eyes, and periorbital area","1","FACE","containment","1.000"
"ANATOMY","Patient's face, eyes, and surrounding skin visible","1","FACE","containment","1.000"
"ANATOMY","Patient's face, eyes, and upper cheek visible","1","CHEEK","containment","1.000"
"ANATOMY","Patient's face, eyes, and upper cheek visible","1","FACE","containment","1.000"
"ANATOMY","Patient's face, eyes, eyebrow, nose visible","1","NOSE","containment","1.000"
"ANATOMY","Patient's face, eyes, eyebrow, nose visible","1","FACE","containment","1.000"
"ANATOMY","Patient's face, eyes, eyebrow, nose visible","1","BROW","trigram","0.600"
"ANATOMY","Patient's face, forehead and brow area","1","FOREHEAD","containment","1.000"
"ANATOMY","Patient's face, forehead and brow area","1","FACE","containment","1.000"
"ANATOMY","Patient's face, forehead and brow area","1","BROW","containment","1.000"
"ANATOMY","Patient's face, forehead and brow area visible","1","FOREHEAD","containment","1.000"
"ANATOMY","Patient's face, forehead and brow area visible","1","FACE","containment","1.000"
"ANATOMY","Patient's face, forehead and brow area visible","1","BROW","containment","1.000"
"ANATOMY","Patient's face, forehead, and hairline visible","1","FOREHEAD","containment","1.000"
"ANATOMY","Patient's face, forehead, and hairline visible","1","FACE","containment","1.000"
"ANATOMY","Patient's face, forehead, and nose visible with marker lines","1","NOSE","containment","1.000"
"ANATOMY","Patient's face, forehead, and nose visible with marker lines","1","FOREHEAD","containment","1.000"
"ANATOMY","Patient's face, forehead, and nose visible with marker lines","1","FACE","containment","1.000"
"ANATOMY","Patient's face, forehead, and periocular area","1","PERIOCULAR","containment","1.000"
"ANATOMY","Patient's face, forehead, and periocular area","1","FACE","containment","1.000"
"ANATOMY","Patient's face, forehead, and periocular area","1","FOREHEAD","containment","1.000"
"ANATOMY","Patient's face, forehead, and scalp area visible","1","FOREHEAD","containment","1.000"
"ANATOMY","Patient's face, forehead, and scalp area visible","1","FACE","containment","1.000"
"ANATOMY","Patient's face, forehead, and scalp area visible","1","SCALP","containment","1.000"
"ANATOMY","Patient's face, forehead, nose, and periorbital area","1","NOSE","containment","1.000"
"ANATOMY","Patient's face, forehead, nose, and periorbital area","1","FACE","containment","1.000"
"ANATOMY","Patient's face, forehead, nose, and periorbital area","1","FOREHEAD","containment","1.000"
"ANATOMY","Patient's face, including cheek, forehead, and eye area, is visible","1","CHEEK","containment","1.000"
"ANATOMY","Patient's face, including cheek, forehead, and eye area, is visible","1","FACE","containment","1.000"
"ANATOMY","Patient's face, including cheek, forehead, and eye area, is visible","1","FOREHEAD","containment","1.000"
"ANATOMY","Patient's face, including cheeks, nose, mouth, and forehead visible under mask","1","FACE","containment","1.000"
"ANATOMY","Patient's face, including cheeks, nose, mouth, and forehead visible under mask","1","FOREHEAD","containment","1.000"
"ANATOMY","Patient's face, including cheeks, nose, mouth, and forehead visible under mask","1","NOSE","containment","1.000"
"ANATOMY","Patient's face, including cheeks, nose, mouth, and forehead visible under mask","1","CHEEK","trigram","0.833"
"ANATOMY","Patient's face, including cheeks, nose, mouth, and forehead visible under mask","1","UNDER_EYE","trigram","0.600"
"ANATOMY","Patient's face, including nose, forehead, and mouth area visible","1","NOSE","containment","1.000"
"ANATOMY","Patient's face, including nose, forehead, and mouth area visible","1","FACE","containment","1.000"
"ANATOMY","Patient's face, including nose, forehead, and mouth area visible","1","FOREHEAD","containment","1.000"
"ANATOMY","Patient's face, jaw, and hairline visible","1","FACE","containment","1.000"
"ANATOMY","Patient's face, jaw, cheek, and ear visible","1","FACE","containment","1.000"
"ANATOMY","Patient's face, jaw, cheek, and ear visible","1","CHEEK","containment","1.000"
"ANATOMY","Patient's face, jaw, neck; clinician's hands/arms","1","FACE","containment","1.000"
"ANATOMY","Patient's face, jaw, neck; clinician's hands/arms","1","NECK","containment","1.000"
"ANATOMY","Patient's face, nose and eye area visible","1","NOSE","containment","1.000"
"ANATOMY","Patient's face, nose and eye area visible","1","FACE","containment","1.000"
"ANATOMY","Patient's face, nose and mouth area visible","1","FACE","containment","1.000"
"ANATOMY","Patient's face, nose and mouth area visible","1","NOSE","containment","1.000"
"ANATOMY","Patient's face, nose and upper lip area visible","1","FACE","containment","1.000"
"ANATOMY","Patient's face, nose and upper lip area visible","1","NOSE","containment","1.000"
"ANATOMY","Patient's face, nose and upper lip area visible","1","LIPS","trigram","0.600"
"ANATOMY","Patient's face, nose and upper lip visible","1","NOSE","containment","1.000"
"ANATOMY","Patient's face, nose and upper lip visible","1","FACE","containment","1.000"
"ANATOMY","Patient's face, nose and upper lip visible","1","LIPS","trigram","0.600"
"ANATOMY","Patient's face, nose, and cheek area visible","1","NOSE","containment","1.000"
"ANATOMY","Patient's face, nose, and cheek area visible","1","CHEEK","containment","1.000"
"ANATOMY","Patient's face, nose, and cheek area visible","1","FACE","containment","1.000"
"ANATOMY","Patient's face, nose, and eye area","1","FACE","containment","1.000"
"ANATOMY","Patient's face, nose, and eye area","1","NOSE","containment","1.000"
"ANATOMY","Patient's face, nose, and upper lip area visible","1","NOSE","containment","1.000"
"ANATOMY","Patient's face, nose, and upper lip area visible","1","FACE","containment","1.000"
"ANATOMY","Patient's face, nose, and upper lip area visible","1","LIPS","trigram","0.600"
"ANATOMY","Patient's face, nose, forehead visible","1","NOSE","containment","1.000"
"ANATOMY","Patient's face, nose, forehead visible","1","FACE","containment","1.000"
"ANATOMY","Patient's face, nose, forehead visible","1","FOREHEAD","containment","1.000"
"ANATOMY","Patient's face, nose, lips, and ears visible","1","LIPS","containment","1.000"
"ANATOMY","Patient's face, nose, lips, and ears visible","1","NOSE","containment","1.000"
"ANATOMY","Patient's face, nose, lips, and ears visible","1","FACE","containment","1.000"
"ANATOMY","Patient's face, nose, mouth, and neck visible","1","FACE","containment","1.000"
"ANATOMY","Patient's face, nose, mouth, and neck visible","1","NECK","containment","1.000"
"ANATOMY","Patient's face, nose, mouth, and neck visible","1","NOSE","containment","1.000"
"ANATOMY","Patient's face, nose, upper lip, and ear visible","1","NOSE","containment","1.000"
"ANATOMY","Patient's face, nose, upper lip, and ear visible","1","FACE","containment","1.000"
"ANATOMY","Patient's face, nose, upper lip, and ear visible","1","UPPER_FACE","trigram","0.688"
"ANATOMY","Patient's face, nose, upper lip, and ear visible","1","LIPS","trigram","0.600"
"ANATOMY","Patient's face, particularly around eyes and forehead","1","FOREHEAD","containment","1.000"
"ANATOMY","Patient's face, particularly around eyes and forehead","1","FACE","containment","1.000"
"ANATOMY","Patient's face, particularly cheek and eye area","1","CHEEK","containment","1.000"
"ANATOMY","Patient's face, particularly cheek and eye area","1","FACE","containment","1.000"
"ANATOMY","Patient's face, particularly cheek and jaw area, is visible and coated in a light-colored substance","1","FACE","containment","1.000"
"ANATOMY","Patient's face, particularly cheek and jaw area, is visible and coated in a light-colored substance","1","CHEEK","containment","1.000"
"ANATOMY","Patient's face, particularly cheek and nose area","1","CHEEK","containment","1.000"
"ANATOMY","Patient's face, particularly cheek and nose area","1","NOSE","containment","1.000"
"ANATOMY","Patient's face, particularly cheek and nose area","1","FACE","containment","1.000"
"ANATOMY","Patient's face, particularly cheek and periorbital region","1","FACE","containment","1.000"
"ANATOMY","Patient's face, particularly cheek and periorbital region","1","CHEEK","containment","1.000"
"ANATOMY","Patient's face, particularly cheek and under-eye area","1","CHEEK","containment","1.000"
"ANATOMY","Patient's face, particularly cheek and under-eye area","1","UNDER_EYE","trigram","1.000"
"ANATOMY","Patient's face, particularly cheek and under-eye area","1","FACE","containment","1.000"
"ANATOMY","Patient's face, particularly cheek, nose, and periorbital area","1","FACE","containment","1.000"
"ANATOMY","Patient's face, particularly cheek, nose, and periorbital area","1","CHEEK","containment","1.000"
"ANATOMY","Patient's face, particularly cheek, nose, and periorbital area","1","NOSE","containment","1.000"
"ANATOMY","Patient's face, particularly cheek, nose, and upper lip area","1","NOSE","containment","1.000"
"ANATOMY","Patient's face, particularly cheek, nose, and upper lip area","1","CHEEK","containment","1.000"
"ANATOMY","Patient's face, particularly cheek, nose, and upper lip area","1","FACE","containment","1.000"
"ANATOMY","Patient's face, particularly cheek, nose, and upper lip area","1","LIPS","trigram","0.600"
"ANATOMY","Patient's face, particularly eye and cheek area, visible","1","FACE","containment","1.000"
"ANATOMY","Patient's face, particularly eye and cheek area, visible","1","CHEEK","containment","1.000"
"ANATOMY","Patient's face, particularly eye and cheek region","1","FACE","containment","1.000"
"ANATOMY","Patient's face, particularly eye and cheek region","1","CHEEK","containment","1.000"
"ANATOMY","Patient's face, particularly eye and nasal area, visible","1","FACE","containment","1.000"
"ANATOMY","Patient's face, particularly eye area, visible","1","FACE","containment","1.000"
"ANATOMY","Patient's face, particularly eye/periocular region, is visible","1","PERIOCULAR","containment","1.000"
"ANATOMY","Patient's face, particularly eye/periocular region, is visible","1","FACE","containment","1.000"
"ANATOMY","Patient's face, particularly forehead and eye area, is visible and being treated","1","FOREHEAD","containment","1.000"
"ANATOMY","Patient's face, particularly forehead and eye area, is visible and being treated","1","FACE","containment","1.000"
"ANATOMY","Patient's face, particularly forehead and eye/brow region","1","FOREHEAD","containment","1.000"
"ANATOMY","Patient's face, particularly forehead and eye/brow region","1","FACE","containment","1.000"
"ANATOMY","Patient's face, particularly forehead and eye/brow region","1","BROW","containment","1.000"
"ANATOMY","Patient's face, particularly forehead and eye/brow region","1","EYE_BAG_REGION","trigram","0.632"
"ANATOMY","Patient's face, particularly nose and cheek area","1","FACE","containment","1.000"
"ANATOMY","Patient's face, particularly nose and cheek area","1","CHEEK","containment","1.000"
"ANATOMY","Patient's face, particularly nose and cheek area","1","NOSE","containment","1.000"
"ANATOMY","Patient's face, particularly nose and periorbital area, visible with eye shields covering eyes","1","NOSE","containment","1.000"
"ANATOMY","Patient's face, particularly nose and periorbital area, visible with eye shields covering eyes","1","FACE","containment","1.000"
"ANATOMY","Patient's face, particularly periorbital and cheek area","1","CHEEK","containment","1.000"
"ANATOMY","Patient's face, particularly periorbital and cheek area","1","FACE","containment","1.000"
"ANATOMY","Patient's face, particularly upper lip and cheek area","1","FACE","containment","1.000"
"ANATOMY","Patient's face, particularly upper lip and cheek area","1","CHEEK","containment","1.000"
"ANATOMY","Patient's face, particularly upper lip and cheek area","1","LIPS","trigram","0.600"
"ANATOMY","Patient's face: nose, forehead, cheek","1","FOREHEAD","containment","1.000"
"ANATOMY","Patient's face: nose, forehead, cheek","1","CHEEK","containment","1.000"
"ANATOMY","Patient's face: nose, forehead, cheek","1","NOSE","containment","1.000"
"ANATOMY","Patient's face: nose, forehead, cheek","1","FACE","containment","1.000"
"ANATOMY","Patient's face/forehead and brow area visible","1","FACE","containment","1.000"
"ANATOMY","Patient's face/forehead and brow area visible","1","FOREHEAD","containment","1.000"
"ANATOMY","Patient's face/forehead and brow area visible","1","BROW","containment","1.000"
"ANATOMY","Patient's face/forehead region visible","1","FACE","containment","1.000"
"ANATOMY","Patient's face/forehead region visible","1","FOREHEAD","containment","1.000"
"ANATOMY","Patient's face/forehead visible","1","FOREHEAD","containment","1.000"
"ANATOMY","Patient's face/forehead visible","1","FACE","containment","1.000"
"ANATOMY","Patient's face/forehead/eyebrow region visible","1","FOREHEAD","containment","1.000"
"ANATOMY","Patient's face/forehead/eyebrow region visible","1","FACE","containment","1.000"
"ANATOMY","Patient's face/forehead/eyebrow region visible","1","BROW","trigram","0.600"
"ANATOMY","Patient's face/head area visible","1","FACE","containment","1.000"
"ANATOMY","Patient's facial area (nose, cheek) visible","1","CHEEK","containment","1.000"
"ANATOMY","Patient's facial area (nose, cheek) visible","1","NOSE","containment","1.000"
"ANATOMY","Patient's facial area (nose, cheek) visible","1","FACE","trigram","0.600"
"ANATOMY","Patient's facial area (nose/upper lip) visible","1","NOSE","containment","1.000"
"ANATOMY","Patient's facial area (nose/upper lip) visible","1","LIPS","trigram","0.600"
"ANATOMY","Patient's facial area (nose/upper lip) visible","1","FACE","trigram","0.600"
"ANATOMY","Patient's facial area including brow, temple, and eye region visible","1","BROW","containment","1.000"
"ANATOMY","Patient's facial area including brow, temple, and eye region visible","1","EYE_BAG_REGION","trigram","0.733"
"ANATOMY","Patient's facial area including brow, temple, and eye region visible","1","FACE","trigram","0.600"
"ANATOMY","Patient's facial area including cheek, nose, and forehead visible","1","NOSE","containment","1.000"
"ANATOMY","Patient's facial area including cheek, nose, and forehead visible","1","CHEEK","containment","1.000"
"ANATOMY","Patient's facial area including cheek, nose, and forehead visible","1","FOREHEAD","containment","1.000"
"ANATOMY","Patient's facial area including cheek, nose, and forehead visible","1","FACE","trigram","0.600"
"ANATOMY","Patient's facial area including cheek, nose, and under-eye region visible","1","NOSE","containment","1.000"
"ANATOMY","Patient's facial area including cheek, nose, and under-eye region visible","1","CHEEK","containment","1.000"
"ANATOMY","Patient's facial area including cheek, nose, and under-eye region visible","1","UNDER_EYE","trigram","1.000"
"ANATOMY","Patient's facial area including cheek, nose, and under-eye region visible","1","EYE_BAG_REGION","trigram","0.733"
"ANATOMY","Patient's facial area including cheek, nose, and under-eye region visible","1","FACE","trigram","0.600"
"ANATOMY","Patient's facial area including cheek, nose, mouth, and periorbital region visible","1","CHEEK","containment","1.000"
"ANATOMY","Patient's facial area including cheek, nose, mouth, and periorbital region visible","1","NOSE","containment","1.000"
"ANATOMY","Patient's facial area including cheek, nose, mouth, and periorbital region visible","1","FACE","trigram","0.600"
"ANATOMY","Patient's facial area including nose, cheek, eye region visible","1","CHEEK","containment","1.000"
"ANATOMY","Patient's facial area including nose, cheek, eye region visible","1","NOSE","containment","1.000"
"ANATOMY","Patient's facial area including nose, cheek, eye region visible","1","EYE_BAG_REGION","trigram","0.733"
"ANATOMY","Patient's facial area including nose, cheek, eye region visible","1","FACE","trigram","0.600"
"ANATOMY","Patient's facial area near eyes and cheek","1","CHEEK","containment","1.000"
"ANATOMY","Patient's facial area near eyes and cheek","1","FACE","trigram","0.600"
"ANATOMY","Patient's facial area near nose and cheek visible","1","NOSE","containment","1.000"
"ANATOMY","Patient's facial area near nose and cheek visible","1","CHEEK","containment","1.000"
"ANATOMY","Patient's facial area near nose and cheek visible","1","FACE","trigram","0.600"
"ANATOMY","Patient's facial area, particularly eye and periorbital region, visible","1","FACE","trigram","0.600"
"ANATOMY","Patient's facial region (nose, upper lip, periorbital area)","1","NOSE","containment","1.000"
"ANATOMY","Patient's facial region (nose, upper lip, periorbital area)","1","FACE","trigram","0.600"
"ANATOMY","Patient's facial region (nose, upper lip, periorbital area)","1","LIPS","trigram","0.600"
"ANATOMY","Patient's facial region visible","1","FACE","trigram","0.600"
"ANATOMY","Patient's facial skin and eye area visible","1","FACE","trigram","0.600"
"ANATOMY","Patient's facial/cheek area visible","1","CHEEK","containment","1.000"
"ANATOMY","Patient's facial/cheek area visible","1","FACE","trigram","0.600"
"ANATOMY","Patient's forehead and brow/eyebrow area visible","1","BROW","containment","1.000"
"ANATOMY","Patient's forehead and brow/eyebrow area visible","1","FOREHEAD","containment","1.000"
"ANATOMY","Patient's forehead and face visible","1","FOREHEAD","containment","1.000"
"ANATOMY","Patient's forehead and face visible","1","FACE","containment","1.000"
"ANATOMY","Patient's forehead and facial area","1","FOREHEAD","containment","1.000"
"ANATOMY","Patient's forehead and facial area","1","FACE","trigram","0.600"
"ANATOMY","Patient's forehead and facial region visible","1","FOREHEAD","containment","1.000"
"ANATOMY","Patient's forehead and facial region visible","1","FACE","trigram","0.600"
"ANATOMY","Patient's forehead and facial skin visible","1","FOREHEAD","containment","1.000"
"ANATOMY","Patient's forehead and facial skin visible","1","FACE","trigram","0.600"
"ANATOMY","Patient's forehead and scalp visible","1","FOREHEAD","containment","1.000"
"ANATOMY","Patient's forehead and scalp visible","1","SCALP","containment","1.000"
"ANATOMY","Patient's forehead and upper face","1","FOREHEAD","containment","1.000"
"ANATOMY","Patient's forehead and upper face","1","UPPER_FACE","containment","1.000"
"ANATOMY","Patient's forehead and upper face","1","FACE","containment","1.000"
"ANATOMY","Patient's forehead and upper face region visible","1","FOREHEAD","containment","1.000"
"ANATOMY","Patient's forehead and upper face region visible","1","FACE","containment","1.000"
"ANATOMY","Patient's forehead and upper face region visible","1","UPPER_FACE","containment","1.000"
"ANATOMY","Patient's forehead, brow, and eye area visible","1","FOREHEAD","containment","1.000"
"ANATOMY","Patient's forehead, brow, and eye area visible","1","BROW","containment","1.000"
"ANATOMY","Patient's forehead, brow, and lower face visible","1","LOWER_FACE","containment","1.000"
"ANATOMY","Patient's forehead, brow, and lower face visible","1","FACE","containment","1.000"
"ANATOMY","Patient's forehead, brow, and lower face visible","1","FOREHEAD","containment","1.000"
"ANATOMY","Patient's forehead, brow, and lower face visible","1","BROW","containment","1.000"
"ANATOMY","Patient's forehead, brow, and periocular area visible","1","FOREHEAD","containment","1.000"
"ANATOMY","Patient's forehead, brow, and periocular area visible","1","BROW","containment","1.000"
"ANATOMY","Patient's forehead, brow, and periocular area visible","1","PERIOCULAR","containment","1.000"
"ANATOMY","Patient's forehead, brow, nose, mouth, chin and neck visible","1","NOSE","containment","1.000"
"ANATOMY","Patient's forehead, brow, nose, mouth, chin and neck visible","1","FOREHEAD","containment","1.000"
"ANATOMY","Patient's forehead, brow, nose, mouth, chin and neck visible","1","NECK","containment","1.000"
"ANATOMY","Patient's forehead, brow, nose, mouth, chin and neck visible","1","BROW","containment","1.000"
"ANATOMY","Patient's forehead, brow, nose, mouth, chin and neck visible","1","CHIN","containment","1.000"
"ANATOMY","Patient's forehead, eye area, and nose visible","1","NOSE","containment","1.000"
"ANATOMY","Patient's forehead, eye area, and nose visible","1","FOREHEAD","containment","1.000"
"ANATOMY","Patient's forehead, eyebrow, and facial area visible","1","FOREHEAD","containment","1.000"
"ANATOMY","Patient's forehead, eyebrow, and facial area visible","1","BROW","trigram","0.600"
"ANATOMY","Patient's forehead, eyebrow, and facial area visible","1","FACE","trigram","0.600"
"ANATOMY","Patient's forehead, hairline, and face visible","1","FOREHEAD","containment","1.000"
"ANATOMY","Patient's forehead, hairline, and face visible","1","FACE","containment","1.000"
"ANATOMY","Patient's forehead, nose, and facial area visible","1","NOSE","containment","1.000"
"ANATOMY","Patient's forehead, nose, and facial area visible","1","FOREHEAD","containment","1.000"
"ANATOMY","Patient's forehead, nose, and facial area visible","1","FACE","trigram","0.600"
"ANATOMY","Patient's forehead, scalp hairline, and face visible","1","SCALP","containment","1.000"
"ANATOMY","Patient's forehead, scalp hairline, and face visible","1","FACE","containment","1.000"
"ANATOMY","Patient's forehead, scalp hairline, and face visible","1","FOREHEAD","containment","1.000"
"ANATOMY","Patient's forehead, temple, and facial skin visible with reddened area","1","FOREHEAD","containment","1.000"
"ANATOMY","Patient's forehead, temple, and facial skin visible with reddened area","1","FACE","trigram","0.600"
"ANATOMY","Patient's forehead/brow and eye area visible","1","FOREHEAD","containment","1.000"
"ANATOMY","Patient's forehead/brow and eye area visible","1","BROW","containment","1.000"
"ANATOMY","Patient's forehead/browline area visible","1","FOREHEAD","containment","1.000"
"ANATOMY","Patient's forehead/browline area visible","1","BROW","trigram","0.800"
"ANATOMY","Patient's forehead/upper face and scalp area","1","FACE","containment","1.000"
"ANATOMY","Patient's forehead/upper face and scalp area","1","FOREHEAD","containment","1.000"
"ANATOMY","Patient's forehead/upper face and scalp area","1","UPPER_FACE","containment","1.000"
"ANATOMY","Patient's forehead/upper face and scalp area","1","SCALP","containment","1.000"
"ANATOMY","Patient's head and face region visible","1","FACE","containment","1.000"
"ANATOMY","Patient's head, face and neck visible","1","NECK","containment","1.000"
"ANATOMY","Patient's head, face and neck visible","1","FACE","containment","1.000"
"ANATOMY","Patient's head, face, and forehead visible","1","FACE","containment","1.000"
"ANATOMY","Patient's head, face, and forehead visible","1","FOREHEAD","containment","1.000"
"ANATOMY","Patient's head, face, and neck visible","1","FACE","containment","1.000"
"ANATOMY","Patient's head, face, and neck visible","1","NECK","containment","1.000"
"ANATOMY","Patient's head, forehead, and temple visible","1","FOREHEAD","containment","1.000"
"ANATOMY","Patient's head/scalp visible","1","SCALP","containment","1.000"
"ANATOMY","Patient's jaw, cheek, and hairline visible","1","CHEEK","containment","1.000"
"ANATOMY","Patient's jaw, chin, and neck area visible","1","CHIN","containment","1.000"
"ANATOMY","Patient's jaw, chin, and neck area visible","1","NECK","containment","1.000"
"ANATOMY","Patient's lower face and practitioner's hands/arms visible","1","LOWER_FACE","containment","1.000"
"ANATOMY","Patient's lower face and practitioner's hands/arms visible","1","FACE","containment","1.000"
"ANATOMY","Patient's lower face, jaw, and chin visible","1","CHIN","containment","1.000"
"ANATOMY","Patient's lower face, jaw, and chin visible","1","FACE","containment","1.000"
"ANATOMY","Patient's lower face, jaw, and chin visible","1","LOWER_FACE","containment","1.000"
"ANATOMY","Patient's lower face, jaw, and neck visible","1","NECK","containment","1.000"
"ANATOMY","Patient's lower face, jaw, and neck visible","1","LOWER_FACE","containment","1.000"
"ANATOMY","Patient's lower face, jaw, and neck visible","1","FACE","containment","1.000"
"ANATOMY","Patient's neck and lower chin area","1","CHIN","containment","1.000"
"ANATOMY","Patient's neck and lower chin area","1","NECK","containment","1.000"
"ANATOMY","Patient's neck, jaw, and cheek visible","1","CHEEK","containment","1.000"
"ANATOMY","Patient's neck, jaw, and cheek visible","1","NECK","containment","1.000"
"ANATOMY","Patient's neck, jaw, and ear area visible","1","NECK","containment","1.000"
"ANATOMY","Patient's nose and midface visible","1","MIDFACE","containment","1.000"
"ANATOMY","Patient's nose and midface visible","1","NOSE","containment","1.000"
"ANATOMY","Patient's nose and midface visible","1","FACE","trigram","0.600"
"ANATOMY","Patient's nose and upper lip area","1","NOSE","containment","1.000"
"ANATOMY","Patient's nose and upper lip area","1","LIPS","trigram","0.600"
"ANATOMY","Patient's nose, upper lip, and eyebrow area visible","1","NOSE","containment","1.000"
"ANATOMY","Patient's nose, upper lip, and eyebrow area visible","1","LIPS","trigram","0.600"
"ANATOMY","Patient's nose, upper lip, and eyebrow area visible","1","BROW","trigram","0.600"
"ANATOMY","Patient's nose, upper lip, and forehead visible","1","NOSE","containment","1.000"
"ANATOMY","Patient's nose, upper lip, and forehead visible","1","FOREHEAD","containment","1.000"
"ANATOMY","Patient's nose, upper lip, and forehead visible","1","LIPS","trigram","0.600"
"ANATOMY","Patient's nose, upper lip, and lower face visible","1","NOSE","containment","1.000"
"ANATOMY","Patient's nose, upper lip, and lower face visible","1","LOWER_FACE","containment","1.000"
"ANATOMY","Patient's nose, upper lip, and lower face visible","1","FACE","containment","1.000"
"ANATOMY","Patient's nose, upper lip, and lower face visible","1","LIPS","trigram","0.600"
"ANATOMY","Patient's nose, upper lip, jaw and chin visible","1","CHIN","containment","1.000"
"ANATOMY","Patient's nose, upper lip, jaw and chin visible","1","NOSE","containment","1.000"
"ANATOMY","Patient's nose, upper lip, jaw and chin visible","1","LIPS","trigram","0.600"
"ANATOMY","Patient's periorbital/facial region visible","1","FACE","trigram","0.600"
"ANATOMY","Patient's scalp and forehead visible, illuminated by red light","1","SCALP","containment","1.000"
"ANATOMY","Patient's scalp and forehead visible, illuminated by red light","1","FOREHEAD","containment","1.000"
"ANATOMY","Patient's scalp and hair visible at crown area","1","SCALP","containment","1.000"
"ANATOMY","Patient's scalp and hair visible at crown area","1","CROWN","containment","1.000"
"ANATOMY","Patient's scalp and hairline visible","1","SCALP","containment","1.000"
"ANATOMY","Patient's scalp and head","1","SCALP","containment","1.000"
"ANATOMY","Patient's scalp visible and illuminated","1","SCALP","containment","1.000"
"ANATOMY","Patient's scalp/crown area visible amid gauze wrapping","1","SCALP","containment","1.000"
"ANATOMY","Patient's scalp/crown area visible amid gauze wrapping","1","CROWN","containment","1.000"
"ANATOMY","Patient's scalp/hairline and face visible; clinician's gloved hands visible","1","SCALP","containment","1.000"
"ANATOMY","Patient's scalp/hairline and face visible; clinician's gloved hands visible","1","FACE","containment","1.000"
"ANATOMY","Patient's scalp/head exposed","1","SCALP","containment","1.000"
"ANATOMY","Patient's scalp/head region visible","1","SCALP","containment","1.000"
"ANATOMY","Periorbital and midface region including eye, eyebrow, cheek, nose, lips","1","NOSE","containment","1.000"
"ANATOMY","Periorbital and midface region including eye, eyebrow, cheek, nose, lips","1","CHEEK","containment","1.000"
"ANATOMY","Periorbital and midface region including eye, eyebrow, cheek, nose, lips","1","LIPS","containment","1.000"
"ANATOMY","Periorbital and midface region including eye, eyebrow, cheek, nose, lips","1","MIDFACE","containment","1.000"
"ANATOMY","Periorbital and midface region including eye, eyebrow, cheek, nose, lips","1","FACE","trigram","0.600"
"ANATOMY","Periorbital and midface region including eye, eyebrow, cheek, nose, lips","1","BROW","trigram","0.600"
"ANATOMY","Periorbital and temple/cheek facial region","1","CHEEK","containment","1.000"
"ANATOMY","Periorbital and temple/cheek facial region","1","FACE","trigram","0.600"
"ANATOMY","Periorbital face region visible","1","FACE","containment","1.000"
"ANATOMY","Posterior and crown region of scalp, ears, and upper neck visible","1","SCALP","containment","1.000"
"ANATOMY","Posterior and crown region of scalp, ears, and upper neck visible","1","CROWN","containment","1.000"
"ANATOMY","Posterior and crown region of scalp, ears, and upper neck visible","1","NECK","containment","1.000"
"ANATOMY","Posterior and crown region of the scalp","1","SCALP","containment","1.000"
"ANATOMY","Posterior and crown region of the scalp","1","CROWN","containment","1.000"
"ANATOMY","Posterior head, crown/vertex scalp, neck, and ear visible","1","SCALP","containment","1.000"
"ANATOMY","Posterior head, crown/vertex scalp, neck, and ear visible","1","NECK","containment","1.000"
"ANATOMY","Posterior head, crown/vertex scalp, neck, and ear visible","1","CROWN","containment","1.000"
"ANATOMY","Posterior head, scalp, ears, and neck","1","NECK","containment","1.000"
"ANATOMY","Posterior head, scalp, ears, and neck","1","SCALP","containment","1.000"
"ANATOMY","Posterior neck, shoulder, and upper back skin","1","NECK","containment","1.000"
"ANATOMY","Posterior neck, shoulder, and upper back skin visible","1","NECK","containment","1.000"
"ANATOMY","Posterior scalp, crown, and ear region","1","CROWN","containment","1.000"
"ANATOMY","Posterior scalp, crown, and ear region","1","SCALP","containment","1.000"
"ANATOMY","Posterior scalp, crown, and ears","1","SCALP","containment","1.000"
"ANATOMY","Posterior scalp, crown, and ears","1","CROWN","containment","1.000"
"ANATOMY","Posterior scalp, crown, and ears visible","1","SCALP","containment","1.000"
"ANATOMY","Posterior scalp, crown, and ears visible","1","CROWN","containment","1.000"
"ANATOMY","Posterior scalp, crown, neck, and ears visible","1","SCALP","containment","1.000"
"ANATOMY","Posterior scalp, crown, neck, and ears visible","1","NECK","containment","1.000"
"ANATOMY","Posterior scalp, crown, neck, and ears visible","1","CROWN","containment","1.000"
"ANATOMY","Posterior scalp, crown/whorl area, ears, and neck visible","1","SCALP","containment","1.000"
"ANATOMY","Posterior scalp, crown/whorl area, ears, and neck visible","1","NECK","containment","1.000"
"ANATOMY","Posterior scalp, crown/whorl area, ears, and neck visible","1","CROWN","containment","1.000"
"ANATOMY","Posterior scalp, ear, and neck visible","1","NECK","containment","1.000"
"ANATOMY","Posterior scalp, ear, and neck visible","1","SCALP","containment","1.000"
"ANATOMY","Posterior scalp, ears, and upper neck visible","1","SCALP","containment","1.000"
"ANATOMY","Posterior scalp, ears, and upper neck visible","1","NECK","containment","1.000"
"ANATOMY","Posterior scalp, ears, neck, and hairline visible","1","NECK","containment","1.000"
"ANATOMY","Posterior scalp, ears, neck, and hairline visible","1","SCALP","containment","1.000"
"ANATOMY","Posterior/superior scalp region","1","SCALP","containment","1.000"
"ANATOMY","Practitioner's hands, face, and patient's chin/lips visible","1","CHIN","containment","1.000"
"ANATOMY","Practitioner's hands, face, and patient's chin/lips visible","1","LIPS","containment","1.000"
"ANATOMY","Practitioner's hands, face, and patient's chin/lips visible","1","FACE","containment","1.000"
"ANATOMY","Reclined person's head, forehead, and scalp/hairline visible","1","SCALP","containment","1.000"
"ANATOMY","Reclined person's head, forehead, and scalp/hairline visible","1","FOREHEAD","containment","1.000"
"ANATOMY","Reddened scalp/head area of a patient","1","SCALP","containment","1.000"
"ANATOMY","Reddish scalp/tissue area","1","SCALP","containment","1.000"
"ANATOMY","Right facial and head profile visible","1","FACE","trigram","0.600"
"ANATOMY","Right facial profile, ear, temple, and hairline visible","1","FACE","trigram","0.600"
"ANATOMY","Right-side facial profile including nose, eye, ear, cheek, jaw, neck","1","NOSE","containment","1.000"
"ANATOMY","Right-side facial profile including nose, eye, ear, cheek, jaw, neck","1","NECK","containment","1.000"
"ANATOMY","Right-side facial profile including nose, eye, ear, cheek, jaw, neck","1","CHEEK","containment","1.000"
"ANATOMY","Right-side facial profile including nose, eye, ear, cheek, jaw, neck","1","FACE","trigram","0.600"
"ANATOMY","Scalp and crown area of the head visible","1","CROWN","containment","1.000"
"ANATOMY","Scalp and crown area of the head visible","1","SCALP","containment","1.000"
"ANATOMY","Scalp and crown area with parted hair","1","CROWN","containment","1.000"
"ANATOMY","Scalp and crown area with parted hair","1","SCALP","containment","1.000"
"ANATOMY","Scalp and crown area with visible thinning hair","1","CROWN","containment","1.000"
"ANATOMY","Scalp and crown area with visible thinning hair","1","SCALP","containment","1.000"
"ANATOMY","Scalp and crown hair whorl visible","1","SCALP","containment","1.000"
"ANATOMY","Scalp and crown hair whorl visible","1","CROWN","containment","1.000"
"ANATOMY","Scalp and crown of head visible","1","CROWN","containment","1.000"
"ANATOMY","Scalp and crown of head visible","1","SCALP","containment","1.000"
"ANATOMY","Scalp and crown of the head","1","SCALP","containment","1.000"
"ANATOMY","Scalp and crown of the head","1","CROWN","containment","1.000"
"ANATOMY","Scalp and crown region of the head","1","SCALP","containment","1.000"
"ANATOMY","Scalp and crown region of the head","1","CROWN","containment","1.000"
"ANATOMY","Scalp and crown region of the head visible","1","CROWN","containment","1.000"
"ANATOMY","Scalp and crown region of the head visible","1","SCALP","containment","1.000"
"ANATOMY","Scalp and crown region visible","1","SCALP","containment","1.000"
"ANATOMY","Scalp and crown region visible","1","CROWN","containment","1.000"
"ANATOMY","Scalp and crown region visible with thinning hair","1","CROWN","containment","1.000"
"ANATOMY","Scalp and crown region visible with thinning hair","1","SCALP","containment","1.000"
"ANATOMY","Scalp and crown region with hair of varying density","1","CROWN","containment","1.000"
"ANATOMY","Scalp and crown region with hair of varying density","1","SCALP","containment","1.000"
"ANATOMY","Scalp and crown region with hair thinning pattern","1","CROWN","containment","1.000"
"ANATOMY","Scalp and crown region with hair thinning pattern","1","SCALP","containment","1.000"
"ANATOMY","Scalp and crown region with visible thinning/bald patch","1","CROWN","containment","1.000"
"ANATOMY","Scalp and crown region with visible thinning/bald patch","1","SCALP","containment","1.000"
"ANATOMY","Scalp and ear visible","1","SCALP","containment","1.000"
"ANATOMY","Scalp and forehead visible","1","SCALP","containment","1.000"
"ANATOMY","Scalp and forehead visible","1","FOREHEAD","containment","1.000"
"ANATOMY","Scalp and hair area at crown/part visible","1","CROWN","containment","1.000"
"ANATOMY","Scalp and hair area at crown/part visible","1","SCALP","containment","1.000"
"ANATOMY","Scalp and hair at crown of head visible","1","CROWN","containment","1.000"
"ANATOMY","Scalp and hair at crown of head visible","1","SCALP","containment","1.000"
"ANATOMY","Scalp and hair at crown/vertex region","1","CROWN","containment","1.000"
"ANATOMY","Scalp and hair at crown/vertex region","1","SCALP","containment","1.000"
"ANATOMY","Scalp and hair at the crown/back of the head","1","SCALP","containment","1.000"
"ANATOMY","Scalp and hair at the crown/back of the head","1","CROWN","containment","1.000"
"ANATOMY","Scalp and hair at the vertex/crown region","1","CROWN","containment","1.000"
"ANATOMY","Scalp and hair at the vertex/crown region","1","SCALP","containment","1.000"
"ANATOMY","Scalp and hair on crown/mid-scalp region visible from above","1","CROWN","containment","1.000"
"ANATOMY","Scalp and hair on crown/mid-scalp region visible from above","1","SCALP","containment","1.000"
"ANATOMY","Scalp and hair region","1","SCALP","containment","1.000"
"ANATOMY","Scalp and hair region of seated person visible","1","SCALP","containment","1.000"
"ANATOMY","Scalp and hair visible from behind","1","SCALP","containment","1.000"
"ANATOMY","Scalp and hair visible on patient","1","SCALP","containment","1.000"
"ANATOMY","Scalp and hair visible on seated individual","1","SCALP","containment","1.000"
"ANATOMY","Scalp and hair visible on seated person","1","SCALP","containment","1.000"
"ANATOMY","Scalp and hair visible on top and back of head","1","SCALP","containment","1.000"
"ANATOMY","Scalp and hair visible on top and back of patient's head","1","SCALP","containment","1.000"
"ANATOMY","Scalp and hair visible, partial arm and hand visible","1","SCALP","containment","1.000"
"ANATOMY","Scalp and hairline of reclined man visible","1","SCALP","containment","1.000"
"ANATOMY","Scalp and hairline of seated person visible","1","SCALP","containment","1.000"
"ANATOMY","Scalp and hairline of the head visible","1","SCALP","containment","1.000"
"ANATOMY","Scalp and hairline region","1","SCALP","containment","1.000"
"ANATOMY","Scalp and hairline region visible with pinkish skin tone","1","SCALP","containment","1.000"
"ANATOMY","Scalp and hairline visible near crown area","1","CROWN","containment","1.000"
"ANATOMY","Scalp and hairline visible near crown area","1","SCALP","containment","1.000"
"ANATOMY","Scalp and head region visible","1","SCALP","containment","1.000"
"ANATOMY","Scalp and head visible","1","SCALP","containment","1.000"
"ANATOMY","Scalp and nose region visible","1","NOSE","containment","1.000"
"ANATOMY","Scalp and nose region visible","1","SCALP","containment","1.000"
"ANATOMY","Scalp and parted hair region visible","1","SCALP","containment","1.000"
"ANATOMY","Scalp and top of head visible","1","SCALP","containment","1.000"
"ANATOMY","Scalp and top/back of head visible","1","SCALP","containment","1.000"
"ANATOMY","Scalp area with pink/red skin tone visible","1","SCALP","containment","1.000"
"ANATOMY","Scalp crown/whorl area with visible part in hair","1","CROWN","containment","1.000"
"ANATOMY","Scalp crown/whorl area with visible part in hair","1","SCALP","containment","1.000"
"ANATOMY","Scalp of the head, crown to occipital region","1","CROWN","containment","1.000"
"ANATOMY","Scalp of the head, crown to occipital region","1","SCALP","containment","1.000"
"ANATOMY","Scalp or skin area near hairline","1","SCALP","containment","1.000"
"ANATOMY","Scalp region visible under drape","1","SCALP","containment","1.000"
"ANATOMY","Scalp region visible under drape","1","UNDER_EYE","trigram","0.600"
"ANATOMY","Scalp region visible, draped with gauze","1","SCALP","containment","1.000"
"ANATOMY","Scalp skin surface visible in close-up","1","SCALP","containment","1.000"
"ANATOMY","Scalp skin surface visible in close-up","1","FACE","trigram","0.600"
"ANATOMY","Scalp skin with dense hair follicles","1","SCALP","containment","1.000"
"ANATOMY","Scalp skin with hair-bearing area and scattered small marks","1","SCALP","containment","1.000"
"ANATOMY","Scalp visible","1","SCALP","containment","1.000"
"ANATOMY","Scalp visible at hair part","1","SCALP","containment","1.000"
"ANATOMY","Scalp visible in close-up","1","SCALP","containment","1.000"
"ANATOMY","Scalp visible, reddish-purple and mottled","1","SCALP","containment","1.000"
"ANATOMY","Scalp with ink-marked grid pattern","1","SCALP","containment","1.000"
"ANATOMY","Scalp with receding hairline and thinning crown visible","1","SCALP","containment","1.000"
"ANATOMY","Scalp with receding hairline and thinning crown visible","1","CROWN","containment","1.000"
"ANATOMY","Scalp with two illuminated circular skin areas","1","SCALP","containment","1.000"
"ANATOMY","Scalp, crown region, ears, neck visible","1","NECK","containment","1.000"
"ANATOMY","Scalp, crown region, ears, neck visible","1","CROWN","containment","1.000"
"ANATOMY","Scalp, crown region, ears, neck visible","1","SCALP","containment","1.000"
"ANATOMY","Scalp, crown, and back of head visible","1","SCALP","containment","1.000"
"ANATOMY","Scalp, crown, and back of head visible","1","CROWN","containment","1.000"
"ANATOMY","Scalp, crown, and back-of-head region visible","1","CROWN","containment","1.000"
"ANATOMY","Scalp, crown, and back-of-head region visible","1","SCALP","containment","1.000"
"ANATOMY","Scalp, crown, and frontal hairline visible","1","FRONTAL_HAIRLINE","containment","1.000"
"ANATOMY","Scalp, crown, and frontal hairline visible","1","SCALP","containment","1.000"
"ANATOMY","Scalp, crown, and frontal hairline visible","1","CROWN","containment","1.000"
"ANATOMY","Scalp, crown, and frontal hairline visible from overhead view","1","SCALP","containment","1.000"
"ANATOMY","Scalp, crown, and frontal hairline visible from overhead view","1","FRONTAL_HAIRLINE","containment","1.000"
"ANATOMY","Scalp, crown, and frontal hairline visible from overhead view","1","CROWN","containment","1.000"
"ANATOMY","Scalp, crown, and hair visible from above/behind","1","SCALP","containment","1.000"
"ANATOMY","Scalp, crown, and hair visible from above/behind","1","CROWN","containment","1.000"
"ANATOMY","Scalp, crown, and hairline region visible from overhead","1","CROWN","containment","1.000"
"ANATOMY","Scalp, crown, and hairline region visible from overhead","1","SCALP","containment","1.000"
"ANATOMY","Scalp, crown, and hairline visible from overhead angle","1","CROWN","containment","1.000"
"ANATOMY","Scalp, crown, and hairline visible from overhead angle","1","SCALP","containment","1.000"
"ANATOMY","Scalp, crown, and posterior head region visible","1","SCALP","containment","1.000"
"ANATOMY","Scalp, crown, and posterior head region visible","1","CROWN","containment","1.000"
"ANATOMY","Scalp, crown, and posterior head/neck visible","1","NECK","containment","1.000"
"ANATOMY","Scalp, crown, and posterior head/neck visible","1","CROWN","containment","1.000"
"ANATOMY","Scalp, crown, and posterior head/neck visible","1","SCALP","containment","1.000"
"ANATOMY","Scalp, crown, forehead, and facial features visible","1","FOREHEAD","containment","1.000"
"ANATOMY","Scalp, crown, forehead, and facial features visible","1","SCALP","containment","1.000"
"ANATOMY","Scalp, crown, forehead, and facial features visible","1","CROWN","containment","1.000"
"ANATOMY","Scalp, crown, forehead, and facial features visible","1","FACE","trigram","0.600"
"ANATOMY","Scalp, crown, hairline, and back of head visible","1","CROWN","containment","1.000"
"ANATOMY","Scalp, crown, hairline, and back of head visible","1","SCALP","containment","1.000"
"ANATOMY","Scalp, crown, hairline, forehead, ears visible","1","CROWN","containment","1.000"
"ANATOMY","Scalp, crown, hairline, forehead, ears visible","1","FOREHEAD","containment","1.000"
"ANATOMY","Scalp, crown, hairline, forehead, ears visible","1","SCALP","containment","1.000"
"ANATOMY","Scalp, crown/vertex area, ears, and neck visible","1","SCALP","containment","1.000"
"ANATOMY","Scalp, crown/vertex area, ears, and neck visible","1","NECK","containment","1.000"
"ANATOMY","Scalp, crown/vertex area, ears, and neck visible","1","CROWN","containment","1.000"
"ANATOMY","Scalp, crown/vertex, ears, and neck visible","1","CROWN","containment","1.000"
"ANATOMY","Scalp, crown/vertex, ears, and neck visible","1","NECK","containment","1.000"
"ANATOMY","Scalp, crown/vertex, ears, and neck visible","1","SCALP","containment","1.000"
"ANATOMY","Scalp, ears, neck visible","1","NECK","containment","1.000"
"ANATOMY","Scalp, ears, neck visible","1","SCALP","containment","1.000"
"ANATOMY","Scalp, face, and neck visible with frontal hairline area highlighted","1","SCALP","containment","1.000"
"ANATOMY","Scalp, face, and neck visible with frontal hairline area highlighted","1","FACE","containment","1.000"
"ANATOMY","Scalp, face, and neck visible with frontal hairline area highlighted","1","FRONTAL_HAIRLINE","containment","1.000"
"ANATOMY","Scalp, face, and neck visible with frontal hairline area highlighted","1","NECK","containment","1.000"
"ANATOMY","Scalp, face, ear, and neck visible","1","SCALP","containment","1.000"
"ANATOMY","Scalp, face, ear, and neck visible","1","FACE","containment","1.000"
"ANATOMY","Scalp, face, ear, and neck visible","1","NECK","containment","1.000"
"ANATOMY","Scalp, forehead, and facial features visible","1","SCALP","containment","1.000"
"ANATOMY","Scalp, forehead, and facial features visible","1","FOREHEAD","containment","1.000"
"ANATOMY","Scalp, forehead, and facial features visible","1","FACE","trigram","0.600"
"ANATOMY","Scalp, forehead, and hairline visible with sparse frontal hair","1","SCALP","containment","1.000"
"ANATOMY","Scalp, forehead, and hairline visible with sparse frontal hair","1","FOREHEAD","containment","1.000"
"ANATOMY","Scalp, forehead, and hairline visible with sparse frontal hair","1","FRONTAL_HAIRLINE","trigram","0.706"
"ANATOMY","Scalp, forehead, ear, and eyebrow visible","1","FOREHEAD","containment","1.000"
"ANATOMY","Scalp, forehead, ear, and eyebrow visible","1","SCALP","containment","1.000"
"ANATOMY","Scalp, forehead, ear, and eyebrow visible","1","BROW","trigram","0.600"
"ANATOMY","Scalp, forehead, ear, and face visible","1","FOREHEAD","containment","1.000"
"ANATOMY","Scalp, forehead, ear, and face visible","1","SCALP","containment","1.000"
"ANATOMY","Scalp, forehead, ear, and face visible","1","FACE","containment","1.000"
"ANATOMY","Scalp, forehead, ear, and facial profile visible","1","SCALP","containment","1.000"
"ANATOMY","Scalp, forehead, ear, and facial profile visible","1","FOREHEAD","containment","1.000"
"ANATOMY","Scalp, forehead, ear, and facial profile visible","1","FACE","trigram","0.600"
"ANATOMY","Scalp, forehead, ear, nose, eyebrow visible","1","SCALP","containment","1.000"
"ANATOMY","Scalp, forehead, ear, nose, eyebrow visible","1","NOSE","containment","1.000"
"ANATOMY","Scalp, forehead, ear, nose, eyebrow visible","1","FOREHEAD","containment","1.000"
"ANATOMY","Scalp, forehead, ear, nose, eyebrow visible","1","BROW","trigram","0.600"
"ANATOMY","Scalp, forehead, ears, and face visible","1","FOREHEAD","containment","1.000"
"ANATOMY","Scalp, forehead, ears, and face visible","1","FACE","containment","1.000"
"ANATOMY","Scalp, forehead, ears, and face visible","1","SCALP","containment","1.000"
"ANATOMY","Scalp, forehead, face, and ears visible","1","SCALP","containment","1.000"
"ANATOMY","Scalp, forehead, face, and ears visible","1","FOREHEAD","containment","1.000"
"ANATOMY","Scalp, forehead, face, and ears visible","1","FACE","containment","1.000"
"ANATOMY","Scalp, forehead, hairline region visible","1","SCALP","containment","1.000"
"ANATOMY","Scalp, forehead, hairline region visible","1","FOREHEAD","containment","1.000"
"ANATOMY","Scalp, forehead, hairline, and ear visible","1","FOREHEAD","containment","1.000"
"ANATOMY","Scalp, forehead, hairline, and ear visible","1","SCALP","containment","1.000"
"ANATOMY","Scalp, forehead, hairline, ear, and facial features visible","1","FOREHEAD","containment","1.000"
"ANATOMY","Scalp, forehead, hairline, ear, and facial features visible","1","SCALP","containment","1.000"
"ANATOMY","Scalp, forehead, hairline, ear, and facial features visible","1","FACE","trigram","0.600"
"ANATOMY","Scalp, forehead, hairline, ear, eyebrow, nose visible","1","NOSE","containment","1.000"
"ANATOMY","Scalp, forehead, hairline, ear, eyebrow, nose visible","1","FOREHEAD","containment","1.000"
"ANATOMY","Scalp, forehead, hairline, ear, eyebrow, nose visible","1","SCALP","containment","1.000"
"ANATOMY","Scalp, forehead, hairline, ear, eyebrow, nose visible","1","BROW","trigram","0.600"
"ANATOMY","Scalp, forehead, hairline, ears, eyebrows visible","1","FOREHEAD","containment","1.000"
"ANATOMY","Scalp, forehead, hairline, ears, eyebrows visible","1","SCALP","containment","1.000"
"ANATOMY","Scalp, hair, and forearms visible","1","SCALP","containment","1.000"
"ANATOMY","Scalp, hair, and hairline visible","1","SCALP","containment","1.000"
"ANATOMY","Scalp, hair, and hands visible","1","SCALP","containment","1.000"
"ANATOMY","Scalp, hair, and shoulder visible","1","SCALP","containment","1.000"
"ANATOMY","Scalp, hair, ear, and face of the reclining person visible","1","FACE","containment","1.000"
"ANATOMY","Scalp, hair, ear, and face of the reclining person visible","1","SCALP","containment","1.000"
"ANATOMY","Scalp, hair, ear, neck, and jaw visible from overhead angle","1","SCALP","containment","1.000"
"ANATOMY","Scalp, hair, ear, neck, and jaw visible from overhead angle","1","NECK","containment","1.000"
"ANATOMY","Scalp, hair, ears, and back of head/neck visible","1","NECK","containment","1.000"
"ANATOMY","Scalp, hair, ears, and back of head/neck visible","1","SCALP","containment","1.000"
"ANATOMY","Scalp, hair, face, ear, hands visible","1","SCALP","containment","1.000"
"ANATOMY","Scalp, hair, face, ear, hands visible","1","FACE","containment","1.000"
"ANATOMY","Scalp, hairline and hair visible","1","SCALP","containment","1.000"
"ANATOMY","Scalp, hairline, and ear visible","1","SCALP","containment","1.000"
"ANATOMY","Scalp, hairline, and facial features visible","1","SCALP","containment","1.000"
"ANATOMY","Scalp, hairline, and facial features visible","1","FACE","trigram","0.600"
"ANATOMY","Scalp, hairline, and facial profile visible","1","SCALP","containment","1.000"
"ANATOMY","Scalp, hairline, and facial profile visible","1","FACE","trigram","0.600"
"ANATOMY","Scalp, hairline, and forehead area visible","1","FOREHEAD","containment","1.000"
"ANATOMY","Scalp, hairline, and forehead area visible","1","SCALP","containment","1.000"
"ANATOMY","Scalp, hairline, and forehead visible with receding/thinning hair pattern","1","SCALP","containment","1.000"
"ANATOMY","Scalp, hairline, and forehead visible with receding/thinning hair pattern","1","FOREHEAD","containment","1.000"
"ANATOMY","Scalp, hairline, and hair visible on top of head","1","SCALP","containment","1.000"
"ANATOMY","Scalp, hairline, ear, and face in profile","1","SCALP","containment","1.000"
"ANATOMY","Scalp, hairline, ear, and face in profile","1","FACE","containment","1.000"
"ANATOMY","Scalp, hairline, ear, and neck visible","1","NECK","containment","1.000"
"ANATOMY","Scalp, hairline, ear, and neck visible","1","SCALP","containment","1.000"
"ANATOMY","Scalp, hairline, ear, face, and neck visible","1","NECK","containment","1.000"
"ANATOMY","Scalp, hairline, ear, face, and neck visible","1","SCALP","containment","1.000"
"ANATOMY","Scalp, hairline, ear, face, and neck visible","1","FACE","containment","1.000"
"ANATOMY","Scalp, hairline, forehead visible with area of thinning hair","1","SCALP","containment","1.000"
"ANATOMY","Scalp, hairline, forehead visible with area of thinning hair","1","FOREHEAD","containment","1.000"
"ANATOMY","Scalp, hairline, forehead, and crown visible","1","CROWN","containment","1.000"
"ANATOMY","Scalp, hairline, forehead, and crown visible","1","SCALP","containment","1.000"
"ANATOMY","Scalp, hairline, forehead, and crown visible","1","FOREHEAD","containment","1.000"
"ANATOMY","Scalp, hairline, forehead, and ears visible","1","FOREHEAD","containment","1.000"
"ANATOMY","Scalp, hairline, forehead, and ears visible","1","SCALP","containment","1.000"
"ANATOMY","Scalp, hairline, forehead, and facial features visible","1","FOREHEAD","containment","1.000"
"ANATOMY","Scalp, hairline, forehead, and facial features visible","1","SCALP","containment","1.000"
"ANATOMY","Scalp, hairline, forehead, and facial features visible","1","FACE","trigram","0.600"
"ANATOMY","Scalp, hairline, forehead, crown visible","1","CROWN","containment","1.000"
"ANATOMY","Scalp, hairline, forehead, crown visible","1","SCALP","containment","1.000"
"ANATOMY","Scalp, hairline, forehead, crown visible","1","FOREHEAD","containment","1.000"
"ANATOMY","Scalp, hairline, forehead, ear visible","1","SCALP","containment","1.000"
"ANATOMY","Scalp, hairline, forehead, ear visible","1","FOREHEAD","containment","1.000"
"ANATOMY","Scalp, hairline, forehead, ear, and eyebrow visible","1","SCALP","containment","1.000"
"ANATOMY","Scalp, hairline, forehead, ear, and eyebrow visible","1","FOREHEAD","containment","1.000"
"ANATOMY","Scalp, hairline, forehead, ear, and eyebrow visible","1","BROW","trigram","0.600"
"ANATOMY","Scalp, hairline, forehead, ear, and facial features visible","1","SCALP","containment","1.000"
"ANATOMY","Scalp, hairline, forehead, ear, and facial features visible","1","FOREHEAD","containment","1.000"
"ANATOMY","Scalp, hairline, forehead, ear, and facial features visible","1","FACE","trigram","0.600"
"ANATOMY","Scalp, hairline, forehead, ear, and neck visible","1","NECK","containment","1.000"
"ANATOMY","Scalp, hairline, forehead, ear, and neck visible","1","FOREHEAD","containment","1.000"
"ANATOMY","Scalp, hairline, forehead, ear, and neck visible","1","SCALP","containment","1.000"
"ANATOMY","Scalp, hairline, forehead, ear, face and neck visible","1","SCALP","containment","1.000"
"ANATOMY","Scalp, hairline, forehead, ear, face and neck visible","1","FOREHEAD","containment","1.000"
"ANATOMY","Scalp, hairline, forehead, ear, face and neck visible","1","NECK","containment","1.000"
"ANATOMY","Scalp, hairline, forehead, ear, face and neck visible","1","FACE","containment","1.000"
"ANATOMY","Scalp, hairline, forehead, ear, nose, and jaw visible in profile","1","SCALP","containment","1.000"
"ANATOMY","Scalp, hairline, forehead, ear, nose, and jaw visible in profile","1","NOSE","containment","1.000"
"ANATOMY","Scalp, hairline, forehead, ear, nose, and jaw visible in profile","1","FOREHEAD","containment","1.000"
"ANATOMY","Scalp, hairline, forehead, ear, nose, and jawline visible","1","FOREHEAD","containment","1.000"
"ANATOMY","Scalp, hairline, forehead, ear, nose, and jawline visible","1","SCALP","containment","1.000"
"ANATOMY","Scalp, hairline, forehead, ear, nose, and jawline visible","1","NOSE","containment","1.000"
"ANATOMY","Scalp, hairline, forehead, ear, nose, and jawline visible","1","JAWLINE","containment","1.000"
"ANATOMY","Scalp, head, arm, and legs visible","1","SCALP","containment","1.000"
"ANATOMY","Scalp/back of head and feet visible","1","SCALP","containment","1.000"
"ANATOMY","Scalp/back of head visible","1","SCALP","containment","1.000"
"ANATOMY","Scalp/crown area of patient's head visible","1","SCALP","containment","1.000"
"ANATOMY","Scalp/crown area of patient's head visible","1","CROWN","containment","1.000"
"ANATOMY","Scalp/crown area visible amid bandaging","1","SCALP","containment","1.000"
"ANATOMY","Scalp/crown area visible amid bandaging","1","CROWN","containment","1.000"
"ANATOMY","Scalp/crown region of the head shown in close-up","1","SCALP","containment","1.000"
"ANATOMY","Scalp/crown region of the head shown in close-up","1","CROWN","containment","1.000"
"ANATOMY","Scalp/forehead near hairline and eye area visible","1","FOREHEAD","containment","1.000"
"ANATOMY","Scalp/forehead near hairline and eye area visible","1","SCALP","containment","1.000"
"ANATOMY","Scalp/hair area of reclined person visible","1","SCALP","containment","1.000"
"ANATOMY","Scalp/hairline and head region of reclining person visible","1","SCALP","containment","1.000"
"ANATOMY","Scalp/hairline and head visible","1","SCALP","containment","1.000"
"ANATOMY","Scalp/hairline and lower face area","1","SCALP","containment","1.000"
"ANATOMY","Scalp/hairline and lower face area","1","FACE","containment","1.000"
"ANATOMY","Scalp/hairline and lower face area","1","LOWER_FACE","containment","1.000"
"ANATOMY","Scalp/hairline area with reddened skin","1","SCALP","containment","1.000"
"ANATOMY","Scalp/head area visible under drape","1","SCALP","containment","1.000"
"ANATOMY","Scalp/head area visible under drape","1","UNDER_EYE","trigram","0.600"
"ANATOMY","Scalp/head region visible with grid markings","1","SCALP","containment","1.000"
"ANATOMY","Scalp/top of head exposed and illuminated","1","SCALP","containment","1.000"
"ANATOMY","Scalp/top of head visible","1","SCALP","containment","1.000"
"ANATOMY","Seated person's scalp and long dark hair visible, head tilted forward","1","SCALP","containment","1.000"
"ANATOMY","Shaved human scalp visible","1","SCALP","containment","1.000"
"ANATOMY","Shaved scalp with illuminated circular area","1","SCALP","containment","1.000"
"ANATOMY","Shoulder, neck, and upper trapezius region visible","1","NECK","containment","1.000"
"ANATOMY","Skin area near the ear/lower face or neck region","1","NECK","containment","1.000"
"ANATOMY","Skin area near the ear/lower face or neck region","1","LOWER_FACE","containment","1.000"
"ANATOMY","Skin area near the ear/lower face or neck region","1","FACE","containment","1.000"
"ANATOMY","Skin near ear/jaw/neck region with a mole visible","1","NECK","containment","1.000"
"ANATOMY","Skin near jaw/neck with a partial ear visible","1","NECK","containment","1.000"
"ANATOMY","Skin near the jaw/chin area with a mouth corner visible","1","CHIN","containment","1.000"
"ANATOMY","Skin surface near hairline","1","FACE","trigram","0.600"
"ANATOMY","Skin surface near hairline/scalp area","1","SCALP","containment","1.000"
"ANATOMY","Skin surface near hairline/scalp area","1","FACE","trigram","0.600"
"ANATOMY","Submental/chin and neck skin area","1","CHIN","containment","1.000"
"ANATOMY","Submental/chin and neck skin area","1","NECK","containment","1.000"
"ANATOMY","Temple, cheek, and hairline region","1","CHEEK","containment","1.000"
"ANATOMY","Temple, cheek, and hairline region of face","1","FACE","containment","1.000"
"ANATOMY","Temple, cheek, and hairline region of face","1","CHEEK","containment","1.000"
"ANATOMY","Top and back of a human scalp/head visible","1","SCALP","containment","1.000"
"ANATOMY","Top and back of human scalp visible","1","SCALP","containment","1.000"
"ANATOMY","Top and back of scalp visible","1","SCALP","containment","1.000"
"ANATOMY","Top and crown of head visible","1","CROWN","containment","1.000"
"ANATOMY","Top and frontal scalp, hairline, and ear visible","1","FRONTAL_SCALP","containment","1.000"
"ANATOMY","Top and frontal scalp, hairline, and ear visible","1","SCALP","containment","1.000"
"ANATOMY","Top and frontal scalp, hairline, and ear visible","1","FRONTAL_HAIRLINE","trigram","0.739"
"ANATOMY","Top and posterior view of human scalp/head","1","SCALP","containment","1.000"
"ANATOMY","Top and sides of scalp visible","1","SCALP","containment","1.000"
"ANATOMY","Top of head and scalp","1","SCALP","containment","1.000"
"ANATOMY","Top of head, crown, hair, and scalp visible","1","CROWN","containment","1.000"
"ANATOMY","Top of head, crown, hair, and scalp visible","1","SCALP","containment","1.000"
"ANATOMY","Top of head, hairline, and scalp visible","1","SCALP","containment","1.000"
"ANATOMY","Top of head, scalp, and crown region","1","CROWN","containment","1.000"
"ANATOMY","Top of head, scalp, and crown region","1","SCALP","containment","1.000"
"ANATOMY","Top of head, scalp, arms, and hands visible","1","SCALP","containment","1.000"
"ANATOMY","Top of head, scalp, forehead, and eyebrows visible","1","SCALP","containment","1.000"
"ANATOMY","Top of head, scalp, forehead, and eyebrows visible","1","FOREHEAD","containment","1.000"
"ANATOMY","Top of head, scalp, forehead, eyebrows, nose visible","1","NOSE","containment","1.000"
"ANATOMY","Top of head, scalp, forehead, eyebrows, nose visible","1","FOREHEAD","containment","1.000"
"ANATOMY","Top of head, scalp, forehead, eyebrows, nose visible","1","SCALP","containment","1.000"
"ANATOMY","Top of head/scalp and crown visible","1","CROWN","containment","1.000"
"ANATOMY","Top of head/scalp and crown visible","1","SCALP","containment","1.000"
"ANATOMY","Top of scalp and hairline visible","1","SCALP","containment","1.000"
"ANATOMY","Top of scalp exposed and visible","1","SCALP","containment","1.000"
"ANATOMY","Top of scalp with skin markings","1","SCALP","containment","1.000"
"ANATOMY","Top of scalp with skin surface visible","1","SCALP","containment","1.000"
"ANATOMY","Top of scalp with skin surface visible","1","FACE","trigram","0.600"
"ANATOMY","Top of scalp, crown, and hairline visible","1","SCALP","containment","1.000"
"ANATOMY","Top of scalp, crown, and hairline visible","1","CROWN","containment","1.000"
"ANATOMY","Top of scalp, hairline, and crown visible","1","CROWN","containment","1.000"
"ANATOMY","Top of scalp, hairline, and crown visible","1","SCALP","containment","1.000"
"ANATOMY","Top of scalp, hairline, and forehead visible from overhead angle","1","SCALP","containment","1.000"
"ANATOMY","Top of scalp, hairline, and forehead visible from overhead angle","1","FOREHEAD","containment","1.000"
"ANATOMY","Top of scalp/crown region visible","1","SCALP","containment","1.000"
"ANATOMY","Top of scalp/crown region visible","1","CROWN","containment","1.000"
"ANATOMY","Top of scalp/head visible in close-up","1","SCALP","containment","1.000"
"ANATOMY","Top scalp and crown visible","1","SCALP","containment","1.000"
"ANATOMY","Top scalp and crown visible","1","CROWN","containment","1.000"
"ANATOMY","Top, crown, and frontal scalp visible","1","SCALP","containment","1.000"
"ANATOMY","Top, crown, and frontal scalp visible","1","FRONTAL_SCALP","containment","1.000"
"ANATOMY","Top, crown, and frontal scalp visible","1","CROWN","containment","1.000"
"ANATOMY","Top, crown, forehead, and partial face visible","1","FOREHEAD","containment","1.000"
"ANATOMY","Top, crown, forehead, and partial face visible","1","FACE","containment","1.000"
"ANATOMY","Top, crown, forehead, and partial face visible","1","CROWN","containment","1.000"
"ANATOMY","Top, crown, frontal scalp, forehead, and ears visible","1","FRONTAL_SCALP","containment","1.000"
"ANATOMY","Top, crown, frontal scalp, forehead, and ears visible","1","CROWN","containment","1.000"
"ANATOMY","Top, crown, frontal scalp, forehead, and ears visible","1","SCALP","containment","1.000"
"ANATOMY","Top, crown, frontal scalp, forehead, and ears visible","1","FOREHEAD","containment","1.000"
"ANATOMY","Top, crown, sides, and one ear visible","1","CROWN","containment","1.000"
"ANATOMY","Upper arm/shoulder skin surface","1","FACE","trigram","0.600"
"ANATOMY","Upper back, neck, and shoulder blade visible","1","NECK","containment","1.000"
"ANATOMY","Upper back, shoulder, and nape of neck visible","1","NECK","containment","1.000"
"ANATOMY","Upper chest or lower neck skin visible","1","NECK","containment","1.000"
"ANATOMY","Upper chest or lower neck visible","1","NECK","containment","1.000"
"ANATOMY","Upper chest/shoulder area near neckline visible","1","NECK","trigram","0.800"
"ANATOMY","Visible face, ear, and eye area of patient","1","FACE","containment","1.000"
"ANATOMY","Visible face, forehead, nose, ear of patient; eye area covered","1","NOSE","containment","1.000"
"ANATOMY","Visible face, forehead, nose, ear of patient; eye area covered","1","FACE","containment","1.000"
"ANATOMY","Visible face, forehead, nose, ear of patient; eye area covered","1","FOREHEAD","containment","1.000"
"ANATOMY","Visible face, neck, and shoulders of the subject","1","FACE","containment","1.000"
"ANATOMY","Visible face, neck, and shoulders of the subject","1","NECK","containment","1.000"
"ANATOMY","Visible scalp, hairline, forehead, ear, nose, and facial hair region","1","NOSE","containment","1.000"
"ANATOMY","Visible scalp, hairline, forehead, ear, nose, and facial hair region","1","SCALP","containment","1.000"
"ANATOMY","Visible scalp, hairline, forehead, ear, nose, and facial hair region","1","FOREHEAD","containment","1.000"
"ANATOMY","Visible scalp, hairline, forehead, ear, nose, and facial hair region","1","FACE","trigram","0.600"
"ANATOMY","Woman's face and forehead area visible near syringe","1","FACE","containment","1.000"
"ANATOMY","Woman's face and forehead area visible near syringe","1","FOREHEAD","containment","1.000"
"ANATOMY","Woman's face and forehead visible","1","FOREHEAD","containment","1.000"
"ANATOMY","Woman's face and forehead visible","1","FACE","containment","1.000"
"ANATOMY","Woman’s face and lower facial area visible","1","FACE","containment","1.000"
"ANATOMY","Woman’s face and lower facial area visible","1","LOWER_FACE","trigram","0.818"
"ANATOMY","Woman's face and man's gloved hand visible","1","FACE","containment","1.000"
"ANATOMY","Woman's forehead/hairline and practitioner's gloved hands","1","FOREHEAD","containment","1.000"
"CLINICAL_VISUAL_OBSERVATIONS","Close inspection of scalp/hair area","2","SCALP_VISIBILITY","containment","1.000"
"CLINICAL_VISUAL_OBSERVATIONS","Purple marker grid and circular outline on scalp","2","SCALP_VISIBILITY","containment","1.000"
"CLINICAL_VISUAL_OBSERVATIONS","Reduced hair density at crown","2","HAIR_DENSITY_VISUAL","containment","1.000"
"CLINICAL_VISUAL_OBSERVATIONS","Acne lesions, enlarged pores, erythema on cheek/jaw","1","ACNE_VISIBLE","containment","1.000"
"CLINICAL_VISUAL_OBSERVATIONS","Acne lesions, enlarged pores, erythema on cheek/jaw","1","PORES_VISIBLE","trigram","0.800"
"CLINICAL_VISUAL_OBSERVATIONS","Acne lesions, erythema, enlarged pores, and possible scarring on cheek","1","ACNE_VISIBLE","containment","1.000"
"CLINICAL_VISUAL_OBSERVATIONS","Acne lesions, erythema, enlarged pores, and possible scarring on cheek","1","PORES_VISIBLE","trigram","0.800"
"CLINICAL_VISUAL_OBSERVATIONS","Acne lesions, erythema, enlarged pores, and possible scarring on cheek","1","ACNE_SCARRING_VISIBLE","trigram","0.643"
"CLINICAL_VISUAL_OBSERVATIONS","Acne, erythema, and enlarged pores visible","1","ACNE_VISIBLE","containment","1.000"
"CLINICAL_VISUAL_OBSERVATIONS","Acne, erythema, and enlarged pores visible","1","PORES_VISIBLE","trigram","0.800"
"CLINICAL_VISUAL_OBSERVATIONS","Acne, inflammation, and enlarged pores visible","1","ACNE_VISIBLE","containment","1.000"
"CLINICAL_VISUAL_OBSERVATIONS","Acne, inflammation, and enlarged pores visible","1","PORES_VISIBLE","trigram","0.800"
"CLINICAL_VISUAL_OBSERVATIONS","Acne, redness, enlarged pores, and applied cream","1","REDNESS_VISIBLE","containment","1.000"
"CLINICAL_VISUAL_OBSERVATIONS","Acne, redness, enlarged pores, and applied cream","1","ACNE_VISIBLE","containment","1.000"
"CLINICAL_VISUAL_OBSERVATIONS","Acne, redness, enlarged pores, and applied cream","1","PORES_VISIBLE","trigram","0.800"
"CLINICAL_VISUAL_OBSERVATIONS","Area of lighter, thinner-appearing hair on crown/scalp","1","SCALP_VISIBILITY","containment","1.000"
"CLINICAL_VISUAL_OBSERVATIONS","Black line-pattern tattoo, red targeting dot, no visible redness or bleeding","1","REDNESS_VISIBLE","containment","1.000"
"CLINICAL_VISUAL_OBSERVATIONS","Blood visible on scalp, metal instruments on towel","1","SCALP_VISIBILITY","containment","1.000"
"CLINICAL_VISUAL_OBSERVATIONS","Bloodied, reddened scalp under bright focal light with gloved instrument contact","1","SCALP_VISIBILITY","containment","1.000"
"CLINICAL_VISUAL_OBSERVATIONS","Bright focused light on draped scalp area with visible instrument","1","SCALP_VISIBILITY","containment","1.000"
"CLINICAL_VISUAL_OBSERVATIONS","Bright light contact point on forehead skin","1","FOREHEAD_LINES_VISIBLE","trigram","0.600"
"CLINICAL_VISUAL_OBSERVATIONS","Bright light glare and instrument contact on scalp surface","1","SCALP_VISIBILITY","containment","1.000"
"CLINICAL_VISUAL_OBSERVATIONS","Bright light on scalp with visible reddened tissue and instruments","1","SCALP_VISIBILITY","containment","1.000"
"CLINICAL_VISUAL_OBSERVATIONS","Broad central scalp visibility with sparse hair coverage","1","SCALP_VISIBILITY","containment","1.000"
"CLINICAL_VISUAL_OBSERVATIONS","Circular area of hair thinning/loss at the crown","1","CROWN_THINNING_VISIBLE","trigram","0.600"
"CLINICAL_VISUAL_OBSERVATIONS","Circular area of reduced hair density with visible scalp at the crown","1","HAIR_DENSITY_VISUAL","containment","1.000"
"CLINICAL_VISUAL_OBSERVATIONS","Circular area of reduced hair density with visible scalp at the crown","1","SCALP_VISIBILITY","containment","1.000"
"CLINICAL_VISUAL_OBSERVATIONS","Circular area of scalp thinning/balding at crown","1","SCALP_VISIBILITY","containment","1.000"
"CLINICAL_VISUAL_OBSERVATIONS","Circular area of scalp thinning/balding at crown","1","MIDSCALP_THINNING_VISIBLE","trigram","0.722"
"CLINICAL_VISUAL_OBSERVATIONS","Circular area of scalp thinning/balding at crown","1","CROWN_THINNING_VISIBLE","trigram","0.625"
"CLINICAL_VISUAL_OBSERVATIONS","Circular area of thinning hair/exposed scalp at crown","1","SCALP_VISIBILITY","containment","1.000"
"CLINICAL_VISUAL_OBSERVATIONS","Circular area of thinning hair/exposed scalp at crown","1","CROWN_THINNING_VISIBLE","trigram","0.600"
"CLINICAL_VISUAL_OBSERVATIONS","Clear gel on forehead, no visible bleeding or bruising","1","FOREHEAD_LINES_VISIBLE","trigram","0.600"
"CLINICAL_VISUAL_OBSERVATIONS","Clear gel/fluid coating forehead, cheek, and neck","1","FOREHEAD_LINES_VISIBLE","trigram","0.600"
"CLINICAL_VISUAL_OBSERVATIONS","Clear gel/serum coating forehead and cheek, blue light-tipped device","1","FOREHEAD_LINES_VISIBLE","trigram","0.600"
"CLINICAL_VISUAL_OBSERVATIONS","Clear liquid in dish, tool contact on forehead skin","1","FOREHEAD_LINES_VISIBLE","trigram","0.600"
"CLINICAL_VISUAL_OBSERVATIONS","Clear/translucent gel coating on skin, glossy texture","1","SKIN_TEXTURE_VISUAL","trigram","0.650"
"CLINICAL_VISUAL_OBSERVATIONS","Client's eyes covered by a pad, slight redness visible on forearm","1","REDNESS_VISIBLE","containment","1.000"
"CLINICAL_VISUAL_OBSERVATIONS","Close scalp inspection with gloved hands and tool","1","SCALP_VISIBILITY","containment","1.000"
"CLINICAL_VISUAL_OBSERVATIONS","Crown hair whorl with visible scalp part; yellow marking near crown","1","SCALP_VISIBILITY","containment","1.000"
"CLINICAL_VISUAL_OBSERVATIONS","Crown whorl with visible scalp thinning/part at vertex","1","SCALP_VISIBILITY","containment","1.000"
"CLINICAL_VISUAL_OBSERVATIONS","Crown whorl with visible scalp thinning/part at vertex","1","MIDSCALP_THINNING_VISIBLE","trigram","0.722"
"CLINICAL_VISUAL_OBSERVATIONS","Crown whorl with visible scalp thinning/part at vertex","1","CROWN_THINNING_VISIBLE","trigram","0.600"
"CLINICAL_VISUAL_OBSERVATIONS","Dark hairline markings and red targeting laser dot","1","HAIRLINE_VISIBLE","containment","1.000"
"CLINICAL_VISUAL_OBSERVATIONS","Dark hairline markings and red targeting laser dot","1","HAIRLINE_SHAPE","trigram","0.600"
"CLINICAL_VISUAL_OBSERVATIONS","Dark marker line outlining hairline pattern on scalp","1","SCALP_VISIBILITY","containment","1.000"
"CLINICAL_VISUAL_OBSERVATIONS","Dark marker line outlining hairline pattern on scalp","1","HAIRLINE_VISIBLE","containment","1.000"
"CLINICAL_VISUAL_OBSERVATIONS","Dark marker line outlining hairline pattern on scalp","1","HAIRLINE_SHAPE","trigram","0.600"
"CLINICAL_VISUAL_OBSERVATIONS","Dark marker lines and reddish pinpoint marks on scalp","1","SCALP_VISIBILITY","containment","1.000"
"CLINICAL_VISUAL_OBSERVATIONS","Dark marker lines drawn on scalp outlining hairline area","1","SCALP_VISIBILITY","containment","1.000"
"CLINICAL_VISUAL_OBSERVATIONS","Dark marker lines drawn on scalp outlining hairline area","1","HAIRLINE_VISIBLE","containment","1.000"
"CLINICAL_VISUAL_OBSERVATIONS","Dark marker lines drawn on scalp outlining hairline area","1","HAIRLINE_SHAPE","trigram","0.600"
"CLINICAL_VISUAL_OBSERVATIONS","Dark markings on forehead/hairline and red laser dot","1","HAIRLINE_VISIBLE","containment","1.000"
"CLINICAL_VISUAL_OBSERVATIONS","Dark markings on forehead/hairline and red laser dot","1","HAIRLINE_SHAPE","trigram","0.600"
"CLINICAL_VISUAL_OBSERVATIONS","Dark markings on forehead/hairline and red laser dot","1","FOREHEAD_LINES_VISIBLE","trigram","0.600"
"CLINICAL_VISUAL_OBSERVATIONS","Dark pigmentation patches on facial skin","1","PIGMENTATION_VISIBLE","containment","1.000"
"CLINICAL_VISUAL_OBSERVATIONS","Dark purple/blue-black skin mark, no visible bleeding or redness","1","REDNESS_VISIBLE","containment","1.000"
"CLINICAL_VISUAL_OBSERVATIONS","Dense field of small white/gray dot markings across scalp","1","SCALP_VISIBILITY","containment","1.000"
"CLINICAL_VISUAL_OBSERVATIONS","Dense punctate marks with blood spotting on scalp","1","SCALP_VISIBILITY","containment","1.000"
"CLINICAL_VISUAL_OBSERVATIONS","Dense red puncture-like marks on lower-back and side scalp","1","SCALP_VISIBILITY","containment","1.000"
"CLINICAL_VISUAL_OBSERVATIONS","Dense reddish speckled dots over scalp area with adjacent lighter shaved skin and gauze wrap","1","SCALP_VISIBILITY","containment","1.000"
"CLINICAL_VISUAL_OBSERVATIONS","Dense small dots and mild redness across scalp, gauze border","1","SCALP_VISIBILITY","containment","1.000"
"CLINICAL_VISUAL_OBSERVATIONS","Dense small dots and mild redness across scalp, gauze border","1","REDNESS_VISIBLE","containment","1.000"
"CLINICAL_VISUAL_OBSERVATIONS","Dense small marks with blood spotting on scalp","1","SCALP_VISIBILITY","containment","1.000"
"CLINICAL_VISUAL_OBSERVATIONS","Dense small puncta, redness, and moist sheen on scalp","1","REDNESS_VISIBLE","containment","1.000"
"CLINICAL_VISUAL_OBSERVATIONS","Dense small puncta, redness, and moist sheen on scalp","1","SCALP_VISIBILITY","containment","1.000"
"CLINICAL_VISUAL_OBSERVATIONS","Dense small red pinpoint marks and redness on defined scalp regions","1","REDNESS_VISIBLE","containment","1.000"
"CLINICAL_VISUAL_OBSERVATIONS","Dense small red pinpoint marks and redness on defined scalp regions","1","SCALP_VISIBILITY","containment","1.000"
"CLINICAL_VISUAL_OBSERVATIONS","Dense small red puncture marks and dried blood on scalp","1","SCALP_VISIBILITY","containment","1.000"
"CLINICAL_VISUAL_OBSERVATIONS","Diffuse punctate redness and crusting on scalp","1","REDNESS_VISIBLE","containment","1.000"
"CLINICAL_VISUAL_OBSERVATIONS","Diffuse punctate redness and crusting on scalp","1","SCALP_VISIBILITY","containment","1.000"
"CLINICAL_VISUAL_OBSERVATIONS","Diffuse punctate redness and crusting on scalp","1","CRUSTING_VISIBLE","containment","1.000"
"CLINICAL_VISUAL_OBSERVATIONS","Diffuse punctate redness and crusting on shaved scalp","1","REDNESS_VISIBLE","containment","1.000"
"CLINICAL_VISUAL_OBSERVATIONS","Diffuse punctate redness and crusting on shaved scalp","1","SCALP_VISIBILITY","containment","1.000"
"CLINICAL_VISUAL_OBSERVATIONS","Diffuse punctate redness and crusting on shaved scalp","1","CRUSTING_VISIBLE","containment","1.000"
"CLINICAL_VISUAL_OBSERVATIONS","Diffuse reddened, dotted scalp area with pinpoint marks","1","SCALP_VISIBILITY","containment","1.000"
"CLINICAL_VISUAL_OBSERVATIONS","Diffuse small red/dark puncta and redness across the scalp","1","REDNESS_VISIBLE","containment","1.000"
"CLINICAL_VISUAL_OBSERVATIONS","Diffuse small red/dark puncta and redness across the scalp","1","SCALP_VISIBILITY","containment","1.000"
"CLINICAL_VISUAL_OBSERVATIONS","Diffuse thinning/visible scalp at the crown with surrounding denser hair","1","DIFFUSE_THINNING_VISIBLE","containment","1.000"
"CLINICAL_VISUAL_OBSERVATIONS","Diffuse thinning/visible scalp at the crown with surrounding denser hair","1","SCALP_VISIBILITY","containment","1.000"
"CLINICAL_VISUAL_OBSERVATIONS","Diffuse thinning/visible scalp at the crown with surrounding denser hair","1","CROWN_THINNING_VISIBLE","trigram","0.600"
"CLINICAL_VISUAL_OBSERVATIONS","Diffuse visible scalp across top and crown","1","SCALP_VISIBILITY","containment","1.000"
"CLINICAL_VISUAL_OBSERVATIONS","Erythema (redness) and visible pores on facial skin","1","REDNESS_VISIBLE","containment","1.000"
"CLINICAL_VISUAL_OBSERVATIONS","Erythema (redness) and visible pores on facial skin","1","PORES_VISIBLE","trigram","0.800"
"CLINICAL_VISUAL_OBSERVATIONS","Erythema and enlarged pores with wire electrodes on skin","1","PORES_VISIBLE","trigram","0.800"
"CLINICAL_VISUAL_OBSERVATIONS","Erythema and skin flaking near jawline","1","JAWLINE_DEFINITION","containment","1.000"
"CLINICAL_VISUAL_OBSERVATIONS","Erythema and skin texture visible near nose/cheek","1","SKIN_TEXTURE_VISUAL","containment","1.000"
"CLINICAL_VISUAL_OBSERVATIONS","Erythema and textured skin surface visible","1","SKIN_TEXTURE_VISUAL","trigram","0.800"
"CLINICAL_VISUAL_OBSERVATIONS","Erythema and visible pores on facial skin","1","PORES_VISIBLE","trigram","0.800"
"CLINICAL_VISUAL_OBSERVATIONS","Erythema, enlarged pores, dark spots","1","PORES_VISIBLE","trigram","0.800"
"CLINICAL_VISUAL_OBSERVATIONS","Erythema, pigmented patches, and pores","1","PORES_VISIBLE","trigram","0.800"
"CLINICAL_VISUAL_OBSERVATIONS","Erythema, pores, and small papular lesions visible","1","PORES_VISIBLE","trigram","0.800"
"CLINICAL_VISUAL_OBSERVATIONS","Erythema, textured pores, and small marks on skin","1","PORES_VISIBLE","trigram","0.800"
"CLINICAL_VISUAL_OBSERVATIONS","Erythema, visible pores, and attached metal pads on skin","1","PORES_VISIBLE","trigram","0.800"
"CLINICAL_VISUAL_OBSERVATIONS","Erythema, visible pores, and small vascular/scar-like marks on cheek and nasolabial area","1","PORES_VISIBLE","trigram","0.800"
"CLINICAL_VISUAL_OBSERVATIONS","Erythema, visible pores, and small vascular/scar-like marks on cheek and nasolabial area","1","NASOLABIAL_FOLD_VISIBILITY","trigram","0.688"
"CLINICAL_VISUAL_OBSERVATIONS","Erythema/redness on cheek and nasolabial fold","1","NASOLABIAL_FOLD_VISIBILITY","containment","1.000"
"CLINICAL_VISUAL_OBSERVATIONS","Erythema/redness on cheek and nasolabial fold","1","REDNESS_VISIBLE","containment","1.000"
"CLINICAL_VISUAL_OBSERVATIONS","Erythematous papules, enlarged pores, and skin texture irregularities on cheek","1","SKIN_TEXTURE_VISUAL","containment","1.000"
"CLINICAL_VISUAL_OBSERVATIONS","Erythematous papules, enlarged pores, and skin texture irregularities on cheek","1","PORES_VISIBLE","trigram","0.800"
"CLINICAL_VISUAL_OBSERVATIONS","Eye covered with gauze; facial skin texture and small blemishes visible","1","SKIN_TEXTURE_VISUAL","containment","1.000"
"CLINICAL_VISUAL_OBSERVATIONS","Eye pads applied, some skin redness visible on patient's face","1","REDNESS_VISIBLE","containment","1.000"
"CLINICAL_VISUAL_OBSERVATIONS","Eyes closed during forehead device contact","1","FOREHEAD_LINES_VISIBLE","trigram","0.600"
"CLINICAL_VISUAL_OBSERVATIONS","Eyes closed; clear material on forehead; blue-lit facial contact","1","FOREHEAD_LINES_VISIBLE","trigram","0.600"
"CLINICAL_VISUAL_OBSERVATIONS","Face and forehead exposed for close attention","1","FOREHEAD_LINES_VISIBLE","trigram","0.600"
"CLINICAL_VISUAL_OBSERVATIONS","Facial acne and post-acne marks visible on cheeks","1","ACNE_VISIBLE","containment","1.000"
"CLINICAL_VISUAL_OBSERVATIONS","Facial acne, acne scarring, and redness visible on cheek and chin","1","ACNE_VISIBLE","containment","1.000"
"CLINICAL_VISUAL_OBSERVATIONS","Facial acne, acne scarring, and redness visible on cheek and chin","1","ACNE_SCARRING_VISIBLE","containment","1.000"
"CLINICAL_VISUAL_OBSERVATIONS","Facial acne, acne scarring, and redness visible on cheek and chin","1","REDNESS_VISIBLE","containment","1.000"
"CLINICAL_VISUAL_OBSERVATIONS","Facial redness and skin texture","1","REDNESS_VISIBLE","containment","1.000"
"CLINICAL_VISUAL_OBSERVATIONS","Facial redness and skin texture","1","SKIN_TEXTURE_VISUAL","containment","1.000"
"CLINICAL_VISUAL_OBSERVATIONS","Facial redness and small blemishes visible","1","REDNESS_VISIBLE","containment","1.000"
"CLINICAL_VISUAL_OBSERVATIONS","Facial redness and textured skin","1","REDNESS_VISIBLE","containment","1.000"
"CLINICAL_VISUAL_OBSERVATIONS","Facial redness and textured skin","1","SKIN_TEXTURE_VISUAL","trigram","0.800"
"CLINICAL_VISUAL_OBSERVATIONS","Facial redness, pinpoint bleeding spots, demarcation line","1","REDNESS_VISIBLE","containment","1.000"
"CLINICAL_VISUAL_OBSERVATIONS","Facial redness, tube near head","1","REDNESS_VISIBLE","containment","1.000"
"CLINICAL_VISUAL_OBSERVATIONS","Facial redness/blemishes visible on cheeks and forehead; eye patches applied","1","REDNESS_VISIBLE","containment","1.000"
"CLINICAL_VISUAL_OBSERVATIONS","Facial redness/blemishes visible on cheeks and forehead; eye patches applied","1","FOREHEAD_LINES_VISIBLE","trigram","0.600"
"CLINICAL_VISUAL_OBSERVATIONS","Facial redness/blemishes visible on patient's skin, eye patches in place","1","REDNESS_VISIBLE","containment","1.000"
"CLINICAL_VISUAL_OBSERVATIONS","Facial skin appears pink/glossy with possible surface moisture or redness","1","REDNESS_VISIBLE","containment","1.000"
"CLINICAL_VISUAL_OBSERVATIONS","Facial skin redness and protective coverings visible","1","REDNESS_VISIBLE","containment","1.000"
"CLINICAL_VISUAL_OBSERVATIONS","Facial skin texture and minor blemishes visible","1","SKIN_TEXTURE_VISUAL","containment","1.000"
"CLINICAL_VISUAL_OBSERVATIONS","Facial skin texture with visible pores and marks","1","SKIN_TEXTURE_VISUAL","containment","1.000"
"CLINICAL_VISUAL_OBSERVATIONS","Facial skin texture with visible pores and marks","1","PORES_VISIBLE","trigram","0.800"
"CLINICAL_VISUAL_OBSERVATIONS","Frontal hairline and scalp visibility documented","1","SCALP_VISIBILITY","containment","1.000"
"CLINICAL_VISUAL_OBSERVATIONS","Frontal hairline and scalp visibility documented","1","HAIRLINE_VISIBLE","containment","1.000"
"CLINICAL_VISUAL_OBSERVATIONS","Frontal hairline and scalp visibility documented","1","HAIRLINE_SHAPE","trigram","0.600"
"CLINICAL_VISUAL_OBSERVATIONS","Frontal hairline and scalp visible without markings","1","HAIRLINE_VISIBLE","containment","1.000"
"CLINICAL_VISUAL_OBSERVATIONS","Frontal hairline and scalp visible without markings","1","SCALP_VISIBILITY","containment","1.000"
"CLINICAL_VISUAL_OBSERVATIONS","Frontal hairline and scalp visible without markings","1","HAIRLINE_SHAPE","trigram","0.600"
"CLINICAL_VISUAL_OBSERVATIONS","Frontal hairline exposed for viewing","1","HAIRLINE_VISIBLE","containment","1.000"
"CLINICAL_VISUAL_OBSERVATIONS","Frontal hairline exposed for viewing","1","HAIRLINE_SHAPE","trigram","0.600"
"CLINICAL_VISUAL_OBSERVATIONS","Frontal hairline exposed with dark curved marking","1","HAIRLINE_VISIBLE","containment","1.000"
"CLINICAL_VISUAL_OBSERVATIONS","Frontal hairline exposed with dark curved marking","1","HAIRLINE_SHAPE","trigram","0.600"
"CLINICAL_VISUAL_OBSERVATIONS","Frontal hairline has visible temple recession and variable density","1","HAIRLINE_VISIBLE","containment","1.000"
"CLINICAL_VISUAL_OBSERVATIONS","Frontal hairline has visible temple recession and variable density","1","TEMPORAL_RECESSION_VISIBLE","trigram","0.636"
"CLINICAL_VISUAL_OBSERVATIONS","Frontal hairline has visible temple recession and variable density","1","HAIR_DENSITY_VISUAL","trigram","0.615"
"CLINICAL_VISUAL_OBSERVATIONS","Frontal hairline has visible temple recession and variable density","1","HAIRLINE_SHAPE","trigram","0.600"
"CLINICAL_VISUAL_OBSERVATIONS","Frontal hairline recession and scalp visibility","1","HAIRLINE_VISIBLE","containment","1.000"
"CLINICAL_VISUAL_OBSERVATIONS","Frontal hairline recession and scalp visibility","1","SCALP_VISIBILITY","containment","1.000"
"CLINICAL_VISUAL_OBSERVATIONS","Frontal hairline recession and scalp visibility","1","HAIRLINE_SHAPE","trigram","0.600"
"CLINICAL_VISUAL_OBSERVATIONS","Frontal hairline recession and thinning visible","1","HAIRLINE_VISIBLE","containment","1.000"
"CLINICAL_VISUAL_OBSERVATIONS","Frontal hairline recession and thinning visible","1","HAIRLINE_SHAPE","trigram","0.600"
"CLINICAL_VISUAL_OBSERVATIONS","Frontal hairline recession and thinning visible","1","CROWN_THINNING_VISIBLE","trigram","0.600"
"CLINICAL_VISUAL_OBSERVATIONS","Gauze bandaging with visible redness at crown","1","REDNESS_VISIBLE","containment","1.000"
"CLINICAL_VISUAL_OBSERVATIONS","Gauze pads over eyes, mild facial redness/marks","1","REDNESS_VISIBLE","containment","1.000"
"CLINICAL_VISUAL_OBSERVATIONS","Gauze/eye pad taped over patient's eye, skin with visible pigmentation marks","1","PIGMENTATION_VISIBLE","containment","1.000"
"CLINICAL_VISUAL_OBSERVATIONS","Gel applied to skin, slight redness/marks visible on arm","1","REDNESS_VISIBLE","containment","1.000"
"CLINICAL_VISUAL_OBSERVATIONS","Glossy scalp sheen and faint discoloration along hairline","1","SCALP_VISIBILITY","containment","1.000"
"CLINICAL_VISUAL_OBSERVATIONS","Glossy scalp sheen and faint discoloration along hairline","1","HAIRLINE_VISIBLE","containment","1.000"
"CLINICAL_VISUAL_OBSERVATIONS","Glossy scalp sheen and faint discoloration along hairline","1","HAIRLINE_SHAPE","trigram","0.600"
"CLINICAL_VISUAL_OBSERVATIONS","Glossy skin with mild localized redness and visible texture","1","REDNESS_VISIBLE","containment","1.000"
"CLINICAL_VISUAL_OBSERVATIONS","Glossy skin with mild localized redness and visible texture","1","SKIN_TEXTURE_VISUAL","trigram","0.615"
"CLINICAL_VISUAL_OBSERVATIONS","Glossy skin with mild redness on cheek","1","REDNESS_VISIBLE","containment","1.000"
"CLINICAL_VISUAL_OBSERVATIONS","Glossy, reddened scalp surface visible","1","SCALP_VISIBILITY","containment","1.000"
"CLINICAL_VISUAL_OBSERVATIONS","Gloved application near scalp with syringe-like instrument","1","SCALP_VISIBILITY","containment","1.000"
"CLINICAL_VISUAL_OBSERVATIONS","Gloved application of a handheld device to periorbital/forehead skin","1","FOREHEAD_LINES_VISIBLE","trigram","0.600"
"CLINICAL_VISUAL_OBSERVATIONS","Gloved application of device to scalp area","1","SCALP_VISIBILITY","containment","1.000"
"CLINICAL_VISUAL_OBSERVATIONS","Gloved contact near hairline, headrest coverings","1","HAIRLINE_VISIBLE","containment","1.000"
"CLINICAL_VISUAL_OBSERVATIONS","Gloved contact near hairline, headrest coverings","1","HAIRLINE_SHAPE","trigram","0.600"
"CLINICAL_VISUAL_OBSERVATIONS","Gloved examination of face/scalp area","1","SCALP_VISIBILITY","containment","1.000"
"CLINICAL_VISUAL_OBSERVATIONS","Gloved examination of scalp/hair","1","SCALP_VISIBILITY","containment","1.000"
"CLINICAL_VISUAL_OBSERVATIONS","Gloved hand contact with scalp area, no visible bleeding or marks noted","1","SCALP_VISIBILITY","containment","1.000"
"CLINICAL_VISUAL_OBSERVATIONS","Gloved hand examining scalp/hairline","1","HAIRLINE_VISIBLE","containment","1.000"
"CLINICAL_VISUAL_OBSERVATIONS","Gloved hand examining scalp/hairline","1","SCALP_VISIBILITY","containment","1.000"
"CLINICAL_VISUAL_OBSERVATIONS","Gloved hand examining scalp/hairline","1","HAIRLINE_SHAPE","trigram","0.600"
"CLINICAL_VISUAL_OBSERVATIONS","Gloved hand holding a thin yellow-tipped syringe-like tool near scalp","1","SCALP_VISIBILITY","containment","1.000"
"CLINICAL_VISUAL_OBSERVATIONS","Gloved hand in contact with scalp/hairline area","1","HAIRLINE_VISIBLE","containment","1.000"
"CLINICAL_VISUAL_OBSERVATIONS","Gloved hand in contact with scalp/hairline area","1","SCALP_VISIBILITY","containment","1.000"
"CLINICAL_VISUAL_OBSERVATIONS","Gloved hand in contact with scalp/hairline area","1","HAIRLINE_SHAPE","trigram","0.600"
"CLINICAL_VISUAL_OBSERVATIONS","Gloved hand, instrument, and scalp contact visible","1","SCALP_VISIBILITY","containment","1.000"
"CLINICAL_VISUAL_OBSERVATIONS","Gloved hands and handheld device near scalp in clinical-style setting","1","SCALP_VISIBILITY","containment","1.000"
"CLINICAL_VISUAL_OBSERVATIONS","Gloved hands close to scalp with parted hair sections","1","SCALP_VISIBILITY","containment","1.000"
"CLINICAL_VISUAL_OBSERVATIONS","Gloved hands in contact with scalp, patient draped","1","SCALP_VISIBILITY","containment","1.000"
"CLINICAL_VISUAL_OBSERVATIONS","Gloved hands in contact with scalp/hair area","1","SCALP_VISIBILITY","containment","1.000"
"CLINICAL_VISUAL_OBSERVATIONS","Gloved hands near scalp/hairline of patient","1","HAIRLINE_VISIBLE","containment","1.000"
"CLINICAL_VISUAL_OBSERVATIONS","Gloved hands near scalp/hairline of patient","1","SCALP_VISIBILITY","containment","1.000"
"CLINICAL_VISUAL_OBSERVATIONS","Gloved hands near scalp/hairline of patient","1","HAIRLINE_SHAPE","trigram","0.600"
"CLINICAL_VISUAL_OBSERVATIONS","Gloved hands on scalp with visible hair part","1","SCALP_VISIBILITY","containment","1.000"
"CLINICAL_VISUAL_OBSERVATIONS","Gloved hands separating hair strands on scalp","1","SCALP_VISIBILITY","containment","1.000"
"CLINICAL_VISUAL_OBSERVATIONS","Gloved hands, comb, and syringe-like instrument with yellow liquid at scalp","1","SCALP_VISIBILITY","containment","1.000"
"CLINICAL_VISUAL_OBSERVATIONS","Gloved hands, comb, and syringe-like instrument with yellow-tinted liquid near scalp","1","SCALP_VISIBILITY","containment","1.000"
"CLINICAL_VISUAL_OBSERVATIONS","Gloved hands, gauze, small purple-topped tool near scalp","1","SCALP_VISIBILITY","containment","1.000"
"CLINICAL_VISUAL_OBSERVATIONS","Gloved hands, handheld device, and cable near scalp","1","SCALP_VISIBILITY","containment","1.000"
"CLINICAL_VISUAL_OBSERVATIONS","Gloved hands, mask, and scalp/hair inspection visible","1","SCALP_VISIBILITY","containment","1.000"
"CLINICAL_VISUAL_OBSERVATIONS","Gloved hands, mask, and small purple-tipped instrument used on scalp","1","SCALP_VISIBILITY","containment","1.000"
"CLINICAL_VISUAL_OBSERVATIONS","Gloved hands, mask, instrument near scalp","1","SCALP_VISIBILITY","containment","1.000"
"CLINICAL_VISUAL_OBSERVATIONS","Gloved hands, mask, scalp inspection tools present","1","SCALP_VISIBILITY","containment","1.000"
"CLINICAL_VISUAL_OBSERVATIONS","Gloved hands, mask, syringe-like tool, and purple-capped item near scalp","1","SCALP_VISIBILITY","containment","1.000"
"CLINICAL_VISUAL_OBSERVATIONS","Gloved hands, mask, syringe-like tool, purple-capped item on scalp","1","SCALP_VISIBILITY","containment","1.000"
"CLINICAL_VISUAL_OBSERVATIONS","Gloved hands, pointed metal tool, and hair-parting near scalp","1","SCALP_VISIBILITY","containment","1.000"
"CLINICAL_VISUAL_OBSERVATIONS","Gloved hands, scalp exposure, handheld tool","1","SCALP_VISIBILITY","containment","1.000"
"CLINICAL_VISUAL_OBSERVATIONS","Gloves, syringe, cotton at scalp","1","SCALP_VISIBILITY","containment","1.000"
"CLINICAL_VISUAL_OBSERVATIONS","Greater scalp visibility at the crown","1","SCALP_VISIBILITY","containment","1.000"
"CLINICAL_VISUAL_OBSERVATIONS","Grid and boundary marker lines drawn on scalp","1","SCALP_VISIBILITY","containment","1.000"
"CLINICAL_VISUAL_OBSERVATIONS","Grid and curved line markings on scalp with short hair regrowth","1","SCALP_VISIBILITY","containment","1.000"
"CLINICAL_VISUAL_OBSERVATIONS","Grid markings and gauze dressing on scalp","1","SCALP_VISIBILITY","containment","1.000"
"CLINICAL_VISUAL_OBSERVATIONS","Grid markings drawn on scalp; gauze on forehead","1","SCALP_VISIBILITY","containment","1.000"
"CLINICAL_VISUAL_OBSERVATIONS","Grid markings drawn on scalp; gauze on forehead","1","FOREHEAD_LINES_VISIBLE","trigram","0.600"
"CLINICAL_VISUAL_OBSERVATIONS","Grid-pattern light projection and bright spot on skin","1","CHIN_PROJECTION_VISUAL","trigram","0.688"
"CLINICAL_VISUAL_OBSERVATIONS","Hair and scalp condition documented at back of head","1","SCALP_VISIBILITY","containment","1.000"
"CLINICAL_VISUAL_OBSERVATIONS","Hair whorl and density pattern visible at crown, no visible lesions or marks","1","HAIR_DENSITY_VISUAL","trigram","0.615"
"CLINICAL_VISUAL_OBSERVATIONS","Hairline and facial skin visibly documented","1","HAIRLINE_VISIBLE","containment","1.000"
"CLINICAL_VISUAL_OBSERVATIONS","Hairline and facial skin visibly documented","1","HAIRLINE_SHAPE","trigram","0.600"
"CLINICAL_VISUAL_OBSERVATIONS","Hairline and scalp area exposed and visible","1","SCALP_VISIBILITY","containment","1.000"
"CLINICAL_VISUAL_OBSERVATIONS","Hairline and scalp area exposed and visible","1","HAIRLINE_VISIBLE","containment","1.000"
"CLINICAL_VISUAL_OBSERVATIONS","Hairline and scalp area exposed and visible","1","HAIRLINE_SHAPE","trigram","0.600"
"CLINICAL_VISUAL_OBSERVATIONS","Hairline and scalp near crown exposed by headband","1","SCALP_VISIBILITY","containment","1.000"
"CLINICAL_VISUAL_OBSERVATIONS","Hairline and scalp near crown exposed by headband","1","HAIRLINE_VISIBLE","containment","1.000"
"CLINICAL_VISUAL_OBSERVATIONS","Hairline and scalp near crown exposed by headband","1","HAIRLINE_SHAPE","trigram","0.600"
"CLINICAL_VISUAL_OBSERVATIONS","Hairline and scalp region visible without visible marks","1","SCALP_VISIBILITY","containment","1.000"
"CLINICAL_VISUAL_OBSERVATIONS","Hairline and scalp region visible without visible marks","1","HAIRLINE_VISIBLE","containment","1.000"
"CLINICAL_VISUAL_OBSERVATIONS","Hairline and scalp region visible without visible marks","1","HAIRLINE_SHAPE","trigram","0.600"
"CLINICAL_VISUAL_OBSERVATIONS","Hairline and scalp visible with no visible markings or redness","1","HAIRLINE_VISIBLE","containment","1.000"
"CLINICAL_VISUAL_OBSERVATIONS","Hairline and scalp visible with no visible markings or redness","1","SCALP_VISIBILITY","containment","1.000"
"CLINICAL_VISUAL_OBSERVATIONS","Hairline and scalp visible with no visible markings or redness","1","REDNESS_VISIBLE","containment","1.000"
"CLINICAL_VISUAL_OBSERVATIONS","Hairline and scalp visible with no visible markings or redness","1","HAIRLINE_SHAPE","trigram","0.600"
"CLINICAL_VISUAL_OBSERVATIONS","Hairline and shiny forehead skin visible","1","HAIRLINE_VISIBLE","containment","1.000"
"CLINICAL_VISUAL_OBSERVATIONS","Hairline and shiny forehead skin visible","1","HAIRLINE_SHAPE","trigram","0.600"
"CLINICAL_VISUAL_OBSERVATIONS","Hairline and shiny forehead skin visible","1","FOREHEAD_LINES_VISIBLE","trigram","0.600"
"CLINICAL_VISUAL_OBSERVATIONS","Hairline area is being closely attended","1","HAIRLINE_VISIBLE","containment","1.000"
"CLINICAL_VISUAL_OBSERVATIONS","Hairline area is being closely attended","1","HAIRLINE_SHAPE","trigram","0.600"
"CLINICAL_VISUAL_OBSERVATIONS","Hairline design markings and receding hairline","1","HAIRLINE_VISIBLE","containment","1.000"
"CLINICAL_VISUAL_OBSERVATIONS","Hairline design markings and receding hairline","1","HAIRLINE_SHAPE","trigram","0.600"
"CLINICAL_VISUAL_OBSERVATIONS","Hairline pattern with a recessed area visible above the forehead","1","HAIRLINE_VISIBLE","containment","1.000"
"CLINICAL_VISUAL_OBSERVATIONS","Hairline pattern with a recessed area visible above the forehead","1","FOREHEAD_LINES_VISIBLE","trigram","0.600"
"CLINICAL_VISUAL_OBSERVATIONS","Hairline pattern with a recessed area visible above the forehead","1","HAIRLINE_SHAPE","trigram","0.600"
"CLINICAL_VISUAL_OBSERVATIONS","Hairline planning marks and visible hair thinning pattern","1","HAIRLINE_VISIBLE","containment","1.000"
"CLINICAL_VISUAL_OBSERVATIONS","Hairline planning marks and visible hair thinning pattern","1","CROWN_THINNING_VISIBLE","trigram","0.600"
"CLINICAL_VISUAL_OBSERVATIONS","Hairline planning marks and visible hair thinning pattern","1","HAIRLINE_SHAPE","trigram","0.600"
"CLINICAL_VISUAL_OBSERVATIONS","Hairline recession and gray hair strands visible near temple","1","HAIRLINE_VISIBLE","containment","1.000"
"CLINICAL_VISUAL_OBSERVATIONS","Hairline recession and gray hair strands visible near temple","1","HAIRLINE_SHAPE","trigram","0.600"
"CLINICAL_VISUAL_OBSERVATIONS","Hairline recession and scalp visibility along the frontal hairline","1","SCALP_VISIBILITY","containment","1.000"
"CLINICAL_VISUAL_OBSERVATIONS","Hairline recession and scalp visibility along the frontal hairline","1","HAIRLINE_VISIBLE","containment","1.000"
"CLINICAL_VISUAL_OBSERVATIONS","Hairline recession and scalp visibility along the frontal hairline","1","HAIRLINE_SHAPE","trigram","0.600"
"CLINICAL_VISUAL_OBSERVATIONS","Hairline, hair part, and scalp skin visible on forehead/crown area","1","SCALP_VISIBILITY","containment","1.000"
"CLINICAL_VISUAL_OBSERVATIONS","Hairline, hair part, and scalp skin visible on forehead/crown area","1","HAIRLINE_VISIBLE","containment","1.000"
"CLINICAL_VISUAL_OBSERVATIONS","Hairline, hair part, and scalp skin visible on forehead/crown area","1","HAIRLINE_SHAPE","trigram","0.600"
"CLINICAL_VISUAL_OBSERVATIONS","Hairline, hair part, and scalp skin visible on forehead/crown area","1","FOREHEAD_LINES_VISIBLE","trigram","0.600"
"CLINICAL_VISUAL_OBSERVATIONS","Hairline/scalp area with applied substance","1","SCALP_VISIBILITY","containment","1.000"
"CLINICAL_VISUAL_OBSERVATIONS","Hairline/scalp area with applied substance","1","HAIRLINE_VISIBLE","containment","1.000"
"CLINICAL_VISUAL_OBSERVATIONS","Hairline/scalp area with applied substance","1","HAIRLINE_SHAPE","trigram","0.667"
"CLINICAL_VISUAL_OBSERVATIONS","Hand-drawn marker outlines on scalp indicating a planned hairline design","1","HAIRLINE_VISIBLE","containment","1.000"
"CLINICAL_VISUAL_OBSERVATIONS","Hand-drawn marker outlines on scalp indicating a planned hairline design","1","SCALP_VISIBILITY","containment","1.000"
"CLINICAL_VISUAL_OBSERVATIONS","Hand-drawn marker outlines on scalp indicating a planned hairline design","1","HAIRLINE_SHAPE","trigram","0.600"
"CLINICAL_VISUAL_OBSERVATIONS","Hand-drawn red and black outlines on the scalp demarcating a zone","1","SCALP_VISIBILITY","containment","1.000"
"CLINICAL_VISUAL_OBSERVATIONS","Honeycomb-patterned light projection and bright beam spot on skin","1","CHIN_PROJECTION_VISUAL","trigram","0.688"
"CLINICAL_VISUAL_OBSERVATIONS","Illuminated scalp with small marked/dotted areas visible","1","SCALP_VISIBILITY","containment","1.000"
"CLINICAL_VISUAL_OBSERVATIONS","Illuminated scalp with visible marks","1","SCALP_VISIBILITY","containment","1.000"
"CLINICAL_VISUAL_OBSERVATIONS","Ink markings outlining hairline pattern on scalp","1","SCALP_VISIBILITY","containment","1.000"
"CLINICAL_VISUAL_OBSERVATIONS","Ink markings outlining hairline pattern on scalp","1","HAIRLINE_VISIBLE","containment","1.000"
"CLINICAL_VISUAL_OBSERVATIONS","Ink markings outlining hairline pattern on scalp","1","HAIRLINE_SHAPE","trigram","0.600"
"CLINICAL_VISUAL_OBSERVATIONS","Ink markings tracing hairline pattern on scalp","1","HAIRLINE_VISIBLE","containment","1.000"
"CLINICAL_VISUAL_OBSERVATIONS","Ink markings tracing hairline pattern on scalp","1","SCALP_VISIBILITY","containment","1.000"
"CLINICAL_VISUAL_OBSERVATIONS","Ink markings tracing hairline pattern on scalp","1","HAIRLINE_SHAPE","trigram","0.600"
"CLINICAL_VISUAL_OBSERVATIONS","Ink-marked grid pattern on shaved scalp","1","SCALP_VISIBILITY","containment","1.000"
"CLINICAL_VISUAL_OBSERVATIONS","Lighter/thinner-appearing patch of scalp visible at crown","1","SCALP_VISIBILITY","containment","1.000"
"CLINICAL_VISUAL_OBSERVATIONS","Localized area of scalp thinning with visible shiny skin through hair","1","SCALP_VISIBILITY","containment","1.000"
"CLINICAL_VISUAL_OBSERVATIONS","Localized area of scalp thinning with visible shiny skin through hair","1","MIDSCALP_THINNING_VISIBLE","trigram","0.722"
"CLINICAL_VISUAL_OBSERVATIONS","Localized area of scalp thinning with visible shiny skin through hair","1","CROWN_THINNING_VISIBLE","trigram","0.600"
"CLINICAL_VISUAL_OBSERVATIONS","Localized area of thinner hair/visible scalp at crown","1","SCALP_VISIBILITY","containment","1.000"
"CLINICAL_VISUAL_OBSERVATIONS","Localized cheek contact with mild visible redness","1","REDNESS_VISIBLE","containment","1.000"
"CLINICAL_VISUAL_OBSERVATIONS","Localized erythema and moist skin texture","1","SKIN_TEXTURE_VISUAL","containment","1.000"
"CLINICAL_VISUAL_OBSERVATIONS","Localized erythema/redness on cheek","1","REDNESS_VISIBLE","containment","1.000"
"CLINICAL_VISUAL_OBSERVATIONS","Localized red illumination on closely cropped scalp","1","SCALP_VISIBILITY","containment","1.000"
"CLINICAL_VISUAL_OBSERVATIONS","Localized red scalp illumination","1","SCALP_VISIBILITY","containment","1.000"
"CLINICAL_VISUAL_OBSERVATIONS","Localized redness and a mole on skin","1","REDNESS_VISIBLE","containment","1.000"
"CLINICAL_VISUAL_OBSERVATIONS","Localized redness and skin marking visible on chin/jaw area","1","REDNESS_VISIBLE","containment","1.000"
"CLINICAL_VISUAL_OBSERVATIONS","Localized redness and skin texture at contact site","1","REDNESS_VISIBLE","containment","1.000"
"CLINICAL_VISUAL_OBSERVATIONS","Localized redness and skin texture at contact site","1","SKIN_TEXTURE_VISUAL","containment","1.000"
"CLINICAL_VISUAL_OBSERVATIONS","Localized redness and skin texture near nasolabial fold","1","SKIN_TEXTURE_VISUAL","containment","1.000"
"CLINICAL_VISUAL_OBSERVATIONS","Localized redness and skin texture near nasolabial fold","1","REDNESS_VISIBLE","containment","1.000"
"CLINICAL_VISUAL_OBSERVATIONS","Localized redness and skin texture near nasolabial fold","1","NASOLABIAL_FOLD_VISIBILITY","containment","1.000"
"CLINICAL_VISUAL_OBSERVATIONS","Localized redness and visible fine blood vessels on cheek","1","REDNESS_VISIBLE","containment","1.000"
"CLINICAL_VISUAL_OBSERVATIONS","Localized redness and visible fine vessels on cheek skin","1","REDNESS_VISIBLE","containment","1.000"
"CLINICAL_VISUAL_OBSERVATIONS","Localized redness at contact site; small mole nearby","1","REDNESS_VISIBLE","containment","1.000"
"CLINICAL_VISUAL_OBSERVATIONS","Localized redness on cheek and around mouth","1","REDNESS_VISIBLE","containment","1.000"
"CLINICAL_VISUAL_OBSERVATIONS","Localized redness on skin at and around the contact point","1","REDNESS_VISIBLE","containment","1.000"
"CLINICAL_VISUAL_OBSERVATIONS","Localized redness on skin near instrument contact point","1","REDNESS_VISIBLE","containment","1.000"
"CLINICAL_VISUAL_OBSERVATIONS","Localized redness on skin near nose and cheek","1","REDNESS_VISIBLE","containment","1.000"
"CLINICAL_VISUAL_OBSERVATIONS","Localized skin redness and a small mole near instrument tip","1","REDNESS_VISIBLE","containment","1.000"
"CLINICAL_VISUAL_OBSERVATIONS","Localized skin redness and fine white residue at contact site","1","REDNESS_VISIBLE","containment","1.000"
"CLINICAL_VISUAL_OBSERVATIONS","Localized skin redness and sheen on cheek","1","REDNESS_VISIBLE","containment","1.000"
"CLINICAL_VISUAL_OBSERVATIONS","Localized skin redness and shine on cheek","1","REDNESS_VISIBLE","containment","1.000"
"CLINICAL_VISUAL_OBSERVATIONS","Localized skin redness and textured pores visible","1","REDNESS_VISIBLE","containment","1.000"
"CLINICAL_VISUAL_OBSERVATIONS","Localized skin redness and textured pores visible","1","PORES_VISIBLE","trigram","0.800"
"CLINICAL_VISUAL_OBSERVATIONS","Localized skin redness and visible fine vessels","1","REDNESS_VISIBLE","containment","1.000"
"CLINICAL_VISUAL_OBSERVATIONS","Localized skin redness around tattoo","1","REDNESS_VISIBLE","containment","1.000"
"CLINICAL_VISUAL_OBSERVATIONS","Localized skin redness at the contact site","1","REDNESS_VISIBLE","containment","1.000"
"CLINICAL_VISUAL_OBSERVATIONS","Localized skin redness at the point of instrument contact","1","REDNESS_VISIBLE","containment","1.000"
"CLINICAL_VISUAL_OBSERVATIONS","Localized skin redness near contact point","1","REDNESS_VISIBLE","containment","1.000"
"CLINICAL_VISUAL_OBSERVATIONS","Localized skin redness near device contact point","1","REDNESS_VISIBLE","containment","1.000"
"CLINICAL_VISUAL_OBSERVATIONS","Localized skin redness near device tip","1","REDNESS_VISIBLE","containment","1.000"
"CLINICAL_VISUAL_OBSERVATIONS","Localized skin redness near instrument contact point","1","REDNESS_VISIBLE","containment","1.000"
"CLINICAL_VISUAL_OBSERVATIONS","Localized skin redness near nostril and chin","1","REDNESS_VISIBLE","containment","1.000"
"CLINICAL_VISUAL_OBSERVATIONS","Localized skin redness near the nose and chin area","1","REDNESS_VISIBLE","containment","1.000"
"CLINICAL_VISUAL_OBSERVATIONS","Localized skin redness on chin/cheek","1","REDNESS_VISIBLE","containment","1.000"
"CLINICAL_VISUAL_OBSERVATIONS","Localized skin redness on forehead/temple area","1","REDNESS_VISIBLE","containment","1.000"
"CLINICAL_VISUAL_OBSERVATIONS","Localized skin redness on forehead/temple area","1","FOREHEAD_LINES_VISIBLE","trigram","0.600"
"CLINICAL_VISUAL_OBSERVATIONS","Localized skin redness/erythema around and below tattoo","1","REDNESS_VISIBLE","containment","1.000"
"CLINICAL_VISUAL_OBSERVATIONS","Localized skin redness/erythema at device contact site","1","REDNESS_VISIBLE","containment","1.000"
"CLINICAL_VISUAL_OBSERVATIONS","Localized skin redness/erythema near instrument tip","1","REDNESS_VISIBLE","containment","1.000"
"CLINICAL_VISUAL_OBSERVATIONS","Localized skin redness/irritation near device tip","1","REDNESS_VISIBLE","containment","1.000"
"CLINICAL_VISUAL_OBSERVATIONS","Marked crown area with visibly reduced hair density","1","HAIR_DENSITY_VISUAL","containment","1.000"
"CLINICAL_VISUAL_OBSERVATIONS","Marked diffuse hair thinning over crown and top","1","DIFFUSE_THINNING_VISIBLE","trigram","0.773"
"CLINICAL_VISUAL_OBSERVATIONS","Marked diffuse hair thinning over crown and top","1","CROWN_THINNING_VISIBLE","trigram","0.750"
"CLINICAL_VISUAL_OBSERVATIONS","Marked low hair density over crown","1","HAIR_DENSITY_VISUAL","containment","1.000"
"CLINICAL_VISUAL_OBSERVATIONS","Marked scalp with redness and reddish-brown discoloration","1","SCALP_VISIBILITY","containment","1.000"
"CLINICAL_VISUAL_OBSERVATIONS","Marked scalp with redness and reddish-brown discoloration","1","REDNESS_VISIBLE","containment","1.000"
"CLINICAL_VISUAL_OBSERVATIONS","Marker grid lines and a curved line drawn on scalp","1","SCALP_VISIBILITY","containment","1.000"
"CLINICAL_VISUAL_OBSERVATIONS","Marker line and red marks on scalp, gauze band on forehead","1","SCALP_VISIBILITY","containment","1.000"
"CLINICAL_VISUAL_OBSERVATIONS","Marker line and red marks on scalp, gauze band on forehead","1","FOREHEAD_LINES_VISIBLE","trigram","0.600"
"CLINICAL_VISUAL_OBSERVATIONS","Marker lines and reddish marks on scalp","1","SCALP_VISIBILITY","containment","1.000"
"CLINICAL_VISUAL_OBSERVATIONS","Marker lines on patient's face/scalp","1","SCALP_VISIBILITY","containment","1.000"
"CLINICAL_VISUAL_OBSERVATIONS","Marker outlines, red mark, and gauze dressing on scalp/forehead","1","SCALP_VISIBILITY","containment","1.000"
"CLINICAL_VISUAL_OBSERVATIONS","Marker outlines, red mark, and gauze dressing on scalp/forehead","1","FOREHEAD_LINES_VISIBLE","trigram","0.600"
"CLINICAL_VISUAL_OBSERVATIONS","Marking pen near hairline, gloved contact with skin","1","HAIRLINE_VISIBLE","containment","1.000"
"CLINICAL_VISUAL_OBSERVATIONS","Marking pen near hairline, gloved contact with skin","1","HAIRLINE_SHAPE","trigram","0.600"
"CLINICAL_VISUAL_OBSERVATIONS","Marking tool near hairline, clinical cap and drape","1","HAIRLINE_VISIBLE","containment","1.000"
"CLINICAL_VISUAL_OBSERVATIONS","Marking tool near hairline, clinical cap and drape","1","HAIRLINE_SHAPE","trigram","0.600"
"CLINICAL_VISUAL_OBSERVATIONS","Marks visible on patient's face/forehead area","1","FOREHEAD_LINES_VISIBLE","trigram","0.600"
"CLINICAL_VISUAL_OBSERVATIONS","Metal eye shield and handheld device applied to skin, mild facial redness present","1","REDNESS_VISIBLE","containment","1.000"
"CLINICAL_VISUAL_OBSERVATIONS","Metal eye shield and skin texture visible","1","SKIN_TEXTURE_VISUAL","containment","1.000"
"CLINICAL_VISUAL_OBSERVATIONS","Mild cheek redness and visible skin texture","1","SKIN_TEXTURE_VISUAL","containment","1.000"
"CLINICAL_VISUAL_OBSERVATIONS","Mild cheek redness and visible skin texture","1","REDNESS_VISIBLE","containment","1.000"
"CLINICAL_VISUAL_OBSERVATIONS","Mild erythema and visible pores near nasolabial fold","1","NASOLABIAL_FOLD_VISIBILITY","containment","1.000"
"CLINICAL_VISUAL_OBSERVATIONS","Mild erythema and visible pores near nasolabial fold","1","PORES_VISIBLE","trigram","0.800"
"CLINICAL_VISUAL_OBSERVATIONS","Mild facial redness and skin blemishes visible","1","REDNESS_VISIBLE","containment","1.000"
"CLINICAL_VISUAL_OBSERVATIONS","Mild facial skin texture visible","1","SKIN_TEXTURE_VISUAL","containment","1.000"
"CLINICAL_VISUAL_OBSERVATIONS","Mild facial skin texture with some visible blemishes on cheek","1","SKIN_TEXTURE_VISUAL","containment","1.000"
"CLINICAL_VISUAL_OBSERVATIONS","Mild linear redness on the jaw/cheek skin","1","REDNESS_VISIBLE","containment","1.000"
"CLINICAL_VISUAL_OBSERVATIONS","Mild localized redness on the cheek/nasolabial skin","1","REDNESS_VISIBLE","containment","1.000"
"CLINICAL_VISUAL_OBSERVATIONS","Mild localized redness on the cheek/nasolabial skin","1","NASOLABIAL_FOLD_VISIBILITY","trigram","0.688"
"CLINICAL_VISUAL_OBSERVATIONS","Mild localized skin redness near contact point","1","REDNESS_VISIBLE","containment","1.000"
"CLINICAL_VISUAL_OBSERVATIONS","Mild redness and skin texture visible on chin/jaw area","1","REDNESS_VISIBLE","containment","1.000"
"CLINICAL_VISUAL_OBSERVATIONS","Mild redness and skin texture visible on chin/jaw area","1","SKIN_TEXTURE_VISUAL","containment","1.000"
"CLINICAL_VISUAL_OBSERVATIONS","Mild redness and textured patch on jaw skin","1","REDNESS_VISIBLE","containment","1.000"
"CLINICAL_VISUAL_OBSERVATIONS","Mild redness on cheek/nose area","1","REDNESS_VISIBLE","containment","1.000"
"CLINICAL_VISUAL_OBSERVATIONS","Mild redness, small blemishes, and shiny residue on cheek","1","REDNESS_VISIBLE","containment","1.000"
"CLINICAL_VISUAL_OBSERVATIONS","Mild redness, visible texture, and small blemishes","1","REDNESS_VISIBLE","containment","1.000"
"CLINICAL_VISUAL_OBSERVATIONS","Mild redness, visible texture, and small blemishes","1","SKIN_TEXTURE_VISUAL","trigram","0.615"
"CLINICAL_VISUAL_OBSERVATIONS","Mild redness/erythema visible on chin skin","1","REDNESS_VISIBLE","containment","1.000"
"CLINICAL_VISUAL_OBSERVATIONS","Mild redness/marking visible on chin skin","1","REDNESS_VISIBLE","containment","1.000"
"CLINICAL_VISUAL_OBSERVATIONS","Mild redness/pink marking visible on chin skin","1","REDNESS_VISIBLE","containment","1.000"
"CLINICAL_VISUAL_OBSERVATIONS","Mild skin redness and a mole near contact point","1","REDNESS_VISIBLE","containment","1.000"
"CLINICAL_VISUAL_OBSERVATIONS","Mild skin redness and fine surface vascular markings on chin","1","REDNESS_VISIBLE","containment","1.000"
"CLINICAL_VISUAL_OBSERVATIONS","Mild skin redness and glossy/wet appearance on cheek","1","REDNESS_VISIBLE","containment","1.000"
"CLINICAL_VISUAL_OBSERVATIONS","Mild skin redness and moisture on chin","1","REDNESS_VISIBLE","containment","1.000"
"CLINICAL_VISUAL_OBSERVATIONS","Mild skin redness and pigmented spots","1","REDNESS_VISIBLE","containment","1.000"
"CLINICAL_VISUAL_OBSERVATIONS","Mild skin redness and shine on cheek","1","REDNESS_VISIBLE","containment","1.000"
"CLINICAL_VISUAL_OBSERVATIONS","Mild skin redness and shine on cheek area","1","REDNESS_VISIBLE","containment","1.000"
"CLINICAL_VISUAL_OBSERVATIONS","Mild skin redness and small irritated spots near contact point","1","REDNESS_VISIBLE","containment","1.000"
"CLINICAL_VISUAL_OBSERVATIONS","Mild skin redness and small marks visible on the treated area","1","REDNESS_VISIBLE","containment","1.000"
"CLINICAL_VISUAL_OBSERVATIONS","Mild skin redness and surface sheen on cheek","1","REDNESS_VISIBLE","containment","1.000"
"CLINICAL_VISUAL_OBSERVATIONS","Mild skin redness near jaw","1","REDNESS_VISIBLE","containment","1.000"
"CLINICAL_VISUAL_OBSERVATIONS","Mild skin redness near jaw and instrument contact point","1","REDNESS_VISIBLE","containment","1.000"
"CLINICAL_VISUAL_OBSERVATIONS","Mild skin redness near nose and chin texture","1","REDNESS_VISIBLE","containment","1.000"
"CLINICAL_VISUAL_OBSERVATIONS","Mild skin redness near nose and chin texture","1","SKIN_TEXTURE_VISUAL","trigram","0.692"
"CLINICAL_VISUAL_OBSERVATIONS","Mild skin redness on cheek and chin","1","REDNESS_VISIBLE","containment","1.000"
"CLINICAL_VISUAL_OBSERVATIONS","Mild skin redness on cheek and glossy/moist skin surface","1","REDNESS_VISIBLE","containment","1.000"
"CLINICAL_VISUAL_OBSERVATIONS","Mild skin redness on cheek and small mark near nose","1","REDNESS_VISIBLE","containment","1.000"
"CLINICAL_VISUAL_OBSERVATIONS","Mild skin redness visible near the instrument contact point","1","REDNESS_VISIBLE","containment","1.000"
"CLINICAL_VISUAL_OBSERVATIONS","Mild skin redness visible on cheek and chin area","1","REDNESS_VISIBLE","containment","1.000"
"CLINICAL_VISUAL_OBSERVATIONS","Mild skin redness/discoloration near device contact point","1","REDNESS_VISIBLE","containment","1.000"
"CLINICAL_VISUAL_OBSERVATIONS","Mild skin redness/erythema and visible fine vessels near jaw","1","REDNESS_VISIBLE","containment","1.000"
"CLINICAL_VISUAL_OBSERVATIONS","Mild skin redness/erythema visible on cheek and jaw area","1","REDNESS_VISIBLE","containment","1.000"
"CLINICAL_VISUAL_OBSERVATIONS","Minor facial marks and skin texture visible","1","SKIN_TEXTURE_VISUAL","containment","1.000"
"CLINICAL_VISUAL_OBSERVATIONS","Minor skin blemishes and redness visible on forehead and cheek","1","REDNESS_VISIBLE","containment","1.000"
"CLINICAL_VISUAL_OBSERVATIONS","Minor skin blemishes and redness visible on forehead and cheek","1","FOREHEAD_LINES_VISIBLE","trigram","0.600"
"CLINICAL_VISUAL_OBSERVATIONS","Minor skin marks on forehead","1","FOREHEAD_LINES_VISIBLE","trigram","0.600"
"CLINICAL_VISUAL_OBSERVATIONS","Moist, glossy skin texture on cheek with visible fine hairs","1","SKIN_TEXTURE_VISUAL","containment","1.000"
"CLINICAL_VISUAL_OBSERVATIONS","Moist, glossy skin texture on cheek with visible fine hairs","1","HAIRLINE_VISIBLE","trigram","0.667"
"CLINICAL_VISUAL_OBSERVATIONS","Moist, reddened skin with fine surface texture visible","1","SKIN_TEXTURE_VISUAL","trigram","0.615"
"CLINICAL_VISUAL_OBSERVATIONS","Moist/gel-covered skin, mild redness near nose, protective eye shields in place","1","REDNESS_VISIBLE","containment","1.000"
"CLINICAL_VISUAL_OBSERVATIONS","Multiple small red and dark spots scattered across forehead and cheeks","1","FOREHEAD_LINES_VISIBLE","trigram","0.600"
"CLINICAL_VISUAL_OBSERVATIONS","Multiple small red pinpoint marks on forehead and cheeks","1","FOREHEAD_LINES_VISIBLE","trigram","0.600"
"CLINICAL_VISUAL_OBSERVATIONS","Multiple small red pinpoint marks scattered on forehead and cheeks","1","FOREHEAD_LINES_VISIBLE","trigram","0.600"
"CLINICAL_VISUAL_OBSERVATIONS","Multiple small red spots and irritation on forehead and cheeks","1","FOREHEAD_LINES_VISIBLE","trigram","0.600"
"CLINICAL_VISUAL_OBSERVATIONS","Multiple small red spots and skin irritation across forehead and cheeks","1","FOREHEAD_LINES_VISIBLE","trigram","0.600"
"CLINICAL_VISUAL_OBSERVATIONS","No visible bleeding, redness, or marking on treated area","1","REDNESS_VISIBLE","containment","1.000"
"CLINICAL_VISUAL_OBSERVATIONS","No visible bleeding, redness, or markings on skin","1","REDNESS_VISIBLE","containment","1.000"
"CLINICAL_VISUAL_OBSERVATIONS","No visible redness, bruising, or marking on skin","1","REDNESS_VISIBLE","containment","1.000"
"CLINICAL_VISUAL_OBSERVATIONS","Numerous pinpoint scalp marks and redness","1","REDNESS_VISIBLE","containment","1.000"
"CLINICAL_VISUAL_OBSERVATIONS","Numerous pinpoint scalp marks and redness","1","SCALP_VISIBILITY","containment","1.000"
"CLINICAL_VISUAL_OBSERVATIONS","Numerous red punctate scalp marks","1","SCALP_VISIBILITY","containment","1.000"
"CLINICAL_VISUAL_OBSERVATIONS","Numerous small red dotted marks and blood on scalp","1","SCALP_VISIBILITY","containment","1.000"
"CLINICAL_VISUAL_OBSERVATIONS","Numerous small red puncta across scalp surface, some bleeding","1","SCALP_VISIBILITY","containment","1.000"
"CLINICAL_VISUAL_OBSERVATIONS","Numerous small red puncture marks and fluid droplets on scalp","1","SCALP_VISIBILITY","containment","1.000"
"CLINICAL_VISUAL_OBSERVATIONS","Numerous small red puncture-like marks on scalp","1","SCALP_VISIBILITY","containment","1.000"
"CLINICAL_VISUAL_OBSERVATIONS","Numerous small red puncture/dot marks across scalp with pink gauze band","1","SCALP_VISIBILITY","containment","1.000"
"CLINICAL_VISUAL_OBSERVATIONS","Numerous small red spots/marks scattered across forehead, cheeks, and chin","1","FOREHEAD_LINES_VISIBLE","trigram","0.600"
"CLINICAL_VISUAL_OBSERVATIONS","Patient's skin appears clear with minor visible texture","1","SKIN_TEXTURE_VISUAL","trigram","0.615"
"CLINICAL_VISUAL_OBSERVATIONS","Patient's skin appears smooth with visible pores, no redness or bruising evident","1","REDNESS_VISIBLE","containment","1.000"
"CLINICAL_VISUAL_OBSERVATIONS","Patient's skin appears smooth with visible pores, no redness or bruising evident","1","PORES_VISIBLE","trigram","0.800"
"CLINICAL_VISUAL_OBSERVATIONS","Patient's skin appears with visible texture/wrinkles near eyes and cheeks","1","SKIN_TEXTURE_VISUAL","trigram","0.615"
"CLINICAL_VISUAL_OBSERVATIONS","Patient's skin shows visible texture and aging signs; metal eye shield used for protection","1","SKIN_TEXTURE_VISUAL","trigram","0.615"
"CLINICAL_VISUAL_OBSERVATIONS","Patient's visible skin appears smooth with no obvious redness or lesions","1","REDNESS_VISIBLE","containment","1.000"
"CLINICAL_VISUAL_OBSERVATIONS","Pattern hair loss with thinning at hairline and crown","1","HAIRLINE_VISIBLE","containment","1.000"
"CLINICAL_VISUAL_OBSERVATIONS","Pattern hair loss with thinning at hairline and crown","1","CROWN_THINNING_VISIBLE","trigram","0.600"
"CLINICAL_VISUAL_OBSERVATIONS","Pattern hair loss with thinning at hairline and crown","1","HAIRLINE_SHAPE","trigram","0.600"
"CLINICAL_VISUAL_OBSERVATIONS","Pattern hair thinning visible at crown/vertex","1","CROWN_THINNING_VISIBLE","trigram","0.600"
"CLINICAL_VISUAL_OBSERVATIONS","Pen-drawn outlines on scalp resembling planning markings","1","SCALP_VISIBILITY","containment","1.000"
"CLINICAL_VISUAL_OBSERVATIONS","Pencil markings near hairline, small skin marks visible on forehead","1","HAIRLINE_VISIBLE","containment","1.000"
"CLINICAL_VISUAL_OBSERVATIONS","Pencil markings near hairline, small skin marks visible on forehead","1","HAIRLINE_SHAPE","trigram","0.667"
"CLINICAL_VISUAL_OBSERVATIONS","Pencil markings near hairline, small skin marks visible on forehead","1","FOREHEAD_LINES_VISIBLE","trigram","0.600"
"CLINICAL_VISUAL_OBSERVATIONS","Pigmentation visible on face","1","PIGMENTATION_VISIBLE","containment","1.000"
"CLINICAL_VISUAL_OBSERVATIONS","Pink hairline marking and blue grid pattern drawn on scalp","1","HAIRLINE_VISIBLE","containment","1.000"
"CLINICAL_VISUAL_OBSERVATIONS","Pink hairline marking and blue grid pattern drawn on scalp","1","SCALP_VISIBILITY","containment","1.000"
"CLINICAL_VISUAL_OBSERVATIONS","Pink hairline marking and blue grid pattern drawn on scalp","1","HAIRLINE_SHAPE","trigram","0.600"
"CLINICAL_VISUAL_OBSERVATIONS","Pink textured skin with blemishes","1","SKIN_TEXTURE_VISUAL","trigram","0.800"
"CLINICAL_VISUAL_OBSERVATIONS","Pink/red mottled discoloration on forehead","1","FOREHEAD_LINES_VISIBLE","trigram","0.600"
"CLINICAL_VISUAL_OBSERVATIONS","Pink/red pen outline marking a thinning area on the crown","1","CROWN_THINNING_VISIBLE","trigram","0.600"
"CLINICAL_VISUAL_OBSERVATIONS","Pinkish mark along frontal scalp/hairline","1","HAIRLINE_VISIBLE","containment","1.000"
"CLINICAL_VISUAL_OBSERVATIONS","Pinkish mark along frontal scalp/hairline","1","SCALP_VISIBILITY","containment","1.000"
"CLINICAL_VISUAL_OBSERVATIONS","Pinkish mark along frontal scalp/hairline","1","HAIRLINE_SHAPE","trigram","0.600"
"CLINICAL_VISUAL_OBSERVATIONS","Pinpoint redness and crusting on shaved scalp","1","CRUSTING_VISIBLE","containment","1.000"
"CLINICAL_VISUAL_OBSERVATIONS","Pinpoint redness and crusting on shaved scalp","1","REDNESS_VISIBLE","containment","1.000"
"CLINICAL_VISUAL_OBSERVATIONS","Pinpoint redness and crusting on shaved scalp","1","SCALP_VISIBILITY","containment","1.000"
"CLINICAL_VISUAL_OBSERVATIONS","Pinpoint redness and marks across frontal scalp band","1","REDNESS_VISIBLE","containment","1.000"
"CLINICAL_VISUAL_OBSERVATIONS","Pinpoint redness and marks across frontal scalp band","1","SCALP_VISIBILITY","containment","1.000"
"CLINICAL_VISUAL_OBSERVATIONS","Protective equipment and skin texture visible on patient","1","SKIN_TEXTURE_VISUAL","containment","1.000"
"CLINICAL_VISUAL_OBSERVATIONS","Punctate dots and mild redness on scalp skin","1","SCALP_VISIBILITY","containment","1.000"
"CLINICAL_VISUAL_OBSERVATIONS","Punctate dots and mild redness on scalp skin","1","REDNESS_VISIBLE","containment","1.000"
"CLINICAL_VISUAL_OBSERVATIONS","Punctate marks and redness on scalp","1","SCALP_VISIBILITY","containment","1.000"
"CLINICAL_VISUAL_OBSERVATIONS","Punctate marks and redness on scalp","1","REDNESS_VISIBLE","containment","1.000"
"CLINICAL_VISUAL_OBSERVATIONS","Punctate marks and redness on scalp skin","1","SCALP_VISIBILITY","containment","1.000"
"CLINICAL_VISUAL_OBSERVATIONS","Punctate marks and redness on scalp skin","1","REDNESS_VISIBLE","containment","1.000"
"CLINICAL_VISUAL_OBSERVATIONS","Punctate marks and spotting on scalp with gauze wrap","1","SCALP_VISIBILITY","containment","1.000"
"CLINICAL_VISUAL_OBSERVATIONS","Punctate marks, redness, and crusting on scalp","1","CRUSTING_VISIBLE","containment","1.000"
"CLINICAL_VISUAL_OBSERVATIONS","Punctate marks, redness, and crusting on scalp","1","REDNESS_VISIBLE","containment","1.000"
"CLINICAL_VISUAL_OBSERVATIONS","Punctate marks, redness, and crusting on scalp","1","SCALP_VISIBILITY","containment","1.000"
"CLINICAL_VISUAL_OBSERVATIONS","Punctate redness and crust-like material","1","REDNESS_VISIBLE","containment","1.000"
"CLINICAL_VISUAL_OBSERVATIONS","Punctate redness and crust-like scalp spots","1","SCALP_VISIBILITY","containment","1.000"
"CLINICAL_VISUAL_OBSERVATIONS","Punctate redness and crust-like scalp spots","1","REDNESS_VISIBLE","containment","1.000"
"CLINICAL_VISUAL_OBSERVATIONS","Punctate redness and crusting-like material on shaved scalp","1","CRUSTING_VISIBLE","containment","1.000"
"CLINICAL_VISUAL_OBSERVATIONS","Punctate redness and crusting-like material on shaved scalp","1","SCALP_VISIBILITY","containment","1.000"
"CLINICAL_VISUAL_OBSERVATIONS","Punctate redness and crusting-like material on shaved scalp","1","REDNESS_VISIBLE","containment","1.000"
"CLINICAL_VISUAL_OBSERVATIONS","Punctate scalp marks with localized redness","1","SCALP_VISIBILITY","containment","1.000"
"CLINICAL_VISUAL_OBSERVATIONS","Punctate scalp marks with localized redness","1","REDNESS_VISIBLE","containment","1.000"
"CLINICAL_VISUAL_OBSERVATIONS","Purple dye markings and red puncture-like marks on scalp","1","SCALP_VISIBILITY","containment","1.000"
"CLINICAL_VISUAL_OBSERVATIONS","Purple horizontal and vertical marker lines plus a pink line drawn on scalp","1","SCALP_VISIBILITY","containment","1.000"
"CLINICAL_VISUAL_OBSERVATIONS","Purple-marked scalp with small red puncture-like dots","1","SCALP_VISIBILITY","containment","1.000"
"CLINICAL_VISUAL_OBSERVATIONS","Raised reddish nodular lesion on nasal ala, oily/textured skin","1","SKIN_TEXTURE_VISUAL","trigram","0.800"
"CLINICAL_VISUAL_OBSERVATIONS","Receding frontal hairline with visible scalp at temples","1","HAIRLINE_VISIBLE","containment","1.000"
"CLINICAL_VISUAL_OBSERVATIONS","Receding frontal hairline with visible scalp at temples","1","SCALP_VISIBILITY","containment","1.000"
"CLINICAL_VISUAL_OBSERVATIONS","Receding frontal hairline with visible scalp at temples","1","HAIRLINE_SHAPE","trigram","0.600"
"CLINICAL_VISUAL_OBSERVATIONS","Receding hairline and graying hair visible","1","HAIRLINE_VISIBLE","containment","1.000"
"CLINICAL_VISUAL_OBSERVATIONS","Receding hairline and graying hair visible","1","HAIRLINE_SHAPE","trigram","0.600"
"CLINICAL_VISUAL_OBSERVATIONS","Receding hairline and visible scalp at temples","1","HAIRLINE_VISIBLE","containment","1.000"
"CLINICAL_VISUAL_OBSERVATIONS","Receding hairline and visible scalp at temples","1","SCALP_VISIBILITY","containment","1.000"
"CLINICAL_VISUAL_OBSERVATIONS","Receding hairline and visible scalp at temples","1","HAIRLINE_SHAPE","trigram","0.600"
"CLINICAL_VISUAL_OBSERVATIONS","Receding hairline, thinning hair, and small red mark near hairline","1","HAIRLINE_VISIBLE","containment","1.000"
"CLINICAL_VISUAL_OBSERVATIONS","Receding hairline, thinning hair, and small red mark near hairline","1","CROWN_THINNING_VISIBLE","trigram","0.600"
"CLINICAL_VISUAL_OBSERVATIONS","Receding hairline, thinning hair, and small red mark near hairline","1","HAIRLINE_SHAPE","trigram","0.600"
"CLINICAL_VISUAL_OBSERVATIONS","Receding/thinning hairline with shiny, moist-looking forehead skin","1","HAIRLINE_VISIBLE","containment","1.000"
"CLINICAL_VISUAL_OBSERVATIONS","Receding/thinning hairline with shiny, moist-looking forehead skin","1","HAIRLINE_SHAPE","trigram","0.600"
"CLINICAL_VISUAL_OBSERVATIONS","Receding/thinning hairline with shiny, moist-looking forehead skin","1","CROWN_THINNING_VISIBLE","trigram","0.600"
"CLINICAL_VISUAL_OBSERVATIONS","Receding/thinning hairline with shiny, moist-looking forehead skin","1","FOREHEAD_LINES_VISIBLE","trigram","0.600"
"CLINICAL_VISUAL_OBSERVATIONS","Red and black hairline markings drawn on scalp","1","SCALP_VISIBILITY","containment","1.000"
"CLINICAL_VISUAL_OBSERVATIONS","Red and black hairline markings drawn on scalp","1","HAIRLINE_VISIBLE","containment","1.000"
"CLINICAL_VISUAL_OBSERVATIONS","Red and black hairline markings drawn on scalp","1","HAIRLINE_SHAPE","trigram","0.600"
"CLINICAL_VISUAL_OBSERVATIONS","Red and black ink lines marking scalp/hairline pattern","1","SCALP_VISIBILITY","containment","1.000"
"CLINICAL_VISUAL_OBSERVATIONS","Red and black ink lines marking scalp/hairline pattern","1","HAIRLINE_VISIBLE","containment","1.000"
"CLINICAL_VISUAL_OBSERVATIONS","Red and black ink lines marking scalp/hairline pattern","1","HAIRLINE_SHAPE","trigram","0.600"
"CLINICAL_VISUAL_OBSERVATIONS","Red and black marker lines drawn on scalp outlining a zone","1","SCALP_VISIBILITY","containment","1.000"
"CLINICAL_VISUAL_OBSERVATIONS","Red and black scalp markings outlining a bald region","1","SCALP_VISIBILITY","containment","1.000"
"CLINICAL_VISUAL_OBSERVATIONS","Red and dark ink outlines drawn on the scalp","1","SCALP_VISIBILITY","containment","1.000"
"CLINICAL_VISUAL_OBSERVATIONS","Red glow on scalp during device contact","1","SCALP_VISIBILITY","containment","1.000"
"CLINICAL_VISUAL_OBSERVATIONS","Red ink circular marking and dark line drawn on scalp, thinning hair pattern","1","SCALP_VISIBILITY","containment","1.000"
"CLINICAL_VISUAL_OBSERVATIONS","Red ink circular marking and dark line drawn on scalp, thinning hair pattern","1","MIDSCALP_THINNING_VISIBLE","trigram","0.722"
"CLINICAL_VISUAL_OBSERVATIONS","Red ink circular marking and dark line drawn on scalp, thinning hair pattern","1","CROWN_THINNING_VISIBLE","trigram","0.600"
"CLINICAL_VISUAL_OBSERVATIONS","Red laser beam and skin redness near tattoo site","1","REDNESS_VISIBLE","containment","1.000"
"CLINICAL_VISUAL_OBSERVATIONS","Red laser/light mark on scalp near hairline","1","HAIRLINE_VISIBLE","containment","1.000"
"CLINICAL_VISUAL_OBSERVATIONS","Red laser/light mark on scalp near hairline","1","SCALP_VISIBILITY","containment","1.000"
"CLINICAL_VISUAL_OBSERVATIONS","Red laser/light mark on scalp near hairline","1","HAIRLINE_SHAPE","trigram","0.600"
"CLINICAL_VISUAL_OBSERVATIONS","Red LED light emitting onto scalp/face area","1","SCALP_VISIBILITY","containment","1.000"
"CLINICAL_VISUAL_OBSERVATIONS","Red LED light pattern visible on scalp/hair","1","SCALP_VISIBILITY","containment","1.000"
"CLINICAL_VISUAL_OBSERVATIONS","Red light applied to scalp, buzzed hair","1","SCALP_VISIBILITY","containment","1.000"
"CLINICAL_VISUAL_OBSERVATIONS","Red light emission at scalp contact point","1","SCALP_VISIBILITY","containment","1.000"
"CLINICAL_VISUAL_OBSERVATIONS","Red light emission visible on scalp/hairline","1","HAIRLINE_VISIBLE","containment","1.000"
"CLINICAL_VISUAL_OBSERVATIONS","Red light emission visible on scalp/hairline","1","SCALP_VISIBILITY","containment","1.000"
"CLINICAL_VISUAL_OBSERVATIONS","Red light emission visible on scalp/hairline","1","HAIRLINE_SHAPE","trigram","0.600"
"CLINICAL_VISUAL_OBSERVATIONS","Red light emitted from device tip near scalp","1","SCALP_VISIBILITY","containment","1.000"
"CLINICAL_VISUAL_OBSERVATIONS","Red light from device on scalp; glove and mask worn","1","SCALP_VISIBILITY","containment","1.000"
"CLINICAL_VISUAL_OBSERVATIONS","Red light spot on forehead skin; normal skin tone otherwise","1","FOREHEAD_LINES_VISIBLE","trigram","0.600"
"CLINICAL_VISUAL_OBSERVATIONS","Red light spot on scalp","1","SCALP_VISIBILITY","containment","1.000"
"CLINICAL_VISUAL_OBSERVATIONS","Red light spot visible on scalp, thin needle-like probe near hair part","1","SCALP_VISIBILITY","containment","1.000"
"CLINICAL_VISUAL_OBSERVATIONS","Red light visible on scalp area, shiny/moist skin surface","1","SCALP_VISIBILITY","containment","1.000"
"CLINICAL_VISUAL_OBSERVATIONS","Red marker lines drawn on scalp outlining a curved pattern","1","SCALP_VISIBILITY","containment","1.000"
"CLINICAL_VISUAL_OBSERVATIONS","Red marker outline on scalp with hair thinning pattern visible","1","SCALP_VISIBILITY","containment","1.000"
"CLINICAL_VISUAL_OBSERVATIONS","Red marker outline on scalp with hair thinning pattern visible","1","CROWN_THINNING_VISIBLE","trigram","0.600"
"CLINICAL_VISUAL_OBSERVATIONS","Red marking lines and scalp thinning pattern visible","1","SCALP_VISIBILITY","containment","1.000"
"CLINICAL_VISUAL_OBSERVATIONS","Red marking lines and scalp thinning pattern visible","1","MIDSCALP_THINNING_VISIBLE","trigram","0.722"
"CLINICAL_VISUAL_OBSERVATIONS","Red marking lines and scalp thinning pattern visible","1","CROWN_THINNING_VISIBLE","trigram","0.600"
"CLINICAL_VISUAL_OBSERVATIONS","Red pen outline around thinning crown area","1","CROWN_THINNING_VISIBLE","trigram","1.000"
"CLINICAL_VISUAL_OBSERVATIONS","Red-glowing device on scalp","1","SCALP_VISIBILITY","containment","1.000"
"CLINICAL_VISUAL_OBSERVATIONS","Red-lit device tip against shiny scalp skin","1","SCALP_VISIBILITY","containment","1.000"
"CLINICAL_VISUAL_OBSERVATIONS","Red-outlined bald patch on crown of scalp","1","SCALP_VISIBILITY","containment","1.000"
"CLINICAL_VISUAL_OBSERVATIONS","Red-outlined circular area of scalp thinning on crown","1","SCALP_VISIBILITY","containment","1.000"
"CLINICAL_VISUAL_OBSERVATIONS","Red-outlined circular area of scalp thinning on crown","1","CROWN_THINNING_VISIBLE","trigram","0.833"
"CLINICAL_VISUAL_OBSERVATIONS","Red-outlined circular area of scalp thinning on crown","1","MIDSCALP_THINNING_VISIBLE","trigram","0.722"
"CLINICAL_VISUAL_OBSERVATIONS","Reddened scalp with blood marks under two illuminated spots","1","SCALP_VISIBILITY","containment","1.000"
"CLINICAL_VISUAL_OBSERVATIONS","Reddened scalp with blood spots and puncta","1","SCALP_VISIBILITY","containment","1.000"
"CLINICAL_VISUAL_OBSERVATIONS","Reddened scalp with fine linear markings","1","SCALP_VISIBILITY","containment","1.000"
"CLINICAL_VISUAL_OBSERVATIONS","Reddened scalp with focal bright light spot","1","SCALP_VISIBILITY","containment","1.000"
"CLINICAL_VISUAL_OBSERVATIONS","Reddened, dotted skin texture and dried blood on scalp","1","SCALP_VISIBILITY","containment","1.000"
"CLINICAL_VISUAL_OBSERVATIONS","Reddened, dotted skin texture and dried blood on scalp","1","SKIN_TEXTURE_VISUAL","containment","1.000"
"CLINICAL_VISUAL_OBSERVATIONS","Reddened, illuminated scalp area with visible marks","1","SCALP_VISIBILITY","containment","1.000"
"CLINICAL_VISUAL_OBSERVATIONS","Reddened, illuminated scalp with instrument nearby","1","SCALP_VISIBILITY","containment","1.000"
"CLINICAL_VISUAL_OBSERVATIONS","Reddened, shiny scalp under direct light with visible fine markings","1","SCALP_VISIBILITY","containment","1.000"
"CLINICAL_VISUAL_OBSERVATIONS","Reddened, textured scalp skin with visible instrument contact","1","SCALP_VISIBILITY","containment","1.000"
"CLINICAL_VISUAL_OBSERVATIONS","Reddened, textured scalp skin with visible instrument contact","1","SKIN_TEXTURE_VISUAL","trigram","0.600"
"CLINICAL_VISUAL_OBSERVATIONS","Reddened/blotchy skin on forehead area","1","FOREHEAD_LINES_VISIBLE","trigram","0.600"
"CLINICAL_VISUAL_OBSERVATIONS","Reddened/pink patch visible across patient's cheek and forehead","1","FOREHEAD_LINES_VISIBLE","trigram","0.600"
"CLINICAL_VISUAL_OBSERVATIONS","Reddened/prepped scalp area visible","1","SCALP_VISIBILITY","containment","1.000"
"CLINICAL_VISUAL_OBSERVATIONS","Reddened/prepped scalp area with fine instruments","1","SCALP_VISIBILITY","containment","1.000"
"CLINICAL_VISUAL_OBSERVATIONS","Reddish area and small marks on scalp skin","1","SCALP_VISIBILITY","containment","1.000"
"CLINICAL_VISUAL_OBSERVATIONS","Reddish-brown discoloration and pinpoint marks on scalp under bright spot lighting","1","SCALP_VISIBILITY","containment","1.000"
"CLINICAL_VISUAL_OBSERVATIONS","Reddish-purple discoloration across scalp surface","1","SCALP_VISIBILITY","containment","1.000"
"CLINICAL_VISUAL_OBSERVATIONS","Reddish-purple, dotted scalp surface","1","SCALP_VISIBILITY","containment","1.000"
"CLINICAL_VISUAL_OBSERVATIONS","Reddish-purple, speckled scalp surface","1","SCALP_VISIBILITY","containment","1.000"
"CLINICAL_VISUAL_OBSERVATIONS","Reddish, slightly textured skin with a small dark spot nearby","1","SKIN_TEXTURE_VISUAL","trigram","0.800"
"CLINICAL_VISUAL_OBSERVATIONS","Reddish/brown discoloration and grid markings on scalp","1","SCALP_VISIBILITY","containment","1.000"
"CLINICAL_VISUAL_OBSERVATIONS","Reddish/pink discoloration on scalp","1","SCALP_VISIBILITY","containment","1.000"
"CLINICAL_VISUAL_OBSERVATIONS","Reddish/purple prepped scalp under focused lighting","1","SCALP_VISIBILITY","containment","1.000"
"CLINICAL_VISUAL_OBSERVATIONS","Redness and gauze at treated site","1","REDNESS_VISIBLE","containment","1.000"
"CLINICAL_VISUAL_OBSERVATIONS","Redness and inflammation visible on cheek/nasolabial area","1","REDNESS_VISIBLE","containment","1.000"
"CLINICAL_VISUAL_OBSERVATIONS","Redness and inflammation visible on cheek/nasolabial area","1","NASOLABIAL_FOLD_VISIBILITY","trigram","0.688"
"CLINICAL_VISUAL_OBSERVATIONS","Redness and irregular pigmentation on cheek and nose skin","1","REDNESS_VISIBLE","containment","1.000"
"CLINICAL_VISUAL_OBSERVATIONS","Redness and irregular pigmentation on cheek and nose skin","1","PIGMENTATION_VISIBLE","containment","1.000"
"CLINICAL_VISUAL_OBSERVATIONS","Redness and irritation on nose and cheek skin","1","REDNESS_VISIBLE","containment","1.000"
"CLINICAL_VISUAL_OBSERVATIONS","Redness and irritation visible on skin near lip and cheek","1","REDNESS_VISIBLE","containment","1.000"
"CLINICAL_VISUAL_OBSERVATIONS","Redness and moist sheen on treated skin area","1","REDNESS_VISIBLE","containment","1.000"
"CLINICAL_VISUAL_OBSERVATIONS","Redness and punctate marks in a demarcated frontal scalp zone","1","REDNESS_VISIBLE","containment","1.000"
"CLINICAL_VISUAL_OBSERVATIONS","Redness and punctate marks in a demarcated frontal scalp zone","1","SCALP_VISIBILITY","containment","1.000"
"CLINICAL_VISUAL_OBSERVATIONS","Redness and punctate marks on circumscribed skin area","1","REDNESS_VISIBLE","containment","1.000"
"CLINICAL_VISUAL_OBSERVATIONS","Redness and skin marks along nasolabial fold","1","NASOLABIAL_FOLD_VISIBILITY","containment","1.000"
"CLINICAL_VISUAL_OBSERVATIONS","Redness and skin marks along nasolabial fold","1","REDNESS_VISIBLE","containment","1.000"
"CLINICAL_VISUAL_OBSERVATIONS","Redness and skin texture on patient's face","1","REDNESS_VISIBLE","containment","1.000"
"CLINICAL_VISUAL_OBSERVATIONS","Redness and skin texture on patient's face","1","SKIN_TEXTURE_VISUAL","containment","1.000"
"CLINICAL_VISUAL_OBSERVATIONS","Redness and skin texture visible on the nose","1","SKIN_TEXTURE_VISUAL","containment","1.000"
"CLINICAL_VISUAL_OBSERVATIONS","Redness and skin texture visible on the nose","1","REDNESS_VISIBLE","containment","1.000"
"CLINICAL_VISUAL_OBSERVATIONS","Redness and small blood marks on drape, wet sheen on scalp","1","SCALP_VISIBILITY","containment","1.000"
"CLINICAL_VISUAL_OBSERVATIONS","Redness and small blood marks on drape, wet sheen on scalp","1","REDNESS_VISIBLE","containment","1.000"
"CLINICAL_VISUAL_OBSERVATIONS","Redness and small blood spots on scalp with gauze","1","SCALP_VISIBILITY","containment","1.000"
"CLINICAL_VISUAL_OBSERVATIONS","Redness and small blood spots on scalp with gauze","1","REDNESS_VISIBLE","containment","1.000"
"CLINICAL_VISUAL_OBSERVATIONS","Redness and small dark spot on skin surface","1","REDNESS_VISIBLE","containment","1.000"
"CLINICAL_VISUAL_OBSERVATIONS","Redness and small marks across two scalp zones","1","SCALP_VISIBILITY","containment","1.000"
"CLINICAL_VISUAL_OBSERVATIONS","Redness and small marks across two scalp zones","1","REDNESS_VISIBLE","containment","1.000"
"CLINICAL_VISUAL_OBSERVATIONS","Redness and small punctate marks along frontal scalp band","1","REDNESS_VISIBLE","containment","1.000"
"CLINICAL_VISUAL_OBSERVATIONS","Redness and small punctate marks along frontal scalp band","1","SCALP_VISIBILITY","containment","1.000"
"CLINICAL_VISUAL_OBSERVATIONS","Redness and swelling on the nose","1","REDNESS_VISIBLE","containment","1.000"
"CLINICAL_VISUAL_OBSERVATIONS","Redness, blood spots, and puncta on scalp","1","REDNESS_VISIBLE","containment","1.000"
"CLINICAL_VISUAL_OBSERVATIONS","Redness, blood spots, and puncta on scalp","1","SCALP_VISIBILITY","containment","1.000"
"CLINICAL_VISUAL_OBSERVATIONS","Redness, erythema, and visible pores on facial skin","1","REDNESS_VISIBLE","containment","1.000"
"CLINICAL_VISUAL_OBSERVATIONS","Redness, erythema, and visible pores on facial skin","1","PORES_VISIBLE","trigram","0.800"
"CLINICAL_VISUAL_OBSERVATIONS","Redness, irritation, and visible pores on cheek skin","1","REDNESS_VISIBLE","containment","1.000"
"CLINICAL_VISUAL_OBSERVATIONS","Redness, irritation, and visible pores on cheek skin","1","PORES_VISIBLE","trigram","0.800"
"CLINICAL_VISUAL_OBSERVATIONS","Redness, irritation, and visible pores on skin surface","1","REDNESS_VISIBLE","containment","1.000"
"CLINICAL_VISUAL_OBSERVATIONS","Redness, irritation, and visible pores on skin surface","1","PORES_VISIBLE","trigram","0.800"
"CLINICAL_VISUAL_OBSERVATIONS","Redness, small marks, and visible pores on skin","1","REDNESS_VISIBLE","containment","1.000"
"CLINICAL_VISUAL_OBSERVATIONS","Redness, small marks, and visible pores on skin","1","PORES_VISIBLE","trigram","0.800"
"CLINICAL_VISUAL_OBSERVATIONS","Redness, small punctate marks, and blood on scalp crown","1","SCALP_VISIBILITY","containment","1.000"
"CLINICAL_VISUAL_OBSERVATIONS","Redness, small punctate marks, and blood on scalp crown","1","REDNESS_VISIBLE","containment","1.000"
"CLINICAL_VISUAL_OBSERVATIONS","Redness, small puncture-like dots, and blood on scalp regions","1","REDNESS_VISIBLE","containment","1.000"
"CLINICAL_VISUAL_OBSERVATIONS","Redness, small puncture-like dots, and blood on scalp regions","1","SCALP_VISIBILITY","containment","1.000"
"CLINICAL_VISUAL_OBSERVATIONS","Redness, visible blood vessels, and skin texture irregularities on cheek/nose","1","SKIN_TEXTURE_VISUAL","containment","1.000"
"CLINICAL_VISUAL_OBSERVATIONS","Redness, visible blood vessels, and skin texture irregularities on cheek/nose","1","REDNESS_VISIBLE","containment","1.000"
"CLINICAL_VISUAL_OBSERVATIONS","Redness, visible pores, and raised scar tissue on cheek and nasolabial area","1","REDNESS_VISIBLE","containment","1.000"
"CLINICAL_VISUAL_OBSERVATIONS","Redness, visible pores, and raised scar tissue on cheek and nasolabial area","1","PORES_VISIBLE","trigram","0.800"
"CLINICAL_VISUAL_OBSERVATIONS","Redness, visible pores, and raised scar tissue on cheek and nasolabial area","1","NASOLABIAL_FOLD_VISIBILITY","trigram","0.688"
"CLINICAL_VISUAL_OBSERVATIONS","Redness, visible pores, and skin marks present on facial skin","1","REDNESS_VISIBLE","containment","1.000"
"CLINICAL_VISUAL_OBSERVATIONS","Redness, visible pores, and skin marks present on facial skin","1","PORES_VISIBLE","trigram","0.800"
"CLINICAL_VISUAL_OBSERVATIONS","Redness/erythema patches visible on cheek and nasolabial fold","1","NASOLABIAL_FOLD_VISIBILITY","containment","1.000"
"CLINICAL_VISUAL_OBSERVATIONS","Redness/erythema patches visible on cheek and nasolabial fold","1","REDNESS_VISIBLE","containment","1.000"
"CLINICAL_VISUAL_OBSERVATIONS","Redness/marking visible on patient's forehead/hairline","1","REDNESS_VISIBLE","containment","1.000"
"CLINICAL_VISUAL_OBSERVATIONS","Redness/marking visible on patient's forehead/hairline","1","HAIRLINE_VISIBLE","containment","1.000"
"CLINICAL_VISUAL_OBSERVATIONS","Redness/marking visible on patient's forehead/hairline","1","FOREHEAD_LINES_VISIBLE","trigram","0.600"
"CLINICAL_VISUAL_OBSERVATIONS","Redness/marking visible on patient's forehead/hairline","1","HAIRLINE_SHAPE","trigram","0.600"
"CLINICAL_VISUAL_OBSERVATIONS","Redness/pink discoloration on scalp","1","REDNESS_VISIBLE","containment","1.000"
"CLINICAL_VISUAL_OBSERVATIONS","Redness/pink discoloration on scalp","1","SCALP_VISIBILITY","containment","1.000"
"CLINICAL_VISUAL_OBSERVATIONS","Redness/swelling on nose and dark discoloration around eyelid","1","REDNESS_VISIBLE","containment","1.000"
"CLINICAL_VISUAL_OBSERVATIONS","Reduced central and crown hair density","1","HAIR_DENSITY_VISUAL","containment","1.000"
"CLINICAL_VISUAL_OBSERVATIONS","Reduced hair density across frontal and crown scalp","1","SCALP_VISIBILITY","containment","1.000"
"CLINICAL_VISUAL_OBSERVATIONS","Reduced hair density across frontal and crown scalp","1","HAIR_DENSITY_VISUAL","containment","1.000"
"CLINICAL_VISUAL_OBSERVATIONS","Reduced hair density and faint under-eye discoloration","1","HAIR_DENSITY_VISUAL","containment","1.000"
"CLINICAL_VISUAL_OBSERVATIONS","Reduced hair density and faint under-eye discoloration","1","UNDER_EYE_LINES","trigram","0.625"
"CLINICAL_VISUAL_OBSERVATIONS","Reduced hair density at central crown","1","HAIR_DENSITY_VISUAL","containment","1.000"
"CLINICAL_VISUAL_OBSERVATIONS","Reduced hair density at crown and upper rear scalp","1","SCALP_VISIBILITY","containment","1.000"
"CLINICAL_VISUAL_OBSERVATIONS","Reduced hair density at crown and upper rear scalp","1","HAIR_DENSITY_VISUAL","containment","1.000"
"CLINICAL_VISUAL_OBSERVATIONS","Reduced hair density over crown","1","HAIR_DENSITY_VISUAL","containment","1.000"
"CLINICAL_VISUAL_OBSERVATIONS","Reduced hair density over crown and vertex","1","HAIR_DENSITY_VISUAL","containment","1.000"
"CLINICAL_VISUAL_OBSERVATIONS","Reduced hair density over the top and crown","1","HAIR_DENSITY_VISUAL","containment","1.000"
"CLINICAL_VISUAL_OBSERVATIONS","Reduced hair density with visible frontal and top scalp","1","HAIR_DENSITY_VISUAL","containment","1.000"
"CLINICAL_VISUAL_OBSERVATIONS","Reduced hair density with visible frontal and top scalp","1","SCALP_VISIBILITY","containment","1.000"
"CLINICAL_VISUAL_OBSERVATIONS","Reduced scalp visibility along part line in after image","1","SCALP_VISIBILITY","containment","1.000"
"CLINICAL_VISUAL_OBSERVATIONS","Reduced visible hair density at the crown","1","HAIR_DENSITY_VISUAL","containment","1.000"
"CLINICAL_VISUAL_OBSERVATIONS","Reduced visible hair density over top and crown","1","HAIR_DENSITY_VISUAL","containment","1.000"
"CLINICAL_VISUAL_OBSERVATIONS","Scalp and hair pattern visible at crown and hairline","1","SCALP_VISIBILITY","containment","1.000"
"CLINICAL_VISUAL_OBSERVATIONS","Scalp and hair pattern visible at crown and hairline","1","HAIRLINE_VISIBLE","containment","1.000"
"CLINICAL_VISUAL_OBSERVATIONS","Scalp and hair pattern visible at crown and hairline","1","HAIRLINE_SHAPE","trigram","0.600"
"CLINICAL_VISUAL_OBSERVATIONS","Scalp contact under glove and mask precautions","1","SCALP_VISIBILITY","containment","1.000"
"CLINICAL_VISUAL_OBSERVATIONS","Scalp marked with black grid lines and speckled with red pinpoint marks","1","SCALP_VISIBILITY","containment","1.000"
"CLINICAL_VISUAL_OBSERVATIONS","Scalp marked with grid lines and a circular outline","1","SCALP_VISIBILITY","containment","1.000"
"CLINICAL_VISUAL_OBSERVATIONS","Scalp part visible, hair separated","1","SCALP_VISIBILITY","containment","1.000"
"CLINICAL_VISUAL_OBSERVATIONS","Scalp redness with punctate marks and crusting","1","REDNESS_VISIBLE","containment","1.000"
"CLINICAL_VISUAL_OBSERVATIONS","Scalp redness with punctate marks and crusting","1","CRUSTING_VISIBLE","containment","1.000"
"CLINICAL_VISUAL_OBSERVATIONS","Scalp redness with punctate marks and crusting","1","SCALP_VISIBILITY","containment","1.000"
"CLINICAL_VISUAL_OBSERVATIONS","Scalp shows redness and small blood spots under bright light","1","REDNESS_VISIBLE","containment","1.000"
"CLINICAL_VISUAL_OBSERVATIONS","Scalp shows redness and small blood spots under bright light","1","SCALP_VISIBILITY","containment","1.000"
"CLINICAL_VISUAL_OBSERVATIONS","Scalp shows small white marks and pink discoloration","1","SCALP_VISIBILITY","containment","1.000"
"CLINICAL_VISUAL_OBSERVATIONS","Scalp visibility and hair whorl pattern at crown","1","SCALP_VISIBILITY","containment","1.000"
"CLINICAL_VISUAL_OBSERVATIONS","Scalp visibility through frontal and crown hair","1","SCALP_VISIBILITY","containment","1.000"
"CLINICAL_VISUAL_OBSERVATIONS","Scalp visible along hairline and part","1","SCALP_VISIBILITY","containment","1.000"
"CLINICAL_VISUAL_OBSERVATIONS","Scalp visible along hairline and part","1","HAIRLINE_VISIBLE","containment","1.000"
"CLINICAL_VISUAL_OBSERVATIONS","Scalp visible along hairline and part","1","HAIRLINE_SHAPE","trigram","0.600"
"CLINICAL_VISUAL_OBSERVATIONS","Scalp visible around crown","1","SCALP_VISIBILITY","containment","1.000"
"CLINICAL_VISUAL_OBSERVATIONS","Scalp visible through hair with apparent thinning at crown","1","SCALP_VISIBILITY","containment","1.000"
"CLINICAL_VISUAL_OBSERVATIONS","Scalp visible through hair with apparent thinning at crown","1","CROWN_THINNING_VISIBLE","trigram","0.833"
"CLINICAL_VISUAL_OBSERVATIONS","Scalp with marked spots and sheen","1","SCALP_VISIBILITY","containment","1.000"
"CLINICAL_VISUAL_OBSERVATIONS","Scalp/hairline inspection with gloves","1","HAIRLINE_VISIBLE","containment","1.000"
"CLINICAL_VISUAL_OBSERVATIONS","Scalp/hairline inspection with gloves","1","SCALP_VISIBILITY","containment","1.000"
"CLINICAL_VISUAL_OBSERVATIONS","Scalp/hairline inspection with gloves","1","HAIRLINE_SHAPE","trigram","0.600"
"CLINICAL_VISUAL_OBSERVATIONS","Scalp/hairline visible under equipment","1","SCALP_VISIBILITY","containment","1.000"
"CLINICAL_VISUAL_OBSERVATIONS","Scalp/hairline visible under equipment","1","HAIRLINE_VISIBLE","containment","1.000"
"CLINICAL_VISUAL_OBSERVATIONS","Scalp/hairline visible under equipment","1","HAIRLINE_SHAPE","trigram","0.600"
"CLINICAL_VISUAL_OBSERVATIONS","Sectioned dark hair with visible scalp part","1","SCALP_VISIBILITY","containment","1.000"
"CLINICAL_VISUAL_OBSERVATIONS","Sharp demarcation line between bald scalp and hair-bearing scalp","1","SCALP_VISIBILITY","containment","1.000"
"CLINICAL_VISUAL_OBSERVATIONS","Shaved, glossy scalp with visible sheen","1","SCALP_VISIBILITY","containment","1.000"
"CLINICAL_VISUAL_OBSERVATIONS","Sheen/gel visible on client's forehead and neck skin","1","FOREHEAD_LINES_VISIBLE","trigram","0.600"
"CLINICAL_VISUAL_OBSERVATIONS","Sheen/moisture visible on forehead and skin texture","1","SKIN_TEXTURE_VISUAL","containment","1.000"
"CLINICAL_VISUAL_OBSERVATIONS","Sheen/moisture visible on forehead and skin texture","1","FOREHEAD_LINES_VISIBLE","trigram","0.600"
"CLINICAL_VISUAL_OBSERVATIONS","Shiny scalp area under red light, no visible wounds","1","SCALP_VISIBILITY","containment","1.000"
"CLINICAL_VISUAL_OBSERVATIONS","Shiny skin with mild redness on cheek","1","REDNESS_VISIBLE","containment","1.000"
"CLINICAL_VISUAL_OBSERVATIONS","Shiny, moist forehead skin and receding hairline pattern","1","HAIRLINE_VISIBLE","containment","1.000"
"CLINICAL_VISUAL_OBSERVATIONS","Shiny, moist forehead skin and receding hairline pattern","1","HAIRLINE_SHAPE","trigram","0.600"
"CLINICAL_VISUAL_OBSERVATIONS","Shiny, moist forehead skin and receding hairline pattern","1","FOREHEAD_LINES_VISIBLE","trigram","0.600"
"CLINICAL_VISUAL_OBSERVATIONS","Shiny, moist skin with patches of redness on the cheek","1","REDNESS_VISIBLE","containment","1.000"
"CLINICAL_VISUAL_OBSERVATIONS","Shiny, moist-looking forehead and hairline","1","HAIRLINE_VISIBLE","containment","1.000"
"CLINICAL_VISUAL_OBSERVATIONS","Shiny, moist-looking forehead and hairline","1","FOREHEAD_LINES_VISIBLE","trigram","0.600"
"CLINICAL_VISUAL_OBSERVATIONS","Shiny, moist-looking forehead and hairline","1","HAIRLINE_SHAPE","trigram","0.600"
"CLINICAL_VISUAL_OBSERVATIONS","Shiny/moist forehead skin with marks near hairline and cheek streaks","1","HAIRLINE_VISIBLE","containment","1.000"
"CLINICAL_VISUAL_OBSERVATIONS","Shiny/moist forehead skin with marks near hairline and cheek streaks","1","HAIRLINE_SHAPE","trigram","0.600"
"CLINICAL_VISUAL_OBSERVATIONS","Shiny/moist forehead skin with marks near hairline and cheek streaks","1","FOREHEAD_LINES_VISIBLE","trigram","0.600"
"CLINICAL_VISUAL_OBSERVATIONS","Shiny/moist skin on forehead and face","1","FOREHEAD_LINES_VISIBLE","trigram","0.600"
"CLINICAL_VISUAL_OBSERVATIONS","Shiny/moist skin on forehead and nose","1","FOREHEAD_LINES_VISIBLE","trigram","0.600"
"CLINICAL_VISUAL_OBSERVATIONS","Shiny/oily forehead skin, receding hairline, some gray hair strands, minor facial skin marks","1","HAIRLINE_VISIBLE","containment","1.000"
"CLINICAL_VISUAL_OBSERVATIONS","Shiny/oily forehead skin, receding hairline, some gray hair strands, minor facial skin marks","1","HAIRLINE_SHAPE","trigram","0.667"
"CLINICAL_VISUAL_OBSERVATIONS","Shiny/oily forehead skin, receding hairline, some gray hair strands, minor facial skin marks","1","FOREHEAD_LINES_VISIBLE","trigram","0.600"
"CLINICAL_VISUAL_OBSERVATIONS","Shiny/oily skin texture on nose, forehead, and cheek area","1","SKIN_TEXTURE_VISUAL","containment","1.000"
"CLINICAL_VISUAL_OBSERVATIONS","Shiny/oily skin texture on nose, forehead, and cheek area","1","FOREHEAD_LINES_VISIBLE","trigram","0.600"
"CLINICAL_VISUAL_OBSERVATIONS","Short cropped hair with visible scalp along part lines and crown","1","SCALP_VISIBILITY","containment","1.000"
"CLINICAL_VISUAL_OBSERVATIONS","Skin appears clear with normal texture, slight redness on lips","1","REDNESS_VISIBLE","containment","1.000"
"CLINICAL_VISUAL_OBSERVATIONS","Skin appears clear with normal texture, slight redness on lips","1","SKIN_TEXTURE_VISUAL","trigram","0.692"
"CLINICAL_VISUAL_OBSERVATIONS","Skin appears intact with mild redness near mouth","1","REDNESS_VISIBLE","containment","1.000"
"CLINICAL_VISUAL_OBSERVATIONS","Skin appears moist/glistening with visible texture","1","SKIN_TEXTURE_VISUAL","trigram","0.615"
"CLINICAL_VISUAL_OBSERVATIONS","Skin appears shiny/oily on face, mild acne marks visible on cheek","1","ACNE_VISIBLE","containment","1.000"
"CLINICAL_VISUAL_OBSERVATIONS","Skin appears shiny/wet with visible texture, glowing light spot","1","SKIN_TEXTURE_VISUAL","trigram","0.615"
"CLINICAL_VISUAL_OBSERVATIONS","Skin appears slightly moist/glossy with visible fine vascular lines, no redness or bleeding evident","1","REDNESS_VISIBLE","containment","1.000"
"CLINICAL_VISUAL_OBSERVATIONS","Skin appears slightly moist/glossy with visible fine vascular lines, no redness or bleeding evident","1","NECK_LINES_VISIBLE","trigram","0.636"
"CLINICAL_VISUAL_OBSERVATIONS","Skin appears smooth with minor natural texture, no visible redness or marks","1","REDNESS_VISIBLE","containment","1.000"
"CLINICAL_VISUAL_OBSERVATIONS","Skin appears smooth with minor natural texture, no visible redness or marks","1","SKIN_TEXTURE_VISUAL","trigram","0.615"
"CLINICAL_VISUAL_OBSERVATIONS","Skin appears smooth with minor visible texture and small marks on cheek","1","SKIN_TEXTURE_VISUAL","trigram","0.615"
"CLINICAL_VISUAL_OBSERVATIONS","Skin appears smooth with no visible redness, swelling, or markings","1","REDNESS_VISIBLE","containment","1.000"
"CLINICAL_VISUAL_OBSERVATIONS","Skin appears smooth with slight sheen, no visible redness or lesions noted","1","REDNESS_VISIBLE","containment","1.000"
"CLINICAL_VISUAL_OBSERVATIONS","Skin appears smooth with some texture and light glare, no visible lesions distinguishable","1","SKIN_TEXTURE_VISUAL","trigram","0.615"
"CLINICAL_VISUAL_OBSERVATIONS","Skin appears smooth with visible pores, no redness or swelling apparent","1","REDNESS_VISIBLE","containment","1.000"
"CLINICAL_VISUAL_OBSERVATIONS","Skin appears smooth with visible pores, no redness or swelling apparent","1","PORES_VISIBLE","trigram","0.800"
"CLINICAL_VISUAL_OBSERVATIONS","Skin discoloration on jaw, stubble texture","1","SKIN_TEXTURE_VISUAL","trigram","0.615"
"CLINICAL_VISUAL_OBSERVATIONS","Skin redness and visible small blood vessels","1","REDNESS_VISIBLE","containment","1.000"
"CLINICAL_VISUAL_OBSERVATIONS","Skin redness, blotchy erythema, and visible pores/blackheads on nose","1","REDNESS_VISIBLE","containment","1.000"
"CLINICAL_VISUAL_OBSERVATIONS","Skin redness, blotchy erythema, and visible pores/blackheads on nose","1","PORES_VISIBLE","trigram","0.800"
"CLINICAL_VISUAL_OBSERVATIONS","Skin redness, enlarged pores, papules, discoloration","1","REDNESS_VISIBLE","containment","1.000"
"CLINICAL_VISUAL_OBSERVATIONS","Skin redness, enlarged pores, papules, discoloration","1","PORES_VISIBLE","trigram","0.800"
"CLINICAL_VISUAL_OBSERVATIONS","Skin texture and minimal makeup visible on face","1","SKIN_TEXTURE_VISUAL","containment","1.000"
"CLINICAL_VISUAL_OBSERVATIONS","Skin texture and shine visible on face","1","SKIN_TEXTURE_VISUAL","containment","1.000"
"CLINICAL_VISUAL_OBSERVATIONS","Skin texture and small marks visible","1","SKIN_TEXTURE_VISUAL","containment","1.000"
"CLINICAL_VISUAL_OBSERVATIONS","Skin texture, pores, and mild redness near brow visible","1","PORES_VISIBLE","trigram","1.000"
"CLINICAL_VISUAL_OBSERVATIONS","Skin texture, pores, and mild redness near brow visible","1","SKIN_TEXTURE_VISUAL","containment","1.000"
"CLINICAL_VISUAL_OBSERVATIONS","Skin texture, pores, and mild redness near brow visible","1","REDNESS_VISIBLE","containment","1.000"
"CLINICAL_VISUAL_OBSERVATIONS","Skin texture, stubble, and small marks visible on neck/jaw","1","SKIN_TEXTURE_VISUAL","containment","1.000"
"CLINICAL_VISUAL_OBSERVATIONS","Slight facial redness on cheeks and forehead","1","REDNESS_VISIBLE","containment","1.000"
"CLINICAL_VISUAL_OBSERVATIONS","Slight facial redness on cheeks and forehead","1","FOREHEAD_LINES_VISIBLE","trigram","0.600"
"CLINICAL_VISUAL_OBSERVATIONS","Slight facial redness visible","1","REDNESS_VISIBLE","containment","1.000"
"CLINICAL_VISUAL_OBSERVATIONS","Slight reddish skin tone on forehead area","1","FOREHEAD_LINES_VISIBLE","trigram","0.600"
"CLINICAL_VISUAL_OBSERVATIONS","Slight redness and shine on cheek skin near eye","1","REDNESS_VISIBLE","containment","1.000"
"CLINICAL_VISUAL_OBSERVATIONS","Slight redness around tattoo linework","1","REDNESS_VISIBLE","containment","1.000"
"CLINICAL_VISUAL_OBSERVATIONS","Slight redness visible on patient's exposed cheek/skin","1","REDNESS_VISIBLE","containment","1.000"
"CLINICAL_VISUAL_OBSERVATIONS","Slight redness visible on patient's neck","1","REDNESS_VISIBLE","containment","1.000"
"CLINICAL_VISUAL_OBSERVATIONS","Slight redness/discoloration on nose and forehead area","1","REDNESS_VISIBLE","containment","1.000"
"CLINICAL_VISUAL_OBSERVATIONS","Slight redness/discoloration on nose and forehead area","1","FOREHEAD_LINES_VISIBLE","trigram","0.600"
"CLINICAL_VISUAL_OBSERVATIONS","Slight redness/irritation around tattoo lines","1","REDNESS_VISIBLE","containment","1.000"
"CLINICAL_VISUAL_OBSERVATIONS","Slight skin redness near instrument contact area","1","REDNESS_VISIBLE","containment","1.000"
"CLINICAL_VISUAL_OBSERVATIONS","Slight skin redness/marking visible near jawline","1","JAWLINE_DEFINITION","containment","1.000"
"CLINICAL_VISUAL_OBSERVATIONS","Slight skin redness/marking visible near jawline","1","REDNESS_VISIBLE","containment","1.000"
"CLINICAL_VISUAL_OBSERVATIONS","Slight skin sheen and mild redness on cheek","1","REDNESS_VISIBLE","containment","1.000"
"CLINICAL_VISUAL_OBSERVATIONS","Small dark facial and forehead spots visible","1","FOREHEAD_LINES_VISIBLE","trigram","0.600"
"CLINICAL_VISUAL_OBSERVATIONS","Small mark on forehead","1","FOREHEAD_LINES_VISIBLE","trigram","0.600"
"CLINICAL_VISUAL_OBSERVATIONS","Small marked area on scalp near part","1","SCALP_VISIBILITY","containment","1.000"
"CLINICAL_VISUAL_OBSERVATIONS","Small punctate marks on scalp skin","1","SCALP_VISIBILITY","containment","1.000"
"CLINICAL_VISUAL_OBSERVATIONS","Small puncture-like marks, white material, and minor blood on scalp","1","SCALP_VISIBILITY","containment","1.000"
"CLINICAL_VISUAL_OBSERVATIONS","Small red mark on woman's forehead","1","FOREHEAD_LINES_VISIBLE","trigram","0.600"
"CLINICAL_VISUAL_OBSERVATIONS","Small red marks on patient's cheek and forehead area","1","FOREHEAD_LINES_VISIBLE","trigram","0.600"
"CLINICAL_VISUAL_OBSERVATIONS","Small red marks visible on illuminated scalp skin","1","SCALP_VISIBILITY","containment","1.000"
"CLINICAL_VISUAL_OBSERVATIONS","Small red marks/blemishes visible on forehead, otherwise smooth skin","1","FOREHEAD_LINES_VISIBLE","trigram","0.600"
"CLINICAL_VISUAL_OBSERVATIONS","Small red marks/spots visible on cheeks and forehead","1","FOREHEAD_LINES_VISIBLE","trigram","0.600"
"CLINICAL_VISUAL_OBSERVATIONS","Small red puncture-like marks and moist sheen on scalp","1","SCALP_VISIBILITY","containment","1.000"
"CLINICAL_VISUAL_OBSERVATIONS","Small red puncture-like marks on cheek and forehead","1","FOREHEAD_LINES_VISIBLE","trigram","0.600"
"CLINICAL_VISUAL_OBSERVATIONS","Small red puncture-like marks on scalp; gauze dressing","1","SCALP_VISIBILITY","containment","1.000"
"CLINICAL_VISUAL_OBSERVATIONS","Small red/pink mark on scalp near hairline","1","HAIRLINE_VISIBLE","containment","1.000"
"CLINICAL_VISUAL_OBSERVATIONS","Small red/pink mark on scalp near hairline","1","SCALP_VISIBILITY","containment","1.000"
"CLINICAL_VISUAL_OBSERVATIONS","Small red/pink mark on scalp near hairline","1","HAIRLINE_SHAPE","trigram","0.600"
"CLINICAL_VISUAL_OBSERVATIONS","Small reddish abrasions/scrapes with crusting","1","CRUSTING_VISIBLE","containment","1.000"
"CLINICAL_VISUAL_OBSERVATIONS","Small reddish abrasions/scratches with crusting on skin","1","CRUSTING_VISIBLE","containment","1.000"
"CLINICAL_VISUAL_OBSERVATIONS","Sparse frontal hairline visible","1","HAIRLINE_VISIBLE","containment","1.000"
"CLINICAL_VISUAL_OBSERVATIONS","Sparse frontal hairline visible","1","HAIRLINE_SHAPE","trigram","0.600"
"CLINICAL_VISUAL_OBSERVATIONS","Sparse scalp hair with mild redness and speckling","1","REDNESS_VISIBLE","containment","1.000"
"CLINICAL_VISUAL_OBSERVATIONS","Sparse scalp hair with mild redness and speckling","1","SCALP_VISIBILITY","containment","1.000"
"CLINICAL_VISUAL_OBSERVATIONS","Surgical marking lines and reddish skin discoloration on scalp","1","SCALP_VISIBILITY","containment","1.000"
"CLINICAL_VISUAL_OBSERVATIONS","Surgical marking lines on scalp","1","SCALP_VISIBILITY","containment","1.000"
"CLINICAL_VISUAL_OBSERVATIONS","Surgical-marker lines on forehead and hairline","1","HAIRLINE_VISIBLE","containment","1.000"
"CLINICAL_VISUAL_OBSERVATIONS","Surgical-marker lines on forehead and hairline","1","FOREHEAD_LINES_VISIBLE","trigram","0.833"
"CLINICAL_VISUAL_OBSERVATIONS","Surgical-marker lines on forehead and hairline","1","HAIRLINE_SHAPE","trigram","0.600"
"CLINICAL_VISUAL_OBSERVATIONS","Syringe with yellow substance, gloved hands, cotton pad on scalp","1","SCALP_VISIBILITY","containment","1.000"
"CLINICAL_VISUAL_OBSERVATIONS","Tattooed, hair-bearing skin with localized redness","1","REDNESS_VISIBLE","containment","1.000"
"CLINICAL_VISUAL_OBSERVATIONS","Temple hairline is clearly exposed with lower density at the frontotemporal edge","1","HAIRLINE_VISIBLE","containment","1.000"
"CLINICAL_VISUAL_OBSERVATIONS","Temple hairline is clearly exposed with lower density at the frontotemporal edge","1","HAIR_DENSITY_VISUAL","trigram","0.615"
"CLINICAL_VISUAL_OBSERVATIONS","Temple hairline is clearly exposed with lower density at the frontotemporal edge","1","HAIRLINE_SHAPE","trigram","0.600"
"CLINICAL_VISUAL_OBSERVATIONS","Thick clear/gel layer coating the face, no visible redness or wounds","1","REDNESS_VISIBLE","containment","1.000"
"CLINICAL_VISUAL_OBSERVATIONS","Thinning hair at crown with a visible pink line on the scalp","1","SCALP_VISIBILITY","containment","1.000"
"CLINICAL_VISUAL_OBSERVATIONS","Thinning hair at crown with a visible pink line on the scalp","1","CROWN_THINNING_VISIBLE","trigram","0.652"
"CLINICAL_VISUAL_OBSERVATIONS","Thinning hair with bald patch at the crown and a small scalp mark","1","SCALP_VISIBILITY","containment","1.000"
"CLINICAL_VISUAL_OBSERVATIONS","Thinning hair with bald patch at the crown and a small scalp mark","1","CROWN_THINNING_VISIBLE","trigram","0.600"
"CLINICAL_VISUAL_OBSERVATIONS","Thinning hair with red marker outlining scalp zone","1","SCALP_VISIBILITY","containment","1.000"
"CLINICAL_VISUAL_OBSERVATIONS","Thinning hair with red marker outlining scalp zone","1","CROWN_THINNING_VISIBLE","trigram","0.600"
"CLINICAL_VISUAL_OBSERVATIONS","Thinning hair/visible scalp at crown with a small red mark","1","SCALP_VISIBILITY","containment","1.000"
"CLINICAL_VISUAL_OBSERVATIONS","Thinning hair/visible scalp at crown with a small red mark","1","CROWN_THINNING_VISIBLE","trigram","0.600"
"CLINICAL_VISUAL_OBSERVATIONS","Two distinct ink markings outlining hairline boundaries","1","HAIRLINE_VISIBLE","containment","1.000"
"CLINICAL_VISUAL_OBSERVATIONS","Two distinct ink markings outlining hairline boundaries","1","HAIRLINE_SHAPE","trigram","0.600"
"CLINICAL_VISUAL_OBSERVATIONS","Two hand-drawn lines mark distinct hairline contours on the scalp","1","SCALP_VISIBILITY","containment","1.000"
"CLINICAL_VISUAL_OBSERVATIONS","Two hand-drawn lines mark distinct hairline contours on the scalp","1","HAIRLINE_VISIBLE","containment","1.000"
"CLINICAL_VISUAL_OBSERVATIONS","Two hand-drawn lines mark distinct hairline contours on the scalp","1","HAIRLINE_SHAPE","trigram","0.600"
"CLINICAL_VISUAL_OBSERVATIONS","Two patches of small red dots on the scalp","1","SCALP_VISIBILITY","containment","1.000"
"CLINICAL_VISUAL_OBSERVATIONS","Uneven frontal hairline with visible recession","1","HAIRLINE_VISIBLE","containment","1.000"
"CLINICAL_VISUAL_OBSERVATIONS","Uneven frontal hairline with visible recession","1","HAIRLINE_SHAPE","trigram","0.600"
"CLINICAL_VISUAL_OBSERVATIONS","Uneven frontal scalp band with mild redness","1","SCALP_VISIBILITY","containment","1.000"
"CLINICAL_VISUAL_OBSERVATIONS","Uneven frontal scalp band with mild redness","1","REDNESS_VISIBLE","containment","1.000"
"CLINICAL_VISUAL_OBSERVATIONS","Variable visible scalp coverage","1","SCALP_VISIBILITY","containment","1.000"
"CLINICAL_VISUAL_OBSERVATIONS","Very short, sparse scalp hair","1","SCALP_VISIBILITY","containment","1.000"
"CLINICAL_VISUAL_OBSERVATIONS","Visible acne, scarring, and redness on skin","1","ACNE_SCARRING_VISIBLE","trigram","1.000"
"CLINICAL_VISUAL_OBSERVATIONS","Visible acne, scarring, and redness on skin","1","REDNESS_VISIBLE","containment","1.000"
"CLINICAL_VISUAL_OBSERVATIONS","Visible acne, scarring, and redness on skin","1","ACNE_VISIBLE","containment","1.000"
"CLINICAL_VISUAL_OBSERVATIONS","Visible area of scalp thinning/exposure near crown","1","SCALP_VISIBILITY","containment","1.000"
"CLINICAL_VISUAL_OBSERVATIONS","Visible area of scalp thinning/exposure near crown","1","MIDSCALP_THINNING_VISIBLE","trigram","0.722"
"CLINICAL_VISUAL_OBSERVATIONS","Visible area of scalp thinning/exposure near crown","1","CROWN_THINNING_VISIBLE","trigram","0.600"
"CLINICAL_VISUAL_OBSERVATIONS","Visible cheek redness and uneven skin coloration","1","REDNESS_VISIBLE","containment","1.000"
"CLINICAL_VISUAL_OBSERVATIONS","Visible erythema, enlarged pores, and skin texture irregularities","1","SKIN_TEXTURE_VISUAL","containment","1.000"
"CLINICAL_VISUAL_OBSERVATIONS","Visible erythema, enlarged pores, and skin texture irregularities","1","PORES_VISIBLE","trigram","0.800"
"CLINICAL_VISUAL_OBSERVATIONS","Visible facial redness and uneven skin texture","1","SKIN_TEXTURE_VISUAL","containment","1.000"
"CLINICAL_VISUAL_OBSERVATIONS","Visible facial redness and uneven skin texture","1","REDNESS_VISIBLE","containment","1.000"
"CLINICAL_VISUAL_OBSERVATIONS","Visible forehead creases, nasal/cheek redness, mild acne marks, receding hairline at temples","1","ACNE_VISIBLE","containment","1.000"
"CLINICAL_VISUAL_OBSERVATIONS","Visible forehead creases, nasal/cheek redness, mild acne marks, receding hairline at temples","1","REDNESS_VISIBLE","containment","1.000"
"CLINICAL_VISUAL_OBSERVATIONS","Visible forehead creases, nasal/cheek redness, mild acne marks, receding hairline at temples","1","HAIRLINE_VISIBLE","containment","1.000"
"CLINICAL_VISUAL_OBSERVATIONS","Visible forehead creases, nasal/cheek redness, mild acne marks, receding hairline at temples","1","HAIRLINE_SHAPE","trigram","0.600"
"CLINICAL_VISUAL_OBSERVATIONS","Visible forehead creases, nasal/cheek redness, mild acne marks, receding hairline at temples","1","FOREHEAD_LINES_VISIBLE","trigram","0.600"
"CLINICAL_VISUAL_OBSERVATIONS","Visible frontal and crown hairline recession","1","HAIRLINE_VISIBLE","containment","1.000"
"CLINICAL_VISUAL_OBSERVATIONS","Visible frontal and crown hairline recession","1","HAIRLINE_SHAPE","trigram","0.600"
"CLINICAL_VISUAL_OBSERVATIONS","Visible frontal hair thinning and uneven cheek pigmentation","1","PIGMENTATION_VISIBLE","containment","1.000"
"CLINICAL_VISUAL_OBSERVATIONS","Visible frontal hair thinning and uneven cheek pigmentation","1","FRONTAL_THINNING_VISIBLE","trigram","0.773"
"CLINICAL_VISUAL_OBSERVATIONS","Visible frontal hair thinning and uneven cheek pigmentation","1","CROWN_THINNING_VISIBLE","trigram","0.600"
"CLINICAL_VISUAL_OBSERVATIONS","Visible frontal hairline and closely clipped sides","1","HAIRLINE_VISIBLE","containment","1.000"
"CLINICAL_VISUAL_OBSERVATIONS","Visible frontal hairline and closely clipped sides","1","HAIRLINE_SHAPE","trigram","0.600"
"CLINICAL_VISUAL_OBSERVATIONS","Visible frontal hairline recession and scalp exposure","1","HAIRLINE_VISIBLE","containment","1.000"
"CLINICAL_VISUAL_OBSERVATIONS","Visible frontal hairline recession and scalp exposure","1","SCALP_VISIBILITY","containment","1.000"
"CLINICAL_VISUAL_OBSERVATIONS","Visible frontal hairline recession and scalp exposure","1","HAIRLINE_SHAPE","trigram","0.600"
"CLINICAL_VISUAL_OBSERVATIONS","Visible hair thinning and receded frontal hairline","1","HAIRLINE_VISIBLE","containment","1.000"
"CLINICAL_VISUAL_OBSERVATIONS","Visible hair thinning and receded frontal hairline","1","HAIRLINE_SHAPE","trigram","0.600"
"CLINICAL_VISUAL_OBSERVATIONS","Visible hair thinning and receded frontal hairline","1","CROWN_THINNING_VISIBLE","trigram","0.600"
"CLINICAL_VISUAL_OBSERVATIONS","Visible hair thinning and scalp exposure at crown","1","SCALP_VISIBILITY","containment","1.000"
"CLINICAL_VISUAL_OBSERVATIONS","Visible hair thinning and scalp exposure at crown","1","CROWN_THINNING_VISIBLE","trigram","0.600"
"CLINICAL_VISUAL_OBSERVATIONS","Visible hair thinning and scalp exposure at crown area","1","SCALP_VISIBILITY","containment","1.000"
"CLINICAL_VISUAL_OBSERVATIONS","Visible hair thinning and scalp exposure at crown area","1","CROWN_THINNING_VISIBLE","trigram","0.600"
"CLINICAL_VISUAL_OBSERVATIONS","Visible hair thinning and scalp show-through at frontal and crown areas","1","SCALP_VISIBILITY","containment","1.000"
"CLINICAL_VISUAL_OBSERVATIONS","Visible hair thinning and scalp show-through at frontal and crown areas","1","CROWN_THINNING_VISIBLE","trigram","0.600"
"CLINICAL_VISUAL_OBSERVATIONS","Visible hair thinning and scalp show-through at frontal hairline","1","HAIRLINE_VISIBLE","containment","1.000"
"CLINICAL_VISUAL_OBSERVATIONS","Visible hair thinning and scalp show-through at frontal hairline","1","SCALP_VISIBILITY","containment","1.000"
"CLINICAL_VISUAL_OBSERVATIONS","Visible hair thinning and scalp show-through at frontal hairline","1","CROWN_THINNING_VISIBLE","trigram","0.600"
"CLINICAL_VISUAL_OBSERVATIONS","Visible hair thinning and scalp show-through at frontal hairline","1","HAIRLINE_SHAPE","trigram","0.600"
"CLINICAL_VISUAL_OBSERVATIONS","Visible hair thinning at crown and receding frontal hairline","1","HAIRLINE_VISIBLE","containment","1.000"
"CLINICAL_VISUAL_OBSERVATIONS","Visible hair thinning at crown and receding frontal hairline","1","CROWN_THINNING_VISIBLE","trigram","0.833"
"CLINICAL_VISUAL_OBSERVATIONS","Visible hair thinning at crown and receding frontal hairline","1","HAIRLINE_SHAPE","trigram","0.600"
"CLINICAL_VISUAL_OBSERVATIONS","Visible hair thinning with scalp show-through at crown","1","SCALP_VISIBILITY","containment","1.000"
"CLINICAL_VISUAL_OBSERVATIONS","Visible hair thinning with scalp show-through at crown","1","CROWN_THINNING_VISIBLE","trigram","0.600"
"CLINICAL_VISUAL_OBSERVATIONS","Visible hair thinning with scalp showing at crown/frontal scalp region","1","SCALP_VISIBILITY","containment","1.000"
"CLINICAL_VISUAL_OBSERVATIONS","Visible hair thinning with scalp showing at crown/frontal scalp region","1","CROWN_THINNING_VISIBLE","trigram","0.600"
"CLINICAL_VISUAL_OBSERVATIONS","Visible hairline and forehead skin with sheen","1","HAIRLINE_VISIBLE","containment","1.000"
"CLINICAL_VISUAL_OBSERVATIONS","Visible hairline and forehead skin with sheen","1","FOREHEAD_LINES_VISIBLE","trigram","0.600"
"CLINICAL_VISUAL_OBSERVATIONS","Visible hairline and forehead skin with sheen","1","HAIRLINE_SHAPE","trigram","0.600"
"CLINICAL_VISUAL_OBSERVATIONS","Visible hairline and scalp area on forehead","1","SCALP_VISIBILITY","containment","1.000"
"CLINICAL_VISUAL_OBSERVATIONS","Visible hairline and scalp area on forehead","1","HAIRLINE_VISIBLE","containment","1.000"
"CLINICAL_VISUAL_OBSERVATIONS","Visible hairline and scalp area on forehead","1","FOREHEAD_LINES_VISIBLE","trigram","0.600"
"CLINICAL_VISUAL_OBSERVATIONS","Visible hairline and scalp area on forehead","1","HAIRLINE_SHAPE","trigram","0.600"
"CLINICAL_VISUAL_OBSERVATIONS","Visible hairline and scalp under short hair","1","HAIRLINE_VISIBLE","containment","1.000"
"CLINICAL_VISUAL_OBSERVATIONS","Visible hairline and scalp under short hair","1","SCALP_VISIBILITY","containment","1.000"
"CLINICAL_VISUAL_OBSERVATIONS","Visible hairline and scalp under short hair","1","HAIRLINE_SHAPE","trigram","0.600"
"CLINICAL_VISUAL_OBSERVATIONS","Visible hairline and scalp with mixed gray/dark hair","1","HAIRLINE_VISIBLE","containment","1.000"
"CLINICAL_VISUAL_OBSERVATIONS","Visible hairline and scalp with mixed gray/dark hair","1","SCALP_VISIBILITY","containment","1.000"
"CLINICAL_VISUAL_OBSERVATIONS","Visible hairline and scalp with mixed gray/dark hair","1","HAIRLINE_SHAPE","trigram","0.600"
"CLINICAL_VISUAL_OBSERVATIONS","Visible hairline recession and crown thinning","1","HAIRLINE_VISIBLE","containment","1.000"
"CLINICAL_VISUAL_OBSERVATIONS","Visible hairline recession and crown thinning","1","CROWN_THINNING_VISIBLE","containment","1.000"
"CLINICAL_VISUAL_OBSERVATIONS","Visible hairline recession and crown thinning","1","HAIRLINE_SHAPE","trigram","0.600"
"CLINICAL_VISUAL_OBSERVATIONS","Visible hairline recession and reduced hair density at crown","1","HAIR_DENSITY_VISUAL","containment","1.000"
"CLINICAL_VISUAL_OBSERVATIONS","Visible hairline recession and reduced hair density at crown","1","HAIRLINE_VISIBLE","containment","1.000"
"CLINICAL_VISUAL_OBSERVATIONS","Visible hairline recession and reduced hair density at crown","1","HAIRLINE_SHAPE","trigram","0.600"
"CLINICAL_VISUAL_OBSERVATIONS","Visible hairline recession and scalp exposure at crown/temple","1","HAIRLINE_VISIBLE","containment","1.000"
"CLINICAL_VISUAL_OBSERVATIONS","Visible hairline recession and scalp exposure at crown/temple","1","SCALP_VISIBILITY","containment","1.000"
"CLINICAL_VISUAL_OBSERVATIONS","Visible hairline recession and scalp exposure at crown/temple","1","HAIRLINE_SHAPE","trigram","0.600"
"CLINICAL_VISUAL_OBSERVATIONS","Visible hairline recession and scalp exposure at temple/frontal area","1","SCALP_VISIBILITY","containment","1.000"
"CLINICAL_VISUAL_OBSERVATIONS","Visible hairline recession and scalp exposure at temple/frontal area","1","HAIRLINE_VISIBLE","containment","1.000"
"CLINICAL_VISUAL_OBSERVATIONS","Visible hairline recession and scalp exposure at temple/frontal area","1","HAIRLINE_SHAPE","trigram","0.600"
"CLINICAL_VISUAL_OBSERVATIONS","Visible hairline recession and scalp exposure at the temple","1","SCALP_VISIBILITY","containment","1.000"
"CLINICAL_VISUAL_OBSERVATIONS","Visible hairline recession and scalp exposure at the temple","1","HAIRLINE_VISIBLE","containment","1.000"
"CLINICAL_VISUAL_OBSERVATIONS","Visible hairline recession and scalp exposure at the temple","1","HAIRLINE_SHAPE","trigram","0.600"
"CLINICAL_VISUAL_OBSERVATIONS","Visible hairline recession and scalp sheen at temple/forehead area","1","SCALP_VISIBILITY","containment","1.000"
"CLINICAL_VISUAL_OBSERVATIONS","Visible hairline recession and scalp sheen at temple/forehead area","1","HAIRLINE_VISIBLE","containment","1.000"
"CLINICAL_VISUAL_OBSERVATIONS","Visible hairline recession and scalp sheen at temple/forehead area","1","FOREHEAD_LINES_VISIBLE","trigram","0.600"
"CLINICAL_VISUAL_OBSERVATIONS","Visible hairline recession and scalp sheen at temple/forehead area","1","HAIRLINE_SHAPE","trigram","0.600"
"CLINICAL_VISUAL_OBSERVATIONS","Visible hairline recession and scalp show-through at the front hairline","1","SCALP_VISIBILITY","containment","1.000"
"CLINICAL_VISUAL_OBSERVATIONS","Visible hairline recession and scalp show-through at the front hairline","1","HAIRLINE_VISIBLE","containment","1.000"
"CLINICAL_VISUAL_OBSERVATIONS","Visible hairline recession and scalp show-through at the front hairline","1","HAIRLINE_SHAPE","trigram","0.600"
"CLINICAL_VISUAL_OBSERVATIONS","Visible hairline recession and scalp thinning at temples","1","HAIRLINE_VISIBLE","containment","1.000"
"CLINICAL_VISUAL_OBSERVATIONS","Visible hairline recession and scalp thinning at temples","1","SCALP_VISIBILITY","containment","1.000"
"CLINICAL_VISUAL_OBSERVATIONS","Visible hairline recession and scalp thinning at temples","1","MIDSCALP_THINNING_VISIBLE","trigram","0.722"
"CLINICAL_VISUAL_OBSERVATIONS","Visible hairline recession and scalp thinning at temples","1","HAIRLINE_SHAPE","trigram","0.600"
"CLINICAL_VISUAL_OBSERVATIONS","Visible hairline recession and scalp thinning at temples","1","CROWN_THINNING_VISIBLE","trigram","0.600"
"CLINICAL_VISUAL_OBSERVATIONS","Visible hairline recession and thinning at crown/part area","1","HAIRLINE_VISIBLE","containment","1.000"
"CLINICAL_VISUAL_OBSERVATIONS","Visible hairline recession and thinning at crown/part area","1","CROWN_THINNING_VISIBLE","trigram","0.833"
"CLINICAL_VISUAL_OBSERVATIONS","Visible hairline recession and thinning at crown/part area","1","HAIRLINE_SHAPE","trigram","0.600"
"CLINICAL_VISUAL_OBSERVATIONS","Visible hairline recession and thinning at frontal scalp","1","SCALP_VISIBILITY","containment","1.000"
"CLINICAL_VISUAL_OBSERVATIONS","Visible hairline recession and thinning at frontal scalp","1","HAIRLINE_VISIBLE","containment","1.000"
"CLINICAL_VISUAL_OBSERVATIONS","Visible hairline recession and thinning at frontal scalp","1","FRONTAL_THINNING_VISIBLE","trigram","0.850"
"CLINICAL_VISUAL_OBSERVATIONS","Visible hairline recession and thinning at frontal scalp","1","HAIRLINE_SHAPE","trigram","0.600"
"CLINICAL_VISUAL_OBSERVATIONS","Visible hairline recession and thinning at frontal scalp","1","CROWN_THINNING_VISIBLE","trigram","0.600"
"CLINICAL_VISUAL_OBSERVATIONS","Visible hairline recession and thinning at frontal/crown scalp area","1","HAIRLINE_VISIBLE","containment","1.000"
"CLINICAL_VISUAL_OBSERVATIONS","Visible hairline recession and thinning at frontal/crown scalp area","1","SCALP_VISIBILITY","containment","1.000"
"CLINICAL_VISUAL_OBSERVATIONS","Visible hairline recession and thinning at frontal/crown scalp area","1","FRONTAL_THINNING_VISIBLE","trigram","0.850"
"CLINICAL_VISUAL_OBSERVATIONS","Visible hairline recession and thinning at frontal/crown scalp area","1","HAIRLINE_SHAPE","trigram","0.600"
"CLINICAL_VISUAL_OBSERVATIONS","Visible hairline recession and thinning at frontal/crown scalp area","1","CROWN_THINNING_VISIBLE","trigram","0.600"
"CLINICAL_VISUAL_OBSERVATIONS","Visible hairline recession and thinning hair at crown/temple","1","HAIRLINE_VISIBLE","containment","1.000"
"CLINICAL_VISUAL_OBSERVATIONS","Visible hairline recession and thinning hair at crown/temple","1","CROWN_THINNING_VISIBLE","trigram","0.652"
"CLINICAL_VISUAL_OBSERVATIONS","Visible hairline recession and thinning hair at crown/temple","1","HAIRLINE_SHAPE","trigram","0.600"
"CLINICAL_VISUAL_OBSERVATIONS","Visible hairline recession at temple/frontal scalp","1","HAIRLINE_VISIBLE","containment","1.000"
"CLINICAL_VISUAL_OBSERVATIONS","Visible hairline recession at temple/frontal scalp","1","SCALP_VISIBILITY","containment","1.000"
"CLINICAL_VISUAL_OBSERVATIONS","Visible hairline recession at temple/frontal scalp","1","TEMPORAL_RECESSION_VISIBLE","trigram","0.636"
"CLINICAL_VISUAL_OBSERVATIONS","Visible hairline recession at temple/frontal scalp","1","HAIRLINE_SHAPE","trigram","0.600"
"CLINICAL_VISUAL_OBSERVATIONS","Visible hairline recession at temples and glossy/sheen forehead skin","1","HAIRLINE_VISIBLE","containment","1.000"
"CLINICAL_VISUAL_OBSERVATIONS","Visible hairline recession at temples and glossy/sheen forehead skin","1","TEMPORAL_RECESSION_VISIBLE","trigram","0.636"
"CLINICAL_VISUAL_OBSERVATIONS","Visible hairline recession at temples and glossy/sheen forehead skin","1","FOREHEAD_LINES_VISIBLE","trigram","0.600"
"CLINICAL_VISUAL_OBSERVATIONS","Visible hairline recession at temples and glossy/sheen forehead skin","1","HAIRLINE_SHAPE","trigram","0.600"
"CLINICAL_VISUAL_OBSERVATIONS","Visible hairline recession at the temples and forehead","1","HAIRLINE_VISIBLE","containment","1.000"
"CLINICAL_VISUAL_OBSERVATIONS","Visible hairline recession at the temples and forehead","1","FOREHEAD_LINES_VISIBLE","trigram","0.600"
"CLINICAL_VISUAL_OBSERVATIONS","Visible hairline recession at the temples and forehead","1","HAIRLINE_SHAPE","trigram","0.600"
"CLINICAL_VISUAL_OBSERVATIONS","Visible hairline with sparser density at temple/crown area and gray hairs","1","HAIRLINE_VISIBLE","containment","1.000"
"CLINICAL_VISUAL_OBSERVATIONS","Visible hairline with sparser density at temple/crown area and gray hairs","1","HAIR_DENSITY_VISUAL","trigram","0.615"
"CLINICAL_VISUAL_OBSERVATIONS","Visible hairline with sparser density at temple/crown area and gray hairs","1","HAIRLINE_SHAPE","trigram","0.600"
"CLINICAL_VISUAL_OBSERVATIONS","Visible linear marks/texture along the hairline and forehead skin","1","HAIRLINE_VISIBLE","containment","1.000"
"CLINICAL_VISUAL_OBSERVATIONS","Visible linear marks/texture along the hairline and forehead skin","1","SKIN_TEXTURE_VISUAL","trigram","0.615"
"CLINICAL_VISUAL_OBSERVATIONS","Visible linear marks/texture along the hairline and forehead skin","1","FOREHEAD_LINES_VISIBLE","trigram","0.600"
"CLINICAL_VISUAL_OBSERVATIONS","Visible linear marks/texture along the hairline and forehead skin","1","HAIRLINE_SHAPE","trigram","0.600"
"CLINICAL_VISUAL_OBSERVATIONS","Visible low hair density over top and frontal scalp","1","HAIR_DENSITY_VISUAL","containment","1.000"
"CLINICAL_VISUAL_OBSERVATIONS","Visible low hair density over top and frontal scalp","1","SCALP_VISIBILITY","containment","1.000"
"CLINICAL_VISUAL_OBSERVATIONS","Visible male-pattern hair thinning at crown/hairline","1","HAIRLINE_VISIBLE","containment","1.000"
"CLINICAL_VISUAL_OBSERVATIONS","Visible male-pattern hair thinning at crown/hairline","1","CROWN_THINNING_VISIBLE","trigram","0.833"
"CLINICAL_VISUAL_OBSERVATIONS","Visible male-pattern hair thinning at crown/hairline","1","HAIRLINE_SHAPE","trigram","0.600"
"CLINICAL_VISUAL_OBSERVATIONS","Visible parting in hair with reddish tone at scalp near device tip","1","SCALP_VISIBILITY","containment","1.000"
"CLINICAL_VISUAL_OBSERVATIONS","Visible pattern of hair thinning with scalp exposure at the crown","1","SCALP_VISIBILITY","containment","1.000"
"CLINICAL_VISUAL_OBSERVATIONS","Visible pattern of hair thinning with scalp exposure at the crown","1","CROWN_THINNING_VISIBLE","trigram","0.600"
"CLINICAL_VISUAL_OBSERVATIONS","Visible pattern of hair thinning/loss at frontal and crown scalp","1","SCALP_VISIBILITY","containment","1.000"
"CLINICAL_VISUAL_OBSERVATIONS","Visible pattern of hair thinning/loss at frontal and crown scalp","1","FRONTAL_THINNING_VISIBLE","trigram","0.680"
"CLINICAL_VISUAL_OBSERVATIONS","Visible pattern of hair thinning/loss at frontal and crown scalp","1","CROWN_THINNING_VISIBLE","trigram","0.600"
"CLINICAL_VISUAL_OBSERVATIONS","Visible pattern of scalp hair loss with defined hairline border","1","HAIRLINE_VISIBLE","containment","1.000"
"CLINICAL_VISUAL_OBSERVATIONS","Visible pattern of scalp hair loss with defined hairline border","1","SCALP_VISIBILITY","containment","1.000"
"CLINICAL_VISUAL_OBSERVATIONS","Visible pattern of scalp hair loss with defined hairline border","1","HAIRLINE_SHAPE","trigram","0.600"
"CLINICAL_VISUAL_OBSERVATIONS","Visible pattern of scalp hair thinning at the crown","1","SCALP_VISIBILITY","containment","1.000"
"CLINICAL_VISUAL_OBSERVATIONS","Visible pattern of scalp hair thinning at the crown","1","CROWN_THINNING_VISIBLE","trigram","0.750"
"CLINICAL_VISUAL_OBSERVATIONS","Visible pores, mild redness, and small facial marks","1","REDNESS_VISIBLE","containment","1.000"
"CLINICAL_VISUAL_OBSERVATIONS","Visible pores, mild redness, and small facial marks","1","PORES_VISIBLE","trigram","0.800"
"CLINICAL_VISUAL_OBSERVATIONS","Visible pores, mild redness, small blemishes","1","REDNESS_VISIBLE","containment","1.000"
"CLINICAL_VISUAL_OBSERVATIONS","Visible pores, mild redness, small blemishes","1","PORES_VISIBLE","trigram","0.800"
"CLINICAL_VISUAL_OBSERVATIONS","Visible pores, mild redness, small blemishes on cheek/nose","1","REDNESS_VISIBLE","containment","1.000"
"CLINICAL_VISUAL_OBSERVATIONS","Visible pores, mild redness, small blemishes on cheek/nose","1","PORES_VISIBLE","trigram","0.800"
"CLINICAL_VISUAL_OBSERVATIONS","Visible pores, slight skin redness, oily sheen on skin","1","REDNESS_VISIBLE","containment","1.000"
"CLINICAL_VISUAL_OBSERVATIONS","Visible pores, slight skin redness, oily sheen on skin","1","PORES_VISIBLE","trigram","0.800"
"CLINICAL_VISUAL_OBSERVATIONS","Visible receding hairline and forehead skin texture","1","SKIN_TEXTURE_VISUAL","containment","1.000"
"CLINICAL_VISUAL_OBSERVATIONS","Visible receding hairline and forehead skin texture","1","HAIRLINE_VISIBLE","containment","1.000"
"CLINICAL_VISUAL_OBSERVATIONS","Visible receding hairline and forehead skin texture","1","HAIRLINE_SHAPE","trigram","0.600"
"CLINICAL_VISUAL_OBSERVATIONS","Visible receding hairline and forehead skin texture","1","FOREHEAD_LINES_VISIBLE","trigram","0.600"
"CLINICAL_VISUAL_OBSERVATIONS","Visible reduced hair density at crown","1","HAIR_DENSITY_VISUAL","containment","1.000"
"CLINICAL_VISUAL_OBSERVATIONS","Visible reduced hair density over frontal and top scalp","1","SCALP_VISIBILITY","containment","1.000"
"CLINICAL_VISUAL_OBSERVATIONS","Visible reduced hair density over frontal and top scalp","1","HAIR_DENSITY_VISUAL","containment","1.000"
"CLINICAL_VISUAL_OBSERVATIONS","Visible scalp along hairline and hair part","1","HAIRLINE_VISIBLE","containment","1.000"
"CLINICAL_VISUAL_OBSERVATIONS","Visible scalp along hairline and hair part","1","SCALP_VISIBILITY","containment","1.000"
"CLINICAL_VISUAL_OBSERVATIONS","Visible scalp along hairline and hair part","1","HAIRLINE_SHAPE","trigram","0.600"
"CLINICAL_VISUAL_OBSERVATIONS","Visible scalp area with reduced hair density at crown","1","HAIR_DENSITY_VISUAL","containment","1.000"
"CLINICAL_VISUAL_OBSERVATIONS","Visible scalp area with reduced hair density at crown","1","SCALP_VISIBILITY","containment","1.000"
"CLINICAL_VISUAL_OBSERVATIONS","Visible scalp part and hair strands under manipulation","1","SCALP_VISIBILITY","containment","1.000"
"CLINICAL_VISUAL_OBSERVATIONS","Visible scalp part with a small yellowish mark near the crown","1","SCALP_VISIBILITY","containment","1.000"
"CLINICAL_VISUAL_OBSERVATIONS","Visible scalp part with thinning at crown","1","SCALP_VISIBILITY","containment","1.000"
"CLINICAL_VISUAL_OBSERVATIONS","Visible scalp part with thinning at crown","1","CROWN_THINNING_VISIBLE","trigram","0.833"
"CLINICAL_VISUAL_OBSERVATIONS","Visible scalp part/thinning area at crown with surrounding denser hair","1","SCALP_VISIBILITY","containment","1.000"
"CLINICAL_VISUAL_OBSERVATIONS","Visible scalp part/thinning area at crown with surrounding denser hair","1","CROWN_THINNING_VISIBLE","trigram","0.682"
"CLINICAL_VISUAL_OBSERVATIONS","Visible scalp thinning and hair loss pattern","1","SCALP_VISIBILITY","containment","1.000"
"CLINICAL_VISUAL_OBSERVATIONS","Visible scalp thinning and hair loss pattern","1","MIDSCALP_THINNING_VISIBLE","trigram","0.722"
"CLINICAL_VISUAL_OBSERVATIONS","Visible scalp thinning and hair loss pattern","1","CROWN_THINNING_VISIBLE","trigram","0.600"
"CLINICAL_VISUAL_OBSERVATIONS","Visible scalp thinning and hair loss pattern at crown and hairline","1","SCALP_VISIBILITY","containment","1.000"
"CLINICAL_VISUAL_OBSERVATIONS","Visible scalp thinning and hair loss pattern at crown and hairline","1","HAIRLINE_VISIBLE","containment","1.000"
"CLINICAL_VISUAL_OBSERVATIONS","Visible scalp thinning and hair loss pattern at crown and hairline","1","MIDSCALP_THINNING_VISIBLE","trigram","0.722"
"CLINICAL_VISUAL_OBSERVATIONS","Visible scalp thinning and hair loss pattern at crown and hairline","1","CROWN_THINNING_VISIBLE","trigram","0.600"
"CLINICAL_VISUAL_OBSERVATIONS","Visible scalp thinning and hair loss pattern at crown and hairline","1","HAIRLINE_SHAPE","trigram","0.600"
"CLINICAL_VISUAL_OBSERVATIONS","Visible scalp thinning and widened crown part","1","SCALP_VISIBILITY","containment","1.000"
"CLINICAL_VISUAL_OBSERVATIONS","Visible scalp thinning and widened crown part","1","MIDSCALP_THINNING_VISIBLE","trigram","0.722"
"CLINICAL_VISUAL_OBSERVATIONS","Visible scalp thinning and widened crown part","1","CROWN_THINNING_VISIBLE","trigram","0.600"
"CLINICAL_VISUAL_OBSERVATIONS","Visible scalp thinning at crown and frontal hairline","1","SCALP_VISIBILITY","containment","1.000"
"CLINICAL_VISUAL_OBSERVATIONS","Visible scalp thinning at crown and frontal hairline","1","HAIRLINE_VISIBLE","containment","1.000"
"CLINICAL_VISUAL_OBSERVATIONS","Visible scalp thinning at crown and frontal hairline","1","CROWN_THINNING_VISIBLE","trigram","0.833"
"CLINICAL_VISUAL_OBSERVATIONS","Visible scalp thinning at crown and frontal hairline","1","MIDSCALP_THINNING_VISIBLE","trigram","0.722"
"CLINICAL_VISUAL_OBSERVATIONS","Visible scalp thinning at crown and frontal hairline","1","HAIRLINE_SHAPE","trigram","0.600"
"CLINICAL_VISUAL_OBSERVATIONS","Visible scalp thinning at crown/whorl area","1","SCALP_VISIBILITY","containment","1.000"
"CLINICAL_VISUAL_OBSERVATIONS","Visible scalp thinning at crown/whorl area","1","CROWN_THINNING_VISIBLE","trigram","0.833"
"CLINICAL_VISUAL_OBSERVATIONS","Visible scalp thinning at crown/whorl area","1","MIDSCALP_THINNING_VISIBLE","trigram","0.722"
"CLINICAL_VISUAL_OBSERVATIONS","Visible scalp thinning at frontal/temporal hairline","1","SCALP_VISIBILITY","containment","1.000"
"CLINICAL_VISUAL_OBSERVATIONS","Visible scalp thinning at frontal/temporal hairline","1","HAIRLINE_VISIBLE","containment","1.000"
"CLINICAL_VISUAL_OBSERVATIONS","Visible scalp thinning at frontal/temporal hairline","1","FRONTAL_THINNING_VISIBLE","trigram","0.850"
"CLINICAL_VISUAL_OBSERVATIONS","Visible scalp thinning at frontal/temporal hairline","1","MIDSCALP_THINNING_VISIBLE","trigram","0.722"
"CLINICAL_VISUAL_OBSERVATIONS","Visible scalp thinning at frontal/temporal hairline","1","CROWN_THINNING_VISIBLE","trigram","0.600"
"CLINICAL_VISUAL_OBSERVATIONS","Visible scalp thinning at frontal/temporal hairline","1","HAIRLINE_SHAPE","trigram","0.600"
"CLINICAL_VISUAL_OBSERVATIONS","Visible scalp thinning at frontal/temporal hairline and skin redness","1","HAIRLINE_VISIBLE","containment","1.000"
"CLINICAL_VISUAL_OBSERVATIONS","Visible scalp thinning at frontal/temporal hairline and skin redness","1","SCALP_VISIBILITY","containment","1.000"
"CLINICAL_VISUAL_OBSERVATIONS","Visible scalp thinning at frontal/temporal hairline and skin redness","1","REDNESS_VISIBLE","containment","1.000"
"CLINICAL_VISUAL_OBSERVATIONS","Visible scalp thinning at frontal/temporal hairline and skin redness","1","FRONTAL_THINNING_VISIBLE","trigram","0.850"
"CLINICAL_VISUAL_OBSERVATIONS","Visible scalp thinning at frontal/temporal hairline and skin redness","1","MIDSCALP_THINNING_VISIBLE","trigram","0.722"
"CLINICAL_VISUAL_OBSERVATIONS","Visible scalp thinning at frontal/temporal hairline and skin redness","1","HAIRLINE_SHAPE","trigram","0.600"
"CLINICAL_VISUAL_OBSERVATIONS","Visible scalp thinning at frontal/temporal hairline and skin redness","1","CROWN_THINNING_VISIBLE","trigram","0.600"
"CLINICAL_VISUAL_OBSERVATIONS","Visible scalp thinning at the crown/vertex","1","SCALP_VISIBILITY","containment","1.000"
"CLINICAL_VISUAL_OBSERVATIONS","Visible scalp thinning at the crown/vertex","1","CROWN_THINNING_VISIBLE","trigram","0.750"
"CLINICAL_VISUAL_OBSERVATIONS","Visible scalp thinning at the crown/vertex","1","MIDSCALP_THINNING_VISIBLE","trigram","0.722"
"CLINICAL_VISUAL_OBSERVATIONS","Visible scalp thinning pattern with sparse hair over crown","1","SCALP_VISIBILITY","containment","1.000"
"CLINICAL_VISUAL_OBSERVATIONS","Visible scalp thinning pattern with sparse hair over crown","1","MIDSCALP_THINNING_VISIBLE","trigram","0.722"
"CLINICAL_VISUAL_OBSERVATIONS","Visible scalp thinning pattern with sparse hair over crown","1","CROWN_THINNING_VISIBLE","trigram","0.600"
"CLINICAL_VISUAL_OBSERVATIONS","Visible scalp thinning/hair loss pattern at crown and frontal region","1","SCALP_VISIBILITY","containment","1.000"
"CLINICAL_VISUAL_OBSERVATIONS","Visible scalp thinning/hair loss pattern at crown and frontal region","1","MIDSCALP_THINNING_VISIBLE","trigram","0.722"
"CLINICAL_VISUAL_OBSERVATIONS","Visible scalp thinning/hair loss pattern at crown and frontal region","1","CROWN_THINNING_VISIBLE","trigram","0.600"
"CLINICAL_VISUAL_OBSERVATIONS","Visible scalp through hair at crown","1","SCALP_VISIBILITY","containment","1.000"
"CLINICAL_VISUAL_OBSERVATIONS","Visible scalp through hair at crown and hairline","1","HAIRLINE_VISIBLE","containment","1.000"
"CLINICAL_VISUAL_OBSERVATIONS","Visible scalp through hair at crown and hairline","1","SCALP_VISIBILITY","containment","1.000"
"CLINICAL_VISUAL_OBSERVATIONS","Visible scalp through hair at crown and hairline","1","HAIRLINE_SHAPE","trigram","0.600"
"CLINICAL_VISUAL_OBSERVATIONS","Visible scalp through reduced hair density near crown","1","SCALP_VISIBILITY","containment","1.000"
"CLINICAL_VISUAL_OBSERVATIONS","Visible scalp through reduced hair density near crown","1","HAIR_DENSITY_VISUAL","containment","1.000"
"CLINICAL_VISUAL_OBSERVATIONS","Visible scalp through thinning hair","1","SCALP_VISIBILITY","containment","1.000"
"CLINICAL_VISUAL_OBSERVATIONS","Visible scalp through thinning hair","1","CROWN_THINNING_VISIBLE","trigram","0.600"
"CLINICAL_VISUAL_OBSERVATIONS","Visible scalp through thinning hair at crown/frontal area","1","SCALP_VISIBILITY","containment","1.000"
"CLINICAL_VISUAL_OBSERVATIONS","Visible scalp through thinning hair at crown/frontal area","1","CROWN_THINNING_VISIBLE","trigram","0.652"
"CLINICAL_VISUAL_OBSERVATIONS","Visible scalp through upper central hair","1","SCALP_VISIBILITY","containment","1.000"
"CLINICAL_VISUAL_OBSERVATIONS","Visible scalp with hair whorl and yellow-marked line at crown","1","SCALP_VISIBILITY","containment","1.000"
"CLINICAL_VISUAL_OBSERVATIONS","Visible scalp with reduced hair density and mild discoloration","1","HAIR_DENSITY_VISUAL","containment","1.000"
"CLINICAL_VISUAL_OBSERVATIONS","Visible scalp with reduced hair density and mild discoloration","1","SCALP_VISIBILITY","containment","1.000"
"CLINICAL_VISUAL_OBSERVATIONS","Visible scalp with reduced hair density over the top","1","HAIR_DENSITY_VISUAL","containment","1.000"
"CLINICAL_VISUAL_OBSERVATIONS","Visible scalp with reduced hair density over the top","1","SCALP_VISIBILITY","containment","1.000"
"CLINICAL_VISUAL_OBSERVATIONS","Visible scalp/thinning at crown area","1","SCALP_VISIBILITY","containment","1.000"
"CLINICAL_VISUAL_OBSERVATIONS","Visible scalp/thinning at crown area","1","CROWN_THINNING_VISIBLE","trigram","0.833"
"CLINICAL_VISUAL_OBSERVATIONS","Visible scalp/thinning at crown area","1","MIDSCALP_THINNING_VISIBLE","trigram","0.722"
"CLINICAL_VISUAL_OBSERVATIONS","Visible skin redness, capillaries, and texture irregularities","1","REDNESS_VISIBLE","containment","1.000"
"CLINICAL_VISUAL_OBSERVATIONS","Visible skin redness, capillaries, and texture irregularities","1","SKIN_TEXTURE_VISUAL","trigram","0.615"
"CLINICAL_VISUAL_OBSERVATIONS","Visible skin redness/erythema and enlarged pores on nose and cheek","1","REDNESS_VISIBLE","containment","1.000"
"CLINICAL_VISUAL_OBSERVATIONS","Visible skin redness/erythema and enlarged pores on nose and cheek","1","PORES_VISIBLE","trigram","0.800"
"CLINICAL_VISUAL_OBSERVATIONS","Visible skin texture and pigmentation on facial area during device use","1","SKIN_TEXTURE_VISUAL","containment","1.000"
"CLINICAL_VISUAL_OBSERVATIONS","Visible skin texture and pigmentation on facial area during device use","1","PIGMENTATION_VISIBLE","containment","1.000"
"CLINICAL_VISUAL_OBSERVATIONS","Visible skin texture and sheen on forehead and nose","1","SKIN_TEXTURE_VISUAL","containment","1.000"
"CLINICAL_VISUAL_OBSERVATIONS","Visible skin texture and sheen on forehead and nose","1","FOREHEAD_LINES_VISIBLE","trigram","0.600"
"CLINICAL_VISUAL_OBSERVATIONS","Visible skin texture and sheen on patient's face","1","SKIN_TEXTURE_VISUAL","containment","1.000"
"CLINICAL_VISUAL_OBSERVATIONS","Visible skin texture, pores, and a red light spot","1","PORES_VISIBLE","trigram","1.000"
"CLINICAL_VISUAL_OBSERVATIONS","Visible skin texture, pores, and a red light spot","1","SKIN_TEXTURE_VISUAL","containment","1.000"
"CLINICAL_VISUAL_OBSERVATIONS","Visible skin with stubble, no redness or bruising apparent","1","REDNESS_VISIBLE","containment","1.000"
"CLINICAL_VISUAL_OBSERVATIONS","Visible sparse coverage over frontal and top scalp","1","SCALP_VISIBILITY","containment","1.000"
"CLINICAL_VISUAL_OBSERVATIONS","Visible sparse frontal and central scalp hair","1","SCALP_VISIBILITY","containment","1.000"
"CLINICAL_VISUAL_OBSERVATIONS","Visible thinning and scalp exposure at crown","1","SCALP_VISIBILITY","containment","1.000"
"CLINICAL_VISUAL_OBSERVATIONS","Visible thinning and scalp exposure at crown","1","CROWN_THINNING_VISIBLE","trigram","0.600"
"CLINICAL_VISUAL_OBSERVATIONS","Visible thinning and scalp markings","1","SCALP_VISIBILITY","containment","1.000"
"CLINICAL_VISUAL_OBSERVATIONS","Visible thinning and scalp markings","1","CROWN_THINNING_VISIBLE","trigram","0.600"
"CLINICAL_VISUAL_OBSERVATIONS","Visible thinning and scalp show at crown/mid-scalp with small reddish marks","1","SCALP_VISIBILITY","containment","1.000"
"CLINICAL_VISUAL_OBSERVATIONS","Visible thinning and scalp show at crown/mid-scalp with small reddish marks","1","CROWN_THINNING_VISIBLE","trigram","0.600"
"CLINICAL_VISUAL_OBSERVATIONS","Visible thinning hair and exposed scalp at the crown","1","SCALP_VISIBILITY","containment","1.000"
"CLINICAL_VISUAL_OBSERVATIONS","Visible thinning hair and exposed scalp at the crown","1","CROWN_THINNING_VISIBLE","trigram","0.600"
"CLINICAL_VISUAL_OBSERVATIONS","Visible thinning hair and scalp exposure at crown/frontal area","1","SCALP_VISIBILITY","containment","1.000"
"CLINICAL_VISUAL_OBSERVATIONS","Visible thinning hair and scalp exposure at crown/frontal area","1","CROWN_THINNING_VISIBLE","trigram","0.600"
"CLINICAL_VISUAL_OBSERVATIONS","Visible thinning hair and scalp exposure at frontal/mid-scalp area","1","SCALP_VISIBILITY","containment","1.000"
"CLINICAL_VISUAL_OBSERVATIONS","Visible thinning hair and scalp exposure at frontal/mid-scalp area","1","CROWN_THINNING_VISIBLE","trigram","0.600"
"CLINICAL_VISUAL_OBSERVATIONS","Visible thinning or exposed scalp at crown parting","1","SCALP_VISIBILITY","containment","1.000"
"CLINICAL_VISUAL_OBSERVATIONS","Visible thinning or exposed scalp at crown parting","1","CROWN_THINNING_VISIBLE","trigram","0.600"
"CLINICAL_VISUAL_OBSERVATIONS","Visible thinning/balding at the crown with surrounding curlier hair","1","CROWN_THINNING_VISIBLE","trigram","0.600"
"CLINICAL_VISUAL_OBSERVATIONS","Visible thinning/graying hair at the crown","1","CROWN_THINNING_VISIBLE","trigram","0.600"
"CLINICAL_VISUAL_OBSERVATIONS","Visible thinning/lighter area near the crown","1","CROWN_THINNING_VISIBLE","trigram","0.600"
"CLINICAL_VISUAL_OBSERVATIONS","Visible thinning/scalp show at the crown whorl","1","SCALP_VISIBILITY","containment","1.000"
"CLINICAL_VISUAL_OBSERVATIONS","Visible thinning/scalp show at the crown whorl","1","MIDSCALP_THINNING_VISIBLE","trigram","0.650"
"CLINICAL_VISUAL_OBSERVATIONS","Visible thinning/scalp show at the crown whorl","1","CROWN_THINNING_VISIBLE","trigram","0.600"
"CLINICAL_VISUAL_OBSERVATIONS","Visible thinning/scalp show-through at crown","1","SCALP_VISIBILITY","containment","1.000"
"CLINICAL_VISUAL_OBSERVATIONS","Visible thinning/scalp show-through at crown","1","MIDSCALP_THINNING_VISIBLE","trigram","0.650"
"CLINICAL_VISUAL_OBSERVATIONS","Visible thinning/scalp show-through at crown","1","CROWN_THINNING_VISIBLE","trigram","0.600"
"CLINICAL_VISUAL_OBSERVATIONS","Visible thinning/scalp show-through at the crown","1","SCALP_VISIBILITY","containment","1.000"
"CLINICAL_VISUAL_OBSERVATIONS","Visible thinning/scalp show-through at the crown","1","MIDSCALP_THINNING_VISIBLE","trigram","0.650"
"CLINICAL_VISUAL_OBSERVATIONS","Visible thinning/scalp show-through at the crown","1","CROWN_THINNING_VISIBLE","trigram","0.600"
"CLINICAL_VISUAL_OBSERVATIONS","Visible thinning/sparser hair at crown and central scalp","1","SCALP_VISIBILITY","containment","1.000"
"CLINICAL_VISUAL_OBSERVATIONS","Visible thinning/sparser hair at crown and central scalp","1","CROWN_THINNING_VISIBLE","trigram","0.600"
"CLINICAL_VISUAL_OBSERVATIONS","Visible under-eye darkening and mild eye asymmetry","1","BROW_ASYMMETRY","trigram","0.667"
"CLINICAL_VISUAL_OBSERVATIONS","Visible under-eye darkening and mild eye asymmetry","1","UNDER_EYE_LINES","trigram","0.625"
"CLINICAL_VISUAL_OBSERVATIONS","Visible under-eye puffiness and discoloration","1","UNDER_EYE_LINES","trigram","0.625"
"CLINICAL_VISUAL_OBSERVATIONS","Visibly sparse frontal and upper-scalp hair coverage","1","SCALP_VISIBILITY","containment","1.000"
"CLINICAL_VISUAL_OBSERVATIONS","Widespread punctate scalp redness and marks","1","REDNESS_VISIBLE","containment","1.000"
"CLINICAL_VISUAL_OBSERVATIONS","Widespread punctate scalp redness and marks","1","SCALP_VISIBILITY","containment","1.000"
"CLINICAL_VISUAL_OBSERVATIONS","Woman's skin appears smooth with visible sheen, slight redness on lower lip","1","REDNESS_VISIBLE","containment","1.000"
"CLINICAL_VISUAL_OBSERVATIONS","Yellow light emission and skin texture visible","1","SKIN_TEXTURE_VISUAL","containment","1.000"
"CLINICAL_VISUAL_OBSERVATIONS","Yellow light emission on skin, glossy/reflective facial skin texture","1","SKIN_TEXTURE_VISUAL","containment","1.000"
"CLINICAL_VISUAL_OBSERVATIONS","Yellow-orange antiseptic staining and acne marks on skin","1","ACNE_VISIBLE","containment","1.000"
"ENVIRONMENT","Clinical setting with blue drape","5","CLINIC","trigram","0.857"
"ENVIRONMENT","Clinical setting with drapes and towel","4","CLINIC","trigram","0.857"
"ENVIRONMENT","Indoor clinical setting","4","CLINIC","trigram","0.857"
"ENVIRONMENT","Clinical setting with drape and towel","3","CLINIC","trigram","0.857"
"ENVIRONMENT","Clinical setting with draped towels","3","CLINIC","trigram","0.857"
"ENVIRONMENT","Indoor clinical room","3","CLINIC","trigram","0.857"
"ENVIRONMENT","Indoor clinical treatment room","3","TREATMENT_ROOM","containment","1.000"
"ENVIRONMENT","Indoor clinical treatment room","3","CLINIC","trigram","0.857"
"ENVIRONMENT","Clinic hallway with marble floor and certificate wall","2","CLINIC","containment","1.000"
"ENVIRONMENT","Clinic reception area with certificates and decor","2","CLINIC","containment","1.000"
"ENVIRONMENT","Clinic reception area with certificates and decor","2","RECEPTION","containment","1.000"
"ENVIRONMENT","Clinical room with cabinetry and utility sink","2","CLINIC","trigram","0.857"
"ENVIRONMENT","Clinical setting with blue drape background","2","CLINIC","trigram","0.857"
"ENVIRONMENT","Clinical setting with blue drape/covering","2","CLINIC","trigram","0.857"
"ENVIRONMENT","Clinical setting with cloth drape","2","CLINIC","trigram","0.857"
"ENVIRONMENT","Clinical setting with draping","2","CLINIC","trigram","0.857"
"ENVIRONMENT","Clinical setting with draping and towels","2","CLINIC","trigram","0.857"
"ENVIRONMENT","Clinical setting with surgical drape","2","CLINIC","trigram","0.857"
"ENVIRONMENT","Clinical setting with towel and drape","2","CLINIC","trigram","0.857"
"ENVIRONMENT","Clinical setting with towel drape and blue material in background","2","CLINIC","trigram","0.857"
"ENVIRONMENT","Clinical setting with towel draping","2","CLINIC","trigram","0.857"
"ENVIRONMENT","Clinical-style room with beige walls and wall fixture","2","CLINIC","trigram","0.857"
"ENVIRONMENT","Indoor clinic room with blinds and medical furniture","2","CLINIC","containment","1.000"
"ENVIRONMENT","Indoor clinic-style room","2","CLINIC","containment","1.000"
"ENVIRONMENT","Indoor clinical room with blinds","2","CLINIC","trigram","0.857"
"ENVIRONMENT","Indoor clinical room with tiled wall","2","CLINIC","trigram","0.857"
"ENVIRONMENT","Indoor clinical room with white and red paneled wall","2","CLINIC","trigram","0.857"
"ENVIRONMENT","Indoor clinical setting with blurred equipment","2","CLINIC","trigram","0.857"
"ENVIRONMENT","Indoor clinical-style room","2","CLINIC","trigram","0.857"
"ENVIRONMENT","Indoor clinical-style setting","2","CLINIC","trigram","0.857"
"ENVIRONMENT","Indoor clinical/medical room","2","CLINIC","trigram","0.857"
"ENVIRONMENT","Plain indoor clinical setting","2","CLINIC","trigram","0.857"
"ENVIRONMENT","Bathroom/clinic-like setting with cabinets and equipment","1","CLINIC","containment","1.000"
"ENVIRONMENT","Blue medical drape backdrop suggesting clinical setting","1","CLINIC","trigram","0.857"
"ENVIRONMENT","Blue surface in background suggests clinical setting","1","CLINIC","trigram","0.857"
"ENVIRONMENT","Bright clinical-looking interior","1","CLINIC","trigram","0.857"
"ENVIRONMENT","Bright indoor clinical-looking room","1","CLINIC","trigram","0.857"
"ENVIRONMENT","Bright room with blue chair covering and clinical-style furnishings","1","CLINIC","trigram","0.857"
"ENVIRONMENT","Clinic consultation room","1","CLINIC","containment","1.000"
"ENVIRONMENT","Clinic consultation room","1","CONSULTATION_ROOM","containment","1.000"
"ENVIRONMENT","Clinic consultation room with desk, monitor, and supplies","1","CLINIC","containment","1.000"
"ENVIRONMENT","Clinic consultation room with desk, monitor, and supplies","1","CONSULTATION_ROOM","containment","1.000"
"ENVIRONMENT","Clinic hallway with marble flooring and certificate wall","1","CLINIC","containment","1.000"
"ENVIRONMENT","Clinic office setting with framed certificates on wall","1","OFFICE","containment","1.000"
"ENVIRONMENT","Clinic office setting with framed certificates on wall","1","CLINIC","containment","1.000"
"ENVIRONMENT","Clinic or salon room with patterned walls and glass panel","1","CLINIC","containment","1.000"
"ENVIRONMENT","Clinic reception area","1","RECEPTION","containment","1.000"
"ENVIRONMENT","Clinic reception area","1","CLINIC","containment","1.000"
"ENVIRONMENT","Clinic reception area with certificates, air conditioner, flowers","1","CLINIC","containment","1.000"
"ENVIRONMENT","Clinic reception area with certificates, air conditioner, flowers","1","RECEPTION","containment","1.000"
"ENVIRONMENT","Clinic reception area with marble floor and promotional signage","1","RECEPTION","containment","1.000"
"ENVIRONMENT","Clinic reception area with marble floor and promotional signage","1","CLINIC","containment","1.000"
"ENVIRONMENT","Clinic reception area with wall-mounted certificates and decor","1","CLINIC","containment","1.000"
"ENVIRONMENT","Clinic reception area with wall-mounted certificates and decor","1","RECEPTION","containment","1.000"
"ENVIRONMENT","Clinic reception area with wood paneling and marble floor","1","RECEPTION","containment","1.000"
"ENVIRONMENT","Clinic reception area with wood paneling and marble floor","1","CLINIC","containment","1.000"
"ENVIRONMENT","Clinic reception lobby","1","RECEPTION","containment","1.000"
"ENVIRONMENT","Clinic reception lobby","1","CLINIC","containment","1.000"
"ENVIRONMENT","Clinic reception/office interior","1","OFFICE","containment","1.000"
"ENVIRONMENT","Clinic reception/office interior","1","RECEPTION","containment","1.000"
"ENVIRONMENT","Clinic reception/office interior","1","CLINIC","containment","1.000"
"ENVIRONMENT","Clinic room interior","1","CLINIC","containment","1.000"
"ENVIRONMENT","Clinic room with floral wallpaper and white cabinets","1","CLINIC","containment","1.000"
"ENVIRONMENT","Clinic room with medical equipment","1","CLINIC","containment","1.000"
"ENVIRONMENT","Clinic room with patterned wall","1","CLINIC","containment","1.000"
"ENVIRONMENT","Clinic room with patterned wallpaper and wall clock","1","CLINIC","containment","1.000"
"ENVIRONMENT","Clinic room with tiled wall and red accent","1","CLINIC","containment","1.000"
"ENVIRONMENT","Clinic room with wall panel and AC control","1","CLINIC","containment","1.000"
"ENVIRONMENT","Clinic room with wall-mounted AC unit","1","CLINIC","containment","1.000"
"ENVIRONMENT","Clinic-like room with equipment carts","1","CLINIC","containment","1.000"
"ENVIRONMENT","Clinic-style interior room","1","CLINIC","containment","1.000"
"ENVIRONMENT","Clinic-style interior setting","1","CLINIC","containment","1.000"
"ENVIRONMENT","Clinic-style office room","1","OFFICE","containment","1.000"
"ENVIRONMENT","Clinic-style office room","1","CLINIC","containment","1.000"
"ENVIRONMENT","Clinic-style room setting","1","CLINIC","containment","1.000"
"ENVIRONMENT","Clinic-style room with textured wall and AC remote","1","CLINIC","containment","1.000"
"ENVIRONMENT","Clinic/salon interior with frosted floral glass panel and textured wall","1","CLINIC","containment","1.000"
"ENVIRONMENT","Clinic/spa reception with marble floor and wood paneling","1","CLINIC","containment","1.000"
"ENVIRONMENT","Clinic/spa reception with marble floor and wood paneling","1","RECEPTION","containment","1.000"
"ENVIRONMENT","Clinic/spa reception with wood paneling and marble floor","1","RECEPTION","containment","1.000"
"ENVIRONMENT","Clinic/spa reception with wood paneling and marble floor","1","CLINIC","containment","1.000"
"ENVIRONMENT","Clinical bed setting with drape and linens","1","CLINIC","trigram","0.857"
"ENVIRONMENT","Clinical exam room setting","1","CLINIC","trigram","0.857"
"ENVIRONMENT","Clinical indoor setting","1","CLINIC","trigram","0.857"
"ENVIRONMENT","Clinical indoor setting implied by attire","1","CLINIC","trigram","0.857"
"ENVIRONMENT","Clinical or medical setting","1","CLINIC","trigram","0.857"
"ENVIRONMENT","Clinical or medical spa room","1","CLINIC","trigram","0.857"
"ENVIRONMENT","Clinical or medical spa room with sink","1","CLINIC","trigram","0.857"
"ENVIRONMENT","Clinical or salon setting with equipment in background","1","CLINIC","trigram","0.857"
"ENVIRONMENT","Clinical or salon-like indoor setting with equipment","1","CLINIC","trigram","0.857"
"ENVIRONMENT","Clinical or salon-like setting with equipment","1","CLINIC","trigram","0.857"
"ENVIRONMENT","Clinical or salon-style room with equipment","1","CLINIC","trigram","0.857"
"ENVIRONMENT","Clinical or spa-like room with sink and tiled walls","1","CLINIC","trigram","0.857"
"ENVIRONMENT","Clinical or spa-like setting with blue drapes","1","CLINIC","trigram","0.857"
"ENVIRONMENT","Clinical or spa-like setting with draping cloth and towel","1","CLINIC","trigram","0.857"
"ENVIRONMENT","Clinical room labeled ROOM 4 with plastic-wrapped wall","1","CLINIC","trigram","0.857"
"ENVIRONMENT","Clinical room setting","1","CLINIC","trigram","0.857"
"ENVIRONMENT","Clinical room setting with quilted cloth backdrop","1","CLINIC","trigram","0.857"
"ENVIRONMENT","Clinical room with counter, sink, and drapes","1","CLINIC","trigram","0.857"
"ENVIRONMENT","Clinical room with drapes and headlight","1","CLINIC","trigram","0.857"
"ENVIRONMENT","Clinical room with equipment","1","CLINIC","trigram","0.857"
"ENVIRONMENT","Clinical room with equipment cart","1","CLINIC","trigram","0.857"
"ENVIRONMENT","Clinical room with IV stand and light-colored walls","1","CLINIC","trigram","0.857"
"ENVIRONMENT","Clinical room with marble-look flooring and equipment cart","1","CLINIC","trigram","0.857"
"ENVIRONMENT","Clinical room with medical chair and tiled wall","1","CLINIC","trigram","0.857"
"ENVIRONMENT","Clinical room with medical equipment and plain wall","1","CLINIC","trigram","0.857"
"ENVIRONMENT","Clinical room with signage and supply shelf","1","CLINIC","trigram","0.857"
"ENVIRONMENT","Clinical room with stool and cart","1","CLINIC","trigram","0.857"
"ENVIRONMENT","Clinical room with striped backlit panel","1","CLINIC","trigram","0.857"
"ENVIRONMENT","Clinical room with supplies in background","1","CLINIC","trigram","0.857"
"ENVIRONMENT","Clinical room with wallpaper and wall clock","1","CLINIC","trigram","0.857"
"ENVIRONMENT","Clinical room with wallpaper, clock, and cabinetry","1","CLINIC","trigram","0.857"
"ENVIRONMENT","Clinical room with white walls and a small sink counter","1","CLINIC","trigram","0.857"
"ENVIRONMENT","Clinical setting implied by bright focused lighting","1","CLINIC","trigram","0.857"
"ENVIRONMENT","Clinical setting indicated by blue drape and teal-colored background element","1","CLINIC","trigram","0.857"
"ENVIRONMENT","Clinical setting indicated by blue drape/towel","1","CLINIC","trigram","0.857"
"ENVIRONMENT","Clinical setting indicated by blue towel","1","CLINIC","trigram","0.857"
"ENVIRONMENT","Clinical setting indicated by gloves and a blue cloth/towel","1","CLINIC","trigram","0.857"
"ENVIRONMENT","Clinical setting indicated by gloves and blue cloth","1","CLINIC","trigram","0.857"
"ENVIRONMENT","Clinical setting indicated by gloves and drape","1","CLINIC","trigram","0.857"
"ENVIRONMENT","Clinical setting indicated by gloves and equipment","1","CLINIC","trigram","0.857"
"ENVIRONMENT","Clinical setting indicated by gloves, instrument, and blue cloth/towel","1","CLINIC","trigram","0.857"
"ENVIRONMENT","Clinical setting indicated by gloves, instrument, and blue drape","1","CLINIC","trigram","0.857"
"ENVIRONMENT","Clinical setting indicated by gloves, metal instrument, and towel drape","1","CLINIC","trigram","0.857"
"ENVIRONMENT","Clinical setting inferred from blue drape and gloved hands","1","CLINIC","trigram","0.857"
"ENVIRONMENT","Clinical setting inferred from equipment","1","CLINIC","trigram","0.857"
"ENVIRONMENT","Clinical setting inferred from gloves and blurred background","1","CLINIC","trigram","0.857"
"ENVIRONMENT","Clinical setting inferred from gloves and cabled device","1","CLINIC","trigram","0.857"
"ENVIRONMENT","Clinical setting inferred from gloves, cables, and instrument","1","CLINIC","trigram","0.857"
"ENVIRONMENT","Clinical setting inferred from gloves, goggles, dark blue drape","1","CLINIC","trigram","0.857"
"ENVIRONMENT","Clinical setting suggested by blue drape","1","CLINIC","trigram","0.857"
"ENVIRONMENT","Clinical setting suggested by cloth and gloves","1","CLINIC","trigram","0.857"
"ENVIRONMENT","Clinical setting with a blue drape and green towel","1","CLINIC","trigram","0.857"
"ENVIRONMENT","Clinical setting with backlit striped panel","1","CLINIC","trigram","0.857"
"ENVIRONMENT","Clinical setting with blue cloth/drape","1","CLINIC","trigram","0.857"
"ENVIRONMENT","Clinical setting with blue cloth/drape visible","1","CLINIC","trigram","0.857"
"ENVIRONMENT","Clinical setting with blue covering material","1","CLINIC","trigram","0.857"
"ENVIRONMENT","Clinical setting with blue drape and basin","1","CLINIC","trigram","0.857"
"ENVIRONMENT","Clinical setting with blue drape and bowl","1","CLINIC","trigram","0.857"
"ENVIRONMENT","Clinical setting with blue drape and bowl of liquid","1","CLINIC","trigram","0.857"
"ENVIRONMENT","Clinical setting with blue drape and equipment","1","CLINIC","trigram","0.857"
"ENVIRONMENT","Clinical setting with blue drape and green towel","1","CLINIC","trigram","0.857"
"ENVIRONMENT","Clinical setting with blue drape and patterned gown","1","CLINIC","trigram","0.857"
"ENVIRONMENT","Clinical setting with blue drape material visible in background","1","CLINIC","trigram","0.857"
"ENVIRONMENT","Clinical setting with blue drape/covering visible","1","CLINIC","trigram","0.857"
"ENVIRONMENT","Clinical setting with blue drape/fabric","1","CLINIC","trigram","0.857"
"ENVIRONMENT","Clinical setting with blue drapes and a green towel","1","CLINIC","trigram","0.857"
"ENVIRONMENT","Clinical setting with blue drapes and a towel","1","CLINIC","trigram","0.857"
"ENVIRONMENT","Clinical setting with blue draping in the background","1","CLINIC","trigram","0.857"
"ENVIRONMENT","Clinical setting with blue pillow/drape","1","CLINIC","trigram","0.857"
"ENVIRONMENT","Clinical setting with blue positioning pillow","1","CLINIC","trigram","0.857"
"ENVIRONMENT","Clinical setting with cloth draping and blue surface in background","1","CLINIC","trigram","0.857"
"ENVIRONMENT","Clinical setting with dark backdrop and towel","1","CLINIC","trigram","0.857"
"ENVIRONMENT","Clinical setting with dark cushioned surface and blue drape","1","CLINIC","trigram","0.857"
"ENVIRONMENT","Clinical setting with dark headrest and blue towel","1","CLINIC","trigram","0.857"
"ENVIRONMENT","Clinical setting with dark headrest and cloth","1","CLINIC","trigram","0.857"
"ENVIRONMENT","Clinical setting with drape","1","CLINIC","trigram","0.857"
"ENVIRONMENT","Clinical setting with drape and bowl","1","CLINIC","trigram","0.857"
"ENVIRONMENT","Clinical setting with drape and equipment in background","1","CLINIC","trigram","0.857"
"ENVIRONMENT","Clinical setting with drape visible","1","CLINIC","trigram","0.857"
"ENVIRONMENT","Clinical setting with draped cloths","1","CLINIC","trigram","0.857"
"ENVIRONMENT","Clinical setting with draped towels and equipment cable","1","CLINIC","trigram","0.857"
"ENVIRONMENT","Clinical setting with drapes","1","CLINIC","trigram","0.857"
"ENVIRONMENT","Clinical setting with drapes and bowl","1","CLINIC","trigram","0.857"
"ENVIRONMENT","Clinical setting with drapes and padding","1","CLINIC","trigram","0.857"
"ENVIRONMENT","Clinical setting with draping visible","1","CLINIC","trigram","0.857"
"ENVIRONMENT","Clinical setting with IV pole and plain white wall","1","CLINIC","trigram","0.857"
"ENVIRONMENT","Clinical setting with medical drapes and bedding","1","CLINIC","trigram","0.857"
"ENVIRONMENT","Clinical setting with medical equipment","1","CLINIC","trigram","0.857"
"ENVIRONMENT","Clinical setting with patient draped in towels","1","CLINIC","trigram","0.857"
"ENVIRONMENT","Clinical setting with patient reclined on a table draped with towels","1","CLINIC","trigram","0.857"
"ENVIRONMENT","Clinical setting with sterile drapes and tray","1","CLINIC","trigram","0.857"
"ENVIRONMENT","Clinical setting with tiled floor and blue linens","1","CLINIC","trigram","0.857"
"ENVIRONMENT","Clinical setting with towel and cabling visible","1","CLINIC","trigram","0.857"
"ENVIRONMENT","Clinical setting with towel and drape covering patient","1","CLINIC","trigram","0.857"
"ENVIRONMENT","Clinical setting with towel drape and equipment cables","1","CLINIC","trigram","0.857"
"ENVIRONMENT","Clinical setting with towel/drape and protective equipment visible","1","CLINIC","trigram","0.857"
"ENVIRONMENT","Clinical setting with towels and drapery","1","CLINIC","trigram","0.857"
"ENVIRONMENT","Clinical setting with towels draping the patient","1","CLINIC","trigram","0.857"
"ENVIRONMENT","Clinical treatment room with medical equipment","1","TREATMENT_ROOM","containment","1.000"
"ENVIRONMENT","Clinical treatment room with medical equipment","1","CLINIC","trigram","0.857"
"ENVIRONMENT","Clinical-looking equipment room","1","CLINIC","trigram","0.857"
"ENVIRONMENT","Clinical-looking room with equipment and disposable draping","1","CLINIC","trigram","0.857"
"ENVIRONMENT","Clinical-style setting suggested by drape and gloves","1","CLINIC","trigram","0.857"
"ENVIRONMENT","Clinical-style setting with drape and surgical light","1","CLINIC","trigram","0.857"
"ENVIRONMENT","Clinical-style setting with towel drape and overhead equipment","1","CLINIC","trigram","0.857"
"ENVIRONMENT","Clinical-style workstation on covered table","1","CLINIC","trigram","0.857"
"ENVIRONMENT","Clinical/lab room setting labeled 'ROOM 4'","1","CLINIC","trigram","0.857"
"ENVIRONMENT","Clinical/lab room with quilted plastic wall covering","1","CLINIC","trigram","0.857"
"ENVIRONMENT","Clinical/medical room setting","1","CLINIC","trigram","0.857"
"ENVIRONMENT","Clinical/medical setting","1","CLINIC","trigram","0.857"
"ENVIRONMENT","Clinical/medical setting with scrub fabric and pillow","1","CLINIC","trigram","0.857"
"ENVIRONMENT","Clinical/operating setting with drapes and padding","1","CLINIC","trigram","0.857"
"ENVIRONMENT","Clinical/operating setting with drapes and padding","1","OPERATING_ROOM","trigram","0.667"
"ENVIRONMENT","Clinical/spa room with sink, tiled walls, folded towels","1","CLINIC","trigram","0.857"
"ENVIRONMENT","Clinical/spa setting with towel draping","1","CLINIC","trigram","0.857"
"ENVIRONMENT","Clinical/surgical setting indicated by attire","1","CLINIC","trigram","0.857"
"ENVIRONMENT","Dark background suggesting clinical setting","1","CLINIC","trigram","0.857"
"ENVIRONMENT","Dental clinic interior with equipment","1","CLINIC","containment","1.000"
"ENVIRONMENT","Dental clinic room with chair, sink, and equipment","1","CLINIC","containment","1.000"
"ENVIRONMENT","Draped clinical counter labeled Room 4","1","CLINIC","trigram","0.857"
"ENVIRONMENT","Indoor clinic lobby with marble floor and certificate wall","1","CLINIC","containment","1.000"
"ENVIRONMENT","Indoor clinic or salon setting with decorative wall","1","CLINIC","containment","1.000"
"ENVIRONMENT","Indoor clinic or spa setting with marble-patterned wall and blue headrest","1","CLINIC","containment","1.000"
"ENVIRONMENT","Indoor clinic room with blinds","1","CLINIC","containment","1.000"
"ENVIRONMENT","Indoor clinic room with frosted glass door","1","CLINIC","containment","1.000"
"ENVIRONMENT","Indoor clinic room with medical equipment","1","CLINIC","containment","1.000"
"ENVIRONMENT","Indoor clinic room with sliding doors and red-striped wall","1","CLINIC","containment","1.000"
"ENVIRONMENT","Indoor clinic room with tiled wall and frosted glass door","1","CLINIC","containment","1.000"
"ENVIRONMENT","Indoor clinic room with wall-mounted controls","1","CLINIC","containment","1.000"
"ENVIRONMENT","Indoor clinic room with white and red paneled wall","1","CLINIC","containment","1.000"
"ENVIRONMENT","Indoor clinic setting","1","CLINIC","containment","1.000"
"ENVIRONMENT","Indoor clinic setting with sliding doors and red-striped wall","1","CLINIC","containment","1.000"
"ENVIRONMENT","Indoor clinic-like room","1","CLINIC","containment","1.000"
"ENVIRONMENT","Indoor clinic-like room with blinds and marble-look flooring","1","CLINIC","containment","1.000"
"ENVIRONMENT","Indoor clinic-like room with blinds and sliding door","1","CLINIC","containment","1.000"
"ENVIRONMENT","Indoor clinic-like room with light walls and red accent","1","CLINIC","containment","1.000"
"ENVIRONMENT","Indoor clinic-like room with tiled/marbled wall and frosted glass door","1","CLINIC","containment","1.000"
"ENVIRONMENT","Indoor clinic-style room with decorative wall panel","1","CLINIC","containment","1.000"
"ENVIRONMENT","Indoor clinic-style room with frosted glass door","1","CLINIC","containment","1.000"
"ENVIRONMENT","Indoor clinic-style room with patterned wall panel","1","CLINIC","containment","1.000"
"ENVIRONMENT","Indoor clinic/salon room with tiled wall and frosted glass door","1","CLINIC","containment","1.000"
"ENVIRONMENT","Indoor clinic/salon room with wall-mounted AC control and metal equipment","1","CLINIC","containment","1.000"
"ENVIRONMENT","Indoor clinic/salon setting","1","CLINIC","containment","1.000"
"ENVIRONMENT","Indoor clinic/spa room","1","CLINIC","containment","1.000"
"ENVIRONMENT","Indoor clinic/spa room with patterned wall panel","1","CLINIC","containment","1.000"
"ENVIRONMENT","Indoor clinic/spa setting with textured wall and reclining chair","1","CLINIC","containment","1.000"
"ENVIRONMENT","Indoor clinic/spa-like room with textured wall and reclining chair","1","CLINIC","containment","1.000"
"ENVIRONMENT","Indoor clinical or bathroom-like setting with cabinets and equipment","1","CLINIC","trigram","0.857"
"ENVIRONMENT","Indoor clinical or salon setting with mirror and tiled floor","1","CLINIC","trigram","0.857"
"ENVIRONMENT","Indoor clinical or spa setting with blinds and neutral walls","1","CLINIC","trigram","0.857"
"ENVIRONMENT","Indoor clinical or spa-like room with white cabinetry and mirror","1","CLINIC","trigram","0.857"
"ENVIRONMENT","Indoor clinical or spa-like room with white walls and a mounted device","1","CLINIC","trigram","0.857"
"ENVIRONMENT","Indoor clinical or spa-like setting with white ceiling and tiled walls","1","CLINIC","trigram","0.857"
"ENVIRONMENT","Indoor clinical room setting","1","CLINIC","trigram","0.857"
"ENVIRONMENT","Indoor clinical room with beige walls and tiled floor","1","CLINIC","trigram","0.857"
"ENVIRONMENT","Indoor clinical room with cart and stool","1","CLINIC","trigram","0.857"
"ENVIRONMENT","Indoor clinical room with equipment","1","CLINIC","trigram","0.857"
"ENVIRONMENT","Indoor clinical room with medical bed","1","CLINIC","trigram","0.857"
"ENVIRONMENT","Indoor clinical room with medical equipment and plain wall","1","CLINIC","trigram","0.857"
"ENVIRONMENT","Indoor clinical room with mirror and supply items","1","CLINIC","trigram","0.857"
"ENVIRONMENT","Indoor clinical room with mirror, cabinetry, and medical supplies","1","CLINIC","trigram","0.857"
"ENVIRONMENT","Indoor clinical room with patterned wallpaper","1","CLINIC","trigram","0.857"
"ENVIRONMENT","Indoor clinical room with patterned wallpaper and cabinetry","1","CLINIC","trigram","0.857"
"ENVIRONMENT","Indoor clinical room with patterned wallpaper, wall clock, and equipment cart","1","CLINIC","trigram","0.857"
"ENVIRONMENT","Indoor clinical room with plain walls and tiled floor","1","CLINIC","trigram","0.857"
"ENVIRONMENT","Indoor clinical room with tiled walls","1","CLINIC","trigram","0.857"
"ENVIRONMENT","Indoor clinical room with white cabinetry","1","CLINIC","trigram","0.857"
"ENVIRONMENT","Indoor clinical room with white cabinetry and red trim","1","CLINIC","trigram","0.857"
"ENVIRONMENT","Indoor clinical room with white cabinets and medical equipment","1","CLINIC","trigram","0.857"
"ENVIRONMENT","Indoor clinical room with white wall and red accent stripe","1","CLINIC","trigram","0.857"
"ENVIRONMENT","Indoor clinical room with white walls and cabinet","1","CLINIC","trigram","0.857"
"ENVIRONMENT","Indoor clinical room with white walls and wardrobe","1","CLINIC","trigram","0.857"
"ENVIRONMENT","Indoor clinical setting implied by dark background and gloved hand","1","CLINIC","trigram","0.857"
"ENVIRONMENT","Indoor clinical setting inferred","1","CLINIC","trigram","0.857"
"ENVIRONMENT","Indoor clinical setting suggested by dark background and equipment","1","CLINIC","trigram","0.857"
"ENVIRONMENT","Indoor clinical setting with a table and overhead light/drape","1","CLINIC","trigram","0.857"
"ENVIRONMENT","Indoor clinical setting with blinds and blue drapery","1","CLINIC","trigram","0.857"
"ENVIRONMENT","Indoor clinical setting with blue drape","1","CLINIC","trigram","0.857"
"ENVIRONMENT","Indoor clinical setting with blue drape and towel","1","CLINIC","trigram","0.857"
"ENVIRONMENT","Indoor clinical setting with blue drape/table covering","1","CLINIC","trigram","0.857"
"ENVIRONMENT","Indoor clinical setting with blue drapes and pillow","1","CLINIC","trigram","0.857"
"ENVIRONMENT","Indoor clinical setting with blue table covering and plain wall","1","CLINIC","trigram","0.857"
"ENVIRONMENT","Indoor clinical setting with chair and drapes","1","CLINIC","trigram","0.857"
"ENVIRONMENT","Indoor clinical setting with dark blue drape/fabric background","1","CLINIC","trigram","0.857"
"ENVIRONMENT","Indoor clinical setting with dark drape visible","1","CLINIC","trigram","0.857"
"ENVIRONMENT","Indoor clinical setting with dark drape/clothing background","1","CLINIC","trigram","0.857"
"ENVIRONMENT","Indoor clinical setting with draped background","1","CLINIC","trigram","0.857"
"ENVIRONMENT","Indoor clinical setting with draped fabric","1","CLINIC","trigram","0.857"
"ENVIRONMENT","Indoor clinical setting with draped surfaces","1","CLINIC","trigram","0.857"
"ENVIRONMENT","Indoor clinical setting with equipment cart","1","CLINIC","trigram","0.857"
"ENVIRONMENT","Indoor clinical setting with medical equipment","1","CLINIC","trigram","0.857"
"ENVIRONMENT","Indoor clinical setting with medical supplies in background","1","CLINIC","trigram","0.857"
"ENVIRONMENT","Indoor clinical setting with overhead equipment","1","CLINIC","trigram","0.857"
"ENVIRONMENT","Indoor clinical setting with plain light-colored background","1","CLINIC","trigram","0.857"
"ENVIRONMENT","Indoor clinical setting with reclined patient chair","1","CLINIC","trigram","0.857"
"ENVIRONMENT","Indoor clinical setting with sterile drape visible","1","CLINIC","trigram","0.857"
"ENVIRONMENT","Indoor clinical setting with striped blinds","1","CLINIC","trigram","0.857"
"ENVIRONMENT","Indoor clinical setting with striped light pattern background","1","CLINIC","trigram","0.857"
"ENVIRONMENT","Indoor clinical setting with towel and drape","1","CLINIC","trigram","0.857"
"ENVIRONMENT","Indoor clinical-looking room","1","CLINIC","trigram","0.857"
"ENVIRONMENT","Indoor clinical-looking room with white and blue walls and equipment","1","CLINIC","trigram","0.857"
"ENVIRONMENT","Indoor clinical-looking room with white walls and equipment","1","CLINIC","trigram","0.857"
"ENVIRONMENT","Indoor clinical-looking setting with white wall and blue linens","1","CLINIC","trigram","0.857"
"ENVIRONMENT","Indoor clinical-style room with light-colored walls","1","CLINIC","trigram","0.857"
"ENVIRONMENT","Indoor clinical-style room with medical equipment in background","1","CLINIC","trigram","0.857"
"ENVIRONMENT","Indoor clinical-style room with wall-mounted device","1","CLINIC","trigram","0.857"
"ENVIRONMENT","Indoor clinical-style room with white walls and red accent stripe","1","CLINIC","trigram","0.857"
"ENVIRONMENT","Indoor clinical-style setting with blue drape material","1","CLINIC","trigram","0.857"
"ENVIRONMENT","Indoor clinical-style setting with draping and equipment","1","CLINIC","trigram","0.857"
"ENVIRONMENT","Indoor clinical-style setting with green/gray background","1","CLINIC","trigram","0.857"
"ENVIRONMENT","Indoor clinical-style setting with medical drape","1","CLINIC","trigram","0.857"
"ENVIRONMENT","Indoor clinical/medical environment with blue drape","1","CLINIC","trigram","0.857"
"ENVIRONMENT","Indoor clinical/medical room with plain walls and equipment","1","CLINIC","trigram","0.857"
"ENVIRONMENT","Indoor clinical/medical setting","1","CLINIC","trigram","0.857"
"ENVIRONMENT","Indoor clinical/medspa room with cabinetry","1","CLINIC","trigram","0.857"
"ENVIRONMENT","Indoor clinical/medspa room with medical cart, instruments tray, door","1","CLINIC","trigram","0.857"
"ENVIRONMENT","Indoor clinical/operating room setting","1","OPERATING_ROOM","containment","1.000"
"ENVIRONMENT","Indoor clinical/operating room setting","1","CLINIC","trigram","0.857"
"ENVIRONMENT","Indoor clinical/salon setting","1","CLINIC","trigram","0.857"
"ENVIRONMENT","Indoor clinical/salon setting with frosted floral glass panel and textured wall","1","CLINIC","trigram","0.857"
"ENVIRONMENT","Indoor clinical/salon-like setting","1","CLINIC","trigram","0.857"
"ENVIRONMENT","Indoor clinical/spa room with mirrored cabinet and adjustable lamp","1","CLINIC","trigram","0.857"
"ENVIRONMENT","Indoor clinical/spa setting with marble wall and blue headrest","1","CLINIC","trigram","0.857"
"ENVIRONMENT","Indoor clinical/spa setting with neutral wall and blue headrest cover","1","CLINIC","trigram","0.857"
"ENVIRONMENT","Indoor clinical/spa-like room with cabinetry","1","CLINIC","trigram","0.857"
"ENVIRONMENT","Indoor clinical/spa-like room with patterned wall and frosted glass panel","1","CLINIC","trigram","0.857"
"ENVIRONMENT","Indoor medical/aesthetic clinic room","1","CLINIC","containment","1.000"
"ENVIRONMENT","Indoor room with floral wallpaper and clinical signage","1","CLINIC","trigram","0.857"
"ENVIRONMENT","Indoor salon or clinic setting with tiled wall and equipment","1","CLINIC","containment","1.000"
"ENVIRONMENT","Indoor salon/clinic-style room","1","CLINIC","containment","1.000"
"ENVIRONMENT","Indoor setting resembling a clinic or salon room","1","CLINIC","containment","1.000"
"ENVIRONMENT","Indoor setting with blue backdrop resembling a clinic or spa","1","CLINIC","containment","1.000"
"ENVIRONMENT","Interior clinic/salon room with equipment","1","CLINIC","containment","1.000"
"ENVIRONMENT","Lab/clinic room with quilted white cloth backdrop and metal equipment","1","CLINIC","containment","1.000"
"ENVIRONMENT","Lab/clinical room labeled 'ROOM 4'","1","CLINIC","trigram","0.857"
"ENVIRONMENT","Marble-floored clinic hallway","1","CLINIC","containment","1.000"
"ENVIRONMENT","Modern clinic reception with wood paneling and marble floor","1","CLINIC","containment","1.000"
"ENVIRONMENT","Modern clinic reception with wood paneling and marble floor","1","RECEPTION","containment","1.000"
"ENVIRONMENT","Modern clinic/spa interior with marble floors and large windows","1","CLINIC","containment","1.000"
"ENVIRONMENT","Modern clinic/spa reception with marble floor and wood paneling","1","RECEPTION","containment","1.000"
"ENVIRONMENT","Modern clinic/spa reception with marble floor and wood paneling","1","CLINIC","containment","1.000"
"ENVIRONMENT","Modern indoor reception with marble floor and windows","1","RECEPTION","containment","1.000"
"ENVIRONMENT","Modern indoor waiting area and reception desk with marble floors","1","RECEPTION","containment","1.000"
"ENVIRONMENT","Modern indoor waiting area and reception desk with marble floors","1","WAITING_AREA","containment","1.000"
"ENVIRONMENT","Modern lobby with wood-slat backlit wall, marble floor, and reception desk","1","RECEPTION","containment","1.000"
"ENVIRONMENT","Modern lounge/reception interior with marble floors and wood paneling","1","RECEPTION","containment","1.000"
"ENVIRONMENT","Modern reception area with marble floor, glass windows, patterned blinds","1","RECEPTION","containment","1.000"
"ENVIRONMENT","Operating room setting","1","OPERATING_ROOM","containment","1.000"
"ENVIRONMENT","Operating room with surgical lighting and drapes","1","OPERATING_ROOM","containment","1.000"
"ENVIRONMENT","Outdoor glass-fronted building entrance","1","OUTDOOR","containment","1.000"
"ENVIRONMENT","Outdoor setting in front of a glass-paneled storefront with reflections of trees and an 'OPEN' sign","1","OUTDOOR","containment","1.000"
"ENVIRONMENT","Outdoor storefront with glass facade, plants, and signage","1","OUTDOOR","containment","1.000"
"ENVIRONMENT","Plain blue-background clinical setting","1","CLINIC","trigram","0.857"
"ENVIRONMENT","Plain clinical room with white walls and cabinetry","1","CLINIC","trigram","0.857"
"ENVIRONMENT","Plain indoor clinical setting with neutral wall","1","CLINIC","trigram","0.857"
"ENVIRONMENT","Plain indoor room with clinical drape","1","CLINIC","trigram","0.857"
"ENVIRONMENT","Plain indoor room, likely clinical setting","1","CLINIC","trigram","0.857"
"ENVIRONMENT","Plain light gray/white indoor background, likely clinical setting","1","CLINIC","trigram","0.857"
"ENVIRONMENT","Plain light-colored background, clinical setting implied","1","CLINIC","trigram","0.857"
"ENVIRONMENT","Plain light-colored background, clinical-style setting","1","CLINIC","trigram","0.857"
"ENVIRONMENT","Plain solid blue backdrop, likely studio or clinical photo setup","1","CLINIC","trigram","0.857"
"ENVIRONMENT","Plain white clinical room with wall switches and equipment","1","CLINIC","trigram","0.857"
"ENVIRONMENT","Plain white clinical room with wardrobe and IV stand","1","CLINIC","trigram","0.857"
"ENVIRONMENT","Plain white indoor wall/door background, likely clinical room","1","CLINIC","trigram","0.857"
"ENVIRONMENT","Plain-walled clinical room with equipment table","1","CLINIC","trigram","0.857"
"ENVIRONMENT","Reception area with wood paneling and marble floor","1","RECEPTION","containment","1.000"
"ENVIRONMENT","Reception area with wood paneling, blinds, marble floor","1","RECEPTION","containment","1.000"
"ENVIRONMENT","Reception desk with wooden paneled wall","1","RECEPTION","containment","1.000"
"ENVIRONMENT","Salon/clinic setting with equipment and reflective surfaces","1","CLINIC","containment","1.000"
"ENVIRONMENT","Salon/clinic setting with textured wall","1","CLINIC","containment","1.000"
"ENVIRONMENT","Salon/clinic style room","1","CLINIC","containment","1.000"
"ENVIRONMENT","Salon/clinic-style setting with blue backdrop","1","CLINIC","containment","1.000"
"ENVIRONMENT","Small clinical room","1","CLINIC","trigram","0.857"
"ENVIRONMENT","Small white-walled clinical room with AC unit","1","CLINIC","trigram","0.857"
"ENVIRONMENT","Solid blue backdrop, likely a studio or clinical photo setting","1","CLINIC","trigram","0.857"
"ENVIRONMENT","Solid blue backdrop, likely a studio/clinical photo setting","1","CLINIC","trigram","0.857"
"ENVIRONMENT","Sterile clinical setting","1","CLINIC","trigram","0.857"
"ENVIRONMENT","Studio-style clinical photo backdrops","1","CLINIC","trigram","0.857"
"ENVIRONMENT","Tiled sink area resembling a salon or clinic","1","CLINIC","containment","1.000"
"RELATIONSHIPS","Clinician actively treating patient in close physical proximity","3","DOCTOR_TREATING_PATIENT","trigram","0.696"
"RELATIONSHIPS","Clinician actively treating patient in close proximity","3","DOCTOR_TREATING_PATIENT","trigram","0.696"
"RELATIONSHIPS","Practitioner treating patient directly","3","DOCTOR_TREATING_PATIENT","trigram","0.739"
"RELATIONSHIPS","Clinician actively treating patient","2","DOCTOR_TREATING_PATIENT","trigram","0.696"
"RELATIONSHIPS","Clinician actively treating the patient","2","DOCTOR_TREATING_PATIENT","trigram","0.615"
"RELATIONSHIPS","Practitioner treating patient","2","DOCTOR_TREATING_PATIENT","trigram","0.696"
"RELATIONSHIPS","Provider actively treating patient","2","DOCTOR_TREATING_PATIENT","trigram","0.696"
"RELATIONSHIPS","Clinician actively treating patient's facial area","1","DOCTOR_TREATING_PATIENT","trigram","0.652"
"RELATIONSHIPS","Clinician directly treating patient in close physical proximity","1","DOCTOR_TREATING_PATIENT","trigram","0.696"
"RELATIONSHIPS","Clinician performing action on patient with assisting hand","1","STAFF_ASSISTING_PATIENT","trigram","0.621"
"RELATIONSHIPS","Clinician treating patient in close proximity","1","DOCTOR_TREATING_PATIENT","trigram","0.696"
"RELATIONSHIPS","Clinician treating patient with assistant present","1","DOCTOR_TREATING_PATIENT","trigram","0.696"
"RELATIONSHIPS","Clinician treating patient with assistant present","1","STAFF_ASSISTING_PATIENT","trigram","0.621"
"RELATIONSHIPS","Clinician-patient interaction with assisting staff","1","STAFF_ASSISTING_DOCTOR","trigram","0.696"
"RELATIONSHIPS","Clinician-patient interaction with assisting staff","1","STAFF_ASSISTING_PATIENT","trigram","0.667"
"RELATIONSHIPS","Clinician-patient interaction, provider actively treating patient","1","DOCTOR_TREATING_PATIENT","trigram","0.696"
"RELATIONSHIPS","Practitioner directly treating patient in close physical proximity","1","DOCTOR_TREATING_PATIENT","trigram","0.696"
"RELATIONSHIPS","Practitioner positioned above and treating patient","1","DOCTOR_TREATING_PATIENT","trigram","0.696"
"RELATIONSHIPS","Provider-patient relationship shown, clinician actively treating patient","1","DOCTOR_TREATING_PATIENT","trigram","0.696"
"TREATMENT_PROCEDURE","No treatment or procedure depicted","2","ACNE_TREATMENT","trigram","0.667"
"TREATMENT_PROCEDURE","FUE procedure with 3000 grafts","1","HAIR_TRANSPLANT_FUE","containment","1.000"
"TREATMENT_PROCEDURE","No treatment or procedure occurring","1","ACNE_TREATMENT","trigram","0.667"
